Principal Component 1,Principal Component 2,Cluster,Cluster_Label
-1.8814883995882972,0.6595656233233717,1,Newer / Developing Customers
-1.0101172679405397,-0.468583824788322,1,Newer / Developing Customers
-0.9654113730714797,-0.9313417171944534,1,Newer / Developing Customers
-0.6279875425908563,0.6518746463273294,1,Newer / Developing Customers
0.15122197335883866,-1.2449690197985996,0,Loyal Established Customers
2.4232112013150178,0.6100616929037589,2,Senior High-Risk Customers
-0.18931593547778852,-0.1547277654704117,1,Newer / Developing Customers
0.7067903594125138,-1.523754150113856,0,Loyal Established Customers
1.4767436819004782,-1.355408712823948,0,Loyal Established Customers
-1.983850873032488,0.6669779579320985,1,Newer / Developing Customers
-1.9533686240777386,0.6543000006941697,1,Newer / Developing Customers
0.20144223299054068,-0.45565114827915726,0,Loyal Established Customers
0.6066092572861419,1.6170443920925583,2,Senior High-Risk Customers
1.2654179860804482,2.0285855368845658,2,Senior High-Risk Customers
-1.663479602281193,0.24594055831775485,1,Newer / Developing Customers
1.3567791191979621,2.21909765966739,2,Senior High-Risk Customers
-0.9448086706126008,0.37064716102776246,1,Newer / Developing Customers
-0.8155511646082063,0.46103364074409303,1,Newer / Developing Customers
0.3853410886866077,-0.5323363584041667,0,Loyal Established Customers
0.06830185801973884,-0.13115660352822278,1,Newer / Developing Customers
-0.7637519088011311,0.6417961654646129,1,Newer / Developing Customers
-2.031970651207397,0.5259653029197847,1,Newer / Developing Customers
0.3564827618832881,-0.7900581011834436,0,Loyal Established Customers
1.1578127887139646,-0.7984766479655151,0,Loyal Established Customers
0.8749681569509125,-0.5041635227566572,0,Loyal Established Customers
-0.7281272910675166,0.5292055069890784,1,Newer / Developing Customers
0.6031190113006593,-0.6354410155701327,0,Loyal Established Customers
-0.4717830823707423,-0.30096422027762826,1,Newer / Developing Customers
1.3718388685848537,2.124634869461392,2,Senior High-Risk Customers
0.5180466481989631,-1.372648273489803,0,Loyal Established Customers
1.0604577859233317,-0.792849612825492,0,Loyal Established Customers
-1.4427606974288238,-0.24757125482601045,1,Newer / Developing Customers
1.0590620116320162,-1.3691986374492207,0,Loyal Established Customers
0.22503305332850326,-0.921947417853888,0,Loyal Established Customers
1.0323103329595082,-1.038783473631503,0,Loyal Established Customers
-1.6440212302718344,0.17371572703824834,1,Newer / Developing Customers
-0.45521806423887146,-1.369431261111294,0,Loyal Established Customers
0.7055362075696751,-0.29525330523568727,0,Loyal Established Customers
2.6876314519340547,0.5140815612139699,2,Senior High-Risk Customers
1.407842991066092,-1.4680880263334342,0,Loyal Established Customers
-0.6895018833351211,0.5347055497585271,1,Newer / Developing Customers
1.1400011659579476,-0.9662485743751547,0,Loyal Established Customers
0.8358605284197274,2.3510821726143467,2,Senior High-Risk Customers
-0.9410539010068665,0.2706527986407976,1,Newer / Developing Customers
0.3310416122601309,-0.05930964678407854,0,Loyal Established Customers
-0.9403919061252995,-0.9552275042828192,1,Newer / Developing Customers
0.8218123482628535,2.367108910647133,2,Senior High-Risk Customers
-0.2822113331406647,0.2742621620853426,1,Newer / Developing Customers
1.3243398356805614,2.1253775769971672,2,Senior High-Risk Customers
-0.6819494265917614,0.036436798381810784,1,Newer / Developing Customers
-1.5759013530438293,0.12684927348761613,1,Newer / Developing Customers
-1.3611469504379983,-0.1365215344218666,1,Newer / Developing Customers
1.7611262125156117,-1.3919685658420107,0,Loyal Established Customers
2.6941900909008005,0.48769364358453166,2,Senior High-Risk Customers
1.0257845663096639,-1.1463340981394279,0,Loyal Established Customers
0.7398879266133269,-1.4856521085675245,0,Loyal Established Customers
1.3485017291972325,-1.4890645562273757,0,Loyal Established Customers
0.12836508987344283,0.23852656790932064,1,Newer / Developing Customers
-1.7871313680169139,0.5919747531369739,1,Newer / Developing Customers
1.6455703176505523,2.040434281110396,2,Senior High-Risk Customers
-0.2516579873454285,-0.2937949966093363,1,Newer / Developing Customers
-0.9554460076061468,0.36922331890488796,1,Newer / Developing Customers
-1.77273829466264,0.2194109936627845,1,Newer / Developing Customers
2.804934990164895,0.5216579115356138,2,Senior High-Risk Customers
-0.6191564623600542,0.4138844884595253,1,Newer / Developing Customers
0.7781151191609277,0.6251736953087162,2,Senior High-Risk Customers
-1.2172765032011004,-0.5745874612760217,1,Newer / Developing Customers
0.05447005739186278,-1.3773382052283525,0,Loyal Established Customers
-1.1643615858052327,-0.42647470647136354,1,Newer / Developing Customers
0.18705218472363105,-1.0292823949572871,0,Loyal Established Customers
-0.668753842992546,0.6403107503930631,1,Newer / Developing Customers
0.3681960717128655,-1.4998689099605254,0,Loyal Established Customers
0.11047369728352979,0.34234081612704087,1,Newer / Developing Customers
0.07824137961888726,0.12876350547885138,1,Newer / Developing Customers
0.6315350987333205,-0.3323067049002555,0,Loyal Established Customers
-1.449518024882511,0.17946578415312192,1,Newer / Developing Customers
0.34954169130634644,-0.2097597584406224,0,Loyal Established Customers
1.169076503829015,-0.9927255440392674,0,Loyal Established Customers
-1.3530002908560586,-0.1608182182366125,1,Newer / Developing Customers
0.28695209503063124,-0.6528174855037061,0,Loyal Established Customers
0.085294848112376,0.12436894305597015,1,Newer / Developing Customers
-0.689748741632406,0.006647798186961144,1,Newer / Developing Customers
0.4861351559381727,2.130484093248502,2,Senior High-Risk Customers
-0.977333371869942,-0.6814747799968099,1,Newer / Developing Customers
0.3013458097626501,-0.22451402323074648,0,Loyal Established Customers
1.1184340874854062,-0.8099588827504224,0,Loyal Established Customers
-0.2529762075780369,0.3155015804959517,1,Newer / Developing Customers
-0.8564448969399165,-0.6772676956714296,1,Newer / Developing Customers
-1.1823339630078045,-0.3879697817456261,1,Newer / Developing Customers
-1.2939023679611532,0.15642876559478205,1,Newer / Developing Customers
-0.3275667289325022,-0.6152002998036915,0,Loyal Established Customers
-0.05852547736140975,0.30677283153402257,1,Newer / Developing Customers
2.6666435734218195,0.6622721306947639,2,Senior High-Risk Customers
-0.4751806248791719,-1.3789255562203282,0,Loyal Established Customers
0.028654853452558353,-1.3263764490499468,0,Loyal Established Customers
0.24926401548504423,-0.09574910431543682,0,Loyal Established Customers
1.3949301013535877,2.179881556817396,2,Senior High-Risk Customers
0.9877715114986799,-1.3437977887528705,0,Loyal Established Customers
-0.543860715072137,0.12638621775072548,1,Newer / Developing Customers
-0.12527523031151264,0.03581588672393098,1,Newer / Developing Customers
-1.3095136171805648,-0.2012155748441587,1,Newer / Developing Customers
-1.437402970447995,-0.13362217364950035,1,Newer / Developing Customers
-1.9090635983830686,0.5760750074747623,1,Newer / Developing Customers
-0.2671515837537732,0.17979937187934458,1,Newer / Developing Customers
0.555654222934849,-1.216771361466535,0,Loyal Established Customers
-0.2620071566425371,-0.5923150963004813,0,Loyal Established Customers
0.4576848088904335,-0.34697891154029775,0,Loyal Established Customers
-0.7678592653876186,-0.6082530932052503,1,Newer / Developing Customers
-0.21921099758961252,0.3577113521003758,1,Newer / Developing Customers
0.1468448056167033,-0.7886695251022177,0,Loyal Established Customers
-1.7287909440522933,0.30297859509129715,1,Newer / Developing Customers
1.9036883848280985,1.3183952304744433,2,Senior High-Risk Customers
-1.1206588678169855,-0.47707753631220057,1,Newer / Developing Customers
1.0872730916374973,1.0850657647871473,2,Senior High-Risk Customers
1.236483212973995,-1.354186606452809,0,Loyal Established Customers
1.33721450086948,-1.1011513468342764,0,Loyal Established Customers
-0.9113924132982105,-0.0599313658952678,1,Newer / Developing Customers
0.6130622440979625,-1.5457831683627845,0,Loyal Established Customers
0.2727988598460172,-0.5340494961448468,0,Loyal Established Customers
0.2309709470246325,-1.090090698031415,0,Loyal Established Customers
-1.8361120431520948,0.25704232717394093,1,Newer / Developing Customers
-0.5737550910731708,0.41475807967410633,1,Newer / Developing Customers
-0.6946415076708256,-0.2616507715934941,1,Newer / Developing Customers
-1.9809704314229197,0.6328071099023157,1,Newer / Developing Customers
-0.42405083428092033,0.444939499216183,1,Newer / Developing Customers
-0.7146068127542867,0.6251239558870988,1,Newer / Developing Customers
-0.6736508847154294,-1.306110363663915,0,Loyal Established Customers
-0.2056050568033969,0.38709718195819015,1,Newer / Developing Customers
1.262998033831162,-1.3520665289129608,0,Loyal Established Customers
0.50684962277646,-0.16230665588329118,0,Loyal Established Customers
0.4062806974602681,-0.09474478410015102,0,Loyal Established Customers
-0.2671529559753535,0.627933883174158,1,Newer / Developing Customers
-1.8702449734398314,0.5409666346828602,1,Newer / Developing Customers
0.855834679655568,-0.9398941945903825,0,Loyal Established Customers
0.24345565678435171,-0.49800462799342887,0,Loyal Established Customers
-1.8172687237742626,0.24811568893349933,1,Newer / Developing Customers
-0.664990751287949,-0.2038261960167297,1,Newer / Developing Customers
1.677409351793902,1.489574760216969,2,Senior High-Risk Customers
2.3137448569700223,0.9274566118741617,2,Senior High-Risk Customers
-1.1687665871775805,-0.42969896533760205,1,Newer / Developing Customers
-0.03285179866351352,0.5467380598116506,1,Newer / Developing Customers
-0.3981282389533684,0.5407607121231566,1,Newer / Developing Customers
-0.8460524046443303,-0.8511688946677857,1,Newer / Developing Customers
-1.8991224239181363,0.33793462162433063,1,Newer / Developing Customers
-0.5737215326454788,0.056752281889336245,1,Newer / Developing Customers
0.3325242212460129,0.0023722475046304495,0,Loyal Established Customers
0.33684230945545385,-1.2397748665401311,0,Loyal Established Customers
-1.0247855072572403,-0.8183797049510313,1,Newer / Developing Customers
-1.294109660707063,-0.4281481308441531,1,Newer / Developing Customers
0.3062497125934358,-0.5187654656478357,0,Loyal Established Customers
-0.4626111834903026,0.3956296278194142,1,Newer / Developing Customers
1.7147212053895822,2.0409365185570896,2,Senior High-Risk Customers
0.5581456567075876,-0.3372564967614108,0,Loyal Established Customers
0.5165768112610094,-1.062443335442652,0,Loyal Established Customers
1.2392471451574352,-0.9035606638502591,0,Loyal Established Customers
0.7824236018193057,2.5199681603276485,2,Senior High-Risk Customers
1.148248693652544,-0.8267445700464436,0,Loyal Established Customers
0.7133389531642708,-1.3858005832778713,0,Loyal Established Customers
-0.5996455001946112,0.4090655802771761,1,Newer / Developing Customers
-0.7711808038323477,0.41453854096134857,1,Newer / Developing Customers
0.7303945530575596,2.4286599212570357,2,Senior High-Risk Customers
0.7432326430545144,-1.4501051895538455,0,Loyal Established Customers
-0.30569688643602877,-1.3492897120170886,0,Loyal Established Customers
-0.4667225417581435,0.5429110200543458,1,Newer / Developing Customers
-1.1387031429542223,0.2879467284973389,1,Newer / Developing Customers
0.36537921415709745,-0.7658979091606075,0,Loyal Established Customers
1.3626633567310522,-1.2741135351941524,0,Loyal Established Customers
0.6940875470076701,-1.4334329799763312,0,Loyal Established Customers
0.3262112362283999,-1.3131395257436134,0,Loyal Established Customers
-1.9499577809144109,0.6368494205385092,1,Newer / Developing Customers
-0.9452987893104043,-0.7397155331079664,1,Newer / Developing Customers
-1.2632929271195112,-0.5121628594515377,1,Newer / Developing Customers
-1.3952108422176193,0.2642253385725227,1,Newer / Developing Customers
-0.3583171684550986,0.48190601687879,1,Newer / Developing Customers
-0.25676748380739217,-0.3278208375090939,1,Newer / Developing Customers
2.7819719201700175,0.3441469316189045,2,Senior High-Risk Customers
-0.599203946934743,0.5877202680339826,1,Newer / Developing Customers
-0.6746568060394028,0.002313721491006414,1,Newer / Developing Customers
-0.4876635227533843,0.5534539570451434,1,Newer / Developing Customers
-0.5016733417070348,-1.3569958922386878,0,Loyal Established Customers
-0.3409271836430133,0.3316061332048734,1,Newer / Developing Customers
-1.1146418903977504,-0.6927397354696804,1,Newer / Developing Customers
-0.7391782707992831,-1.2388668536570822,0,Loyal Established Customers
-0.4509987391573143,-1.4496338400174895,0,Loyal Established Customers
-0.5631067171940509,2.5571065401301802,2,Senior High-Risk Customers
0.15357342145456485,0.5434274053121811,1,Newer / Developing Customers
0.9486702169843295,2.517368683952436,2,Senior High-Risk Customers
-0.2605540341526513,-0.4920964607168869,0,Loyal Established Customers
-0.6588736993694903,2.564824809084896,2,Senior High-Risk Customers
2.3572422619712956,0.49865051515378567,2,Senior High-Risk Customers
1.4502281749325214,-1.1334615347163897,0,Loyal Established Customers
0.8645258189424031,-1.2939372694470859,0,Loyal Established Customers
2.4717405586195444,0.8807549320127164,2,Senior High-Risk Customers
1.061382682516057,1.0793732653902168,2,Senior High-Risk Customers
1.8805205746556481,1.6546287988379167,2,Senior High-Risk Customers
0.2283845075711124,-1.2235631814181047,0,Loyal Established Customers
2.315669705326563,0.9437259382722704,2,Senior High-Risk Customers
0.9254385380910355,-1.3732132651471192,0,Loyal Established Customers
0.5633524129752718,2.499489976572169,2,Senior High-Risk Customers
1.7394709718599692,-1.2978117099820015,0,Loyal Established Customers
0.7875463417425934,-1.244537155943863,0,Loyal Established Customers
-1.9565532721831618,0.6365434861925207,1,Newer / Developing Customers
-1.935772359523685,0.6082101446896934,1,Newer / Developing Customers
-1.9403641993569942,0.6265806013245524,1,Newer / Developing Customers
2.250124462259143,0.478184803663633,2,Senior High-Risk Customers
-0.6503291812043269,0.39205177331130203,1,Newer / Developing Customers
-0.21096278378422598,0.2731481007816801,1,Newer / Developing Customers
-1.5247459461674588,0.05991377126800447,1,Newer / Developing Customers
-0.5341223897952214,-1.33630047400618,0,Loyal Established Customers
-1.8581629063056049,0.3088901019972466,1,Newer / Developing Customers
-0.7960402024427634,0.456214732561744,1,Newer / Developing Customers
-1.0635569389841226,0.5965711855146069,1,Newer / Developing Customers
-0.15900983839126662,0.4907147300744827,1,Newer / Developing Customers
-1.7039976721640175,0.314299902660241,1,Newer / Developing Customers
0.14503876092982007,-0.9869289152430153,0,Loyal Established Customers
-1.9124744415463963,0.5935255876304227,1,Newer / Developing Customers
0.7667731353215317,-0.6584175484015461,0,Loyal Established Customers
-0.7387556198514097,-0.44042817480403057,1,Newer / Developing Customers
0.6879308645556262,-0.35881520397588645,0,Loyal Established Customers
0.38595110263144516,-0.0021722557432483566,0,Loyal Established Customers
-1.1999064337049514,-0.5854702226231886,1,Newer / Developing Customers
-0.015638366949177467,-0.6022713842845797,0,Loyal Established Customers
-0.8794938982875499,-0.8067271539828131,1,Newer / Developing Customers
3.0208215309035054,0.5243795807894441,2,Senior High-Risk Customers
-1.4492773856186725,-0.24547012458925993,1,Newer / Developing Customers
0.16248334949731466,-0.7170901653674392,0,Loyal Established Customers
-0.64587526871566,0.6103611101398796,1,Newer / Developing Customers
-0.1038829314856179,0.08951213658720858,1,Newer / Developing Customers
0.05345153828456281,-1.0028940803271262,0,Loyal Established Customers
0.5787132694974715,-1.2516533876205744,0,Loyal Established Customers
-0.46627025717249576,0.3331569676983223,1,Newer / Developing Customers
0.6251385864347092,-0.9603301497010076,0,Loyal Established Customers
-0.26055746470660235,0.6282398175201466,1,Newer / Developing Customers
-0.115087645536314,-0.6904298512366785,0,Loyal Established Customers
-0.5209864933711505,0.46583161755011876,1,Newer / Developing Customers
-0.6664485294115883,0.29476996801733374,1,Newer / Developing Customers
-0.2561139581664661,0.16009743350430633,1,Newer / Developing Customers
-1.0248330908850247,-0.4566648168136283,1,Newer / Developing Customers
0.550059569570336,-0.9071046078729051,0,Loyal Established Customers
-1.5557880831719637,0.09440820192669633,1,Newer / Developing Customers
-1.6291173437865853,0.6617234821818329,1,Newer / Developing Customers
0.9907408014021396,-1.5399030566653373,0,Loyal Established Customers
1.472504441502985,-1.1357890115910028,0,Loyal Established Customers
0.49919058389602666,-1.3280456055888672,0,Loyal Established Customers
-0.7630607528008173,0.4522395822033583,1,Newer / Developing Customers
-1.336924951758065,0.6329521413922636,1,Newer / Developing Customers
-1.641654934185587,0.22929987815175887,1,Newer / Developing Customers
-1.729402725846303,0.21794787026752943,1,Newer / Developing Customers
-0.4492534732229524,0.3450922174004762,1,Newer / Developing Customers
0.4415305747669452,-0.6630548851492378,0,Loyal Established Customers
-0.4035045090285534,0.11809424197858281,1,Newer / Developing Customers
0.9320655294551079,-1.0587113616436807,0,Loyal Established Customers
0.08232624431970645,0.09640695532103023,1,Newer / Developing Customers
1.0464850230244545,-0.6790140093674889,0,Loyal Established Customers
-1.0322654164701923,0.4364138369201407,1,Newer / Developing Customers
-0.2278749124655903,-0.6521721481619936,0,Loyal Established Customers
-0.35703535032486305,-1.3531601616811948,0,Loyal Established Customers
0.898927383698978,-1.5206611270921382,0,Loyal Established Customers
0.7888765886311261,-0.6428594001276943,0,Loyal Established Customers
-1.9520986735837047,0.6307855673736915,1,Newer / Developing Customers
-0.8757641290994868,-0.31784980877597246,1,Newer / Developing Customers
0.6961787977168091,-0.3934524717318902,0,Loyal Established Customers
-0.5872952872255827,0.1174951655415652,1,Newer / Developing Customers
0.3772543154385657,-0.8781172138682545,0,Loyal Established Customers
-1.180482992344865,0.14844525517688828,1,Newer / Developing Customers
-0.8055277201004678,0.03646655476133846,1,Newer / Developing Customers
2.275806533306245,1.0518690423333432,2,Senior High-Risk Customers
-0.7591351835335391,-0.018373115784406542,1,Newer / Developing Customers
-1.2062995237727043,-0.37739295474444773,1,Newer / Developing Customers
-1.0691592985870506,0.34845167306874675,1,Newer / Developing Customers
-0.4015712683228079,0.46808257876877374,1,Newer / Developing Customers
-1.7716284125043704,0.17810615583027647,1,Newer / Developing Customers
-0.38100091108976314,-1.3425833346800167,0,Loyal Established Customers
-0.010366507907920878,-0.24764841198314907,1,Newer / Developing Customers
-1.2285657898612241,0.4855275150592974,1,Newer / Developing Customers
0.3058067871119872,-0.24928564210982868,0,Loyal Established Customers
-0.06907460743880905,-0.6574526522186845,0,Loyal Established Customers
-1.3543115060161992,-0.3370842531708532,1,Newer / Developing Customers
0.5783071963180278,-0.9554797121071402,0,Loyal Established Customers
0.19956803959809716,-1.025470260987394,0,Loyal Established Customers
0.12240751898514865,-0.6941433889155535,0,Loyal Established Customers
-1.0583033849134504,-0.5977535904811772,1,Newer / Developing Customers
0.2602332886750252,-0.45634086382335187,0,Loyal Established Customers
0.9291592548188866,2.522187592134785,2,Senior High-Risk Customers
-0.7658928014704252,0.6357323122997952,1,Newer / Developing Customers
-0.4492863455398542,0.4790307595378395,1,Newer / Developing Customers
-0.4603330495871568,0.3890809431682021,1,Newer / Developing Customers
1.7042700504026569,-1.5393510083651307,0,Loyal Established Customers
1.5319231710020111,0.5341677967140052,2,Senior High-Risk Customers
-0.5556981412611718,-1.463803809210838,0,Loyal Established Customers
1.1292661194415352,-1.1579381044423078,0,Loyal Established Customers
-1.4435884085521988,-0.26946938939613263,1,Newer / Developing Customers
1.6885986342051438,-1.4769918259625456,0,Loyal Established Customers
1.9596509897397412,1.4469510540340884,2,Senior High-Risk Customers
-1.6936270032535314,0.06642297857970375,1,Newer / Developing Customers
2.8782483288218415,0.6528660936189588,2,Senior High-Risk Customers
1.5684405366857646,1.9576284891988576,2,Senior High-Risk Customers
0.48288543423314034,-0.5998643401769261,0,Loyal Established Customers
2.3380213891550223,1.0392073268228745,2,Senior High-Risk Customers
-1.0110238268758627,0.5320454534533722,1,Newer / Developing Customers
2.7274996304826717,0.8350592683874575,2,Senior High-Risk Customers
0.27545173417610047,-0.08487873822250669,0,Loyal Established Customers
-0.12103598991401912,-0.1838038145090141,1,Newer / Developing Customers
-0.9429843972694512,-0.9756045607390201,1,Newer / Developing Customers
-1.0888268985343066,-0.7848561014979674,1,Newer / Developing Customers
0.779510786429055,-1.0747775770159795,0,Loyal Established Customers
-0.8990411633238458,0.45236657457393276,1,Newer / Developing Customers
-0.38603777946993656,0.6424031898296253,1,Newer / Developing Customers
-1.3358811963219357,0.644644802729095,1,Newer / Developing Customers
-0.730479425274033,-1.0351236624742959,0,Loyal Established Customers
-0.682162040350564,-1.073694006621932,0,Loyal Established Customers
-0.8189099805858571,-0.5232000767051878,1,Newer / Developing Customers
-1.4162495430367663,-0.10012339288099154,1,Newer / Developing Customers
-0.29698531359589586,0.25127478889611315,1,Newer / Developing Customers
-0.4764505753732057,-1.3554111228998498,0,Loyal Established Customers
-1.5007803854025585,0.04933694426682617,1,Newer / Developing Customers
2.1011050191272798,1.2089630144425256,2,Senior High-Risk Customers
0.4460627559799578,1.0330945914633543,2,Senior High-Risk Customers
1.188479087435955,2.5018333742899146,2,Senior High-Risk Customers
-0.28417009081944317,-0.41193697738021406,1,Newer / Developing Customers
2.2230372494934345,1.2248627601047373,2,Senior High-Risk Customers
-0.6687195984540638,0.0582376969608862,1,Newer / Developing Customers
-0.2470396861034881,0.5954928116132383,1,Newer / Developing Customers
0.8764478177408656,-1.543804206644729,0,Loyal Established Customers
1.0910700926643324,0.9108586314448028,2,Senior High-Risk Customers
0.8075095884936841,-1.4591101164822355,0,Loyal Established Customers
-0.41261728625932026,0.15406550675172961,1,Newer / Developing Customers
-0.8780491681468693,-1.0402275287913016,0,Loyal Established Customers
0.9069565281042463,-0.6488238990252242,0,Loyal Established Customers
-1.9007272223945808,0.5536445919207891,1,Newer / Developing Customers
-1.61086279554912,0.5600155850534653,1,Newer / Developing Customers
1.1118728110986873,2.388998354417067,2,Senior High-Risk Customers
0.3034901329858954,-1.3387864483029626,0,Loyal Established Customers
-1.2253462111065283,-0.302856279518637,1,Newer / Developing Customers
2.110829182524465,1.2550213410354838,2,Senior High-Risk Customers
-1.926659862937122,0.6221648634792386,1,Newer / Developing Customers
-0.14330289738028348,-0.12175056645241764,1,Newer / Developing Customers
0.5952499352311552,-1.4894878391250175,0,Loyal Established Customers
-0.3063641783290938,-0.32546183122296285,1,Newer / Developing Customers
1.3872305390915844,-1.0882452699264944,0,Loyal Established Customers
-1.364907578343638,-0.1387276270390087,1,Newer / Developing Customers
1.3292118178728431,-1.0653303100437566,0,Loyal Established Customers
0.15084602805313585,-0.18646486383290203,0,Loyal Established Customers
1.7112702426292712,-1.3870842382377628,0,Loyal Established Customers
-1.647177883172258,0.6380955711428477,1,Newer / Developing Customers
0.45295544979513636,-1.2377219044430818,0,Loyal Established Customers
0.6383027618851959,-1.1507536174498807,0,Loyal Established Customers
0.9840073827887464,-1.3035291975478893,0,Loyal Established Customers
1.4706346215310644,1.7248750654000906,2,Senior High-Risk Customers
-0.725954212192111,0.6253980736639395,1,Newer / Developing Customers
-1.2158636635671707,0.6192736005691793,1,Newer / Developing Customers
-0.9683806629749393,-0.7352364492819865,1,Newer / Developing Customers
1.6266605971845767,-1.2400309656726842,0,Loyal Established Customers
1.2208231694800062,-0.8793689424159048,0,Loyal Established Customers
0.857967866086447,-1.4916166074650543,0,Loyal Established Customers
1.8230910986122026,1.5051031521112932,2,Senior High-Risk Customers
0.8260830887556684,2.4616851785716376,2,Senior High-Risk Customers
-0.7152161405883342,-0.12910740242122645,1,Newer / Developing Customers
2.489336823173598,0.83466507600824,2,Senior High-Risk Customers
-0.9916739700515202,-0.2944322144458182,1,Newer / Developing Customers
-0.17937842747796523,-0.247540366915673,1,Newer / Developing Customers
-0.8157357831620097,-0.16696080565340105,1,Newer / Developing Customers
1.1422144329986792,2.4843347358376455,2,Senior High-Risk Customers
1.1043872795501128,-1.24206665601245,0,Loyal Established Customers
-1.2676012507581662,0.6155687536904927,1,Newer / Developing Customers
-1.9566905134170138,0.6491560240085505,1,Newer / Developing Customers
-0.5996646238695957,0.46375530999792336,1,Newer / Developing Customers
-0.8803250399648764,0.29171098968409803,1,Newer / Developing Customers
1.916390511122152,1.4521413159843248,2,Senior High-Risk Customers
-0.7644195515887423,0.6376884354065205,1,Newer / Developing Customers
-0.7484337781502235,0.6022549941113488,1,Newer / Developing Customers
-0.32460086958299367,0.3090307105208752,1,Newer / Developing Customers
0.46998223422662366,-0.3651936618117954,0,Loyal Established Customers
-0.0621034089881265,-0.47542051450924233,0,Loyal Established Customers
2.9791842883265556,0.4832373983698818,2,Senior High-Risk Customers
-0.09477084036564136,0.27760812746146857,1,Newer / Developing Customers
0.08065909111639202,0.3591265034230621,1,Newer / Developing Customers
0.6040865271708499,2.420925158996392,2,Senior High-Risk Customers
0.8047563429029782,-1.2732103218030595,0,Loyal Established Customers
-0.3547343893198049,-1.3293059040043473,0,Loyal Established Customers
2.2985243531365764,1.2281962532155364,2,Senior High-Risk Customers
-0.869810999556472,-0.9604492956445739,0,Loyal Established Customers
-1.3358811963219357,0.644644802729095,1,Newer / Developing Customers
-0.5271276864549287,0.6085043413004422,1,Newer / Developing Customers
1.7261893649614057,-1.3735326897852524,0,Loyal Established Customers
-0.3884269026580962,0.5564160963880553,1,Newer / Developing Customers
-0.418553807733869,-0.12592572436555693,1,Newer / Developing Customers
-0.47430876068196315,-0.598406031550575,1,Newer / Developing Customers
-1.1392868289928537,-0.2542891156576433,1,Newer / Developing Customers
-0.7979157680567874,0.33453013114832075,1,Newer / Developing Customers
-0.7211554065060438,0.4871703890511138,1,Newer / Developing Customers
-0.4469726396096912,0.4672089875541926,1,Newer / Developing Customers
-0.3405517571052857,0.5632583201310193,1,Newer / Developing Customers
-0.2747888168593283,0.52053348664886,1,Newer / Developing Customers
0.3414223263856063,-0.4715280553300389,0,Loyal Established Customers
1.45631724607899,2.145321706736805,2,Senior High-Risk Customers
-1.940622695604398,0.5187318654514639,1,Newer / Developing Customers
-1.18016362857556,0.604491807518862,1,Newer / Developing Customers
-1.916398638592094,0.6160037743233742,1,Newer / Developing Customers
0.04921092566548896,-0.33513986779936755,0,Loyal Established Customers
-1.061288164185176,0.5302967296814108,1,Newer / Developing Customers
0.7518714244928819,0.6422992069611068,2,Senior High-Risk Customers
-1.954412379513868,0.6426073393573384,1,Newer / Developing Customers
-0.44313309364176146,0.5247492617744286,1,Newer / Developing Customers
-0.7400023923489848,0.6414248116967255,1,Newer / Developing Customers
-1.7529883925141876,0.14370896116263135,1,Newer / Developing Customers
0.17801615223939563,-0.31870229865918104,0,Loyal Established Customers
-0.7525407838421648,0.38014134629370333,1,Newer / Developing Customers
-1.7161120404877437,0.4033206048154565,1,Newer / Developing Customers
1.8457975457390101,1.2689718813591677,2,Senior High-Risk Customers
-1.3978062451477467,0.07402821746151231,1,Newer / Developing Customers
0.20761402798298947,-0.10121525707450474,0,Loyal Established Customers
-0.40372220620709126,0.6263602100693791,1,Newer / Developing Customers
1.0234668507379476,2.486191504677083,2,Senior High-Risk Customers
-0.5591274303117868,0.34070623593469,1,Newer / Developing Customers
1.3722267656816824,-1.021778357465817,0,Loyal Established Customers
0.18898405320779615,-0.23115954687228268,0,Loyal Established Customers
-0.7868152310482176,-1.0014443526578702,0,Loyal Established Customers
-1.715802362715789,0.09520726155854484,1,Newer / Developing Customers
0.3624934354174413,2.312176803602298,2,Senior High-Risk Customers
0.2975578871958105,0.059344864856273764,1,Newer / Developing Customers
-1.9350818896341617,0.6427208170758453,1,Newer / Developing Customers
-0.6852941430329489,0.0008898793681319656,1,Newer / Developing Customers
0.7734423731833007,2.338273331697612,2,Senior High-Risk Customers
0.4549308771889373,0.06298813878628495,0,Loyal Established Customers
1.46870812658694,-1.1856491338960646,0,Loyal Established Customers
-1.3469638680238472,0.5569669402342297,1,Newer / Developing Customers
1.6567710174983645,-1.5386083008293556,0,Loyal Established Customers
1.2308153180080845,0.6463957922218405,2,Senior High-Risk Customers
0.9131027598747142,-1.384958918475531,0,Loyal Established Customers
-0.5521471534011086,0.6323901283888078,1,Newer / Developing Customers
1.2601048472964886,-1.282219651222683,0,Loyal Established Customers
0.9357736821880517,-1.0709840751033415,0,Loyal Established Customers
-0.29556972951880517,0.5488668281516876,1,Newer / Developing Customers
0.16201018115873717,-1.2628679393020505,0,Loyal Established Customers
1.13852020983785,-1.5259909635213695,0,Loyal Established Customers
0.32406133534945286,-0.35099353923819643,0,Loyal Established Customers
-0.08344457304696713,-0.30441193397912786,1,Newer / Developing Customers
0.2689085845776198,-0.9904358728431898,0,Loyal Established Customers
-1.3405736897420701,0.17906960770067923,1,Newer / Developing Customers
-1.0502377936727636,0.4749187616458781,1,Newer / Developing Customers
0.6351174276689825,-0.9444428763041227,0,Loyal Established Customers
-1.162671369588848,0.3162171815865277,1,Newer / Developing Customers
1.5761929604876146,-1.267250245871849,0,Loyal Established Customers
-0.7756816138380085,0.3338768366227673,1,Newer / Developing Customers
-2.005907428825088,0.5137721771682504,1,Newer / Developing Customers
-1.8138401291575303,0.624109890351905,1,Newer / Developing Customers
1.4805832278684083,-1.2978684386037118,0,Loyal Established Customers
-0.5315822850543858,0.6142622601192713,1,Newer / Developing Customers
0.13064362924317524,0.0578366111733938,1,Newer / Developing Customers
2.670440574448654,0.4880649973524191,2,Senior High-Risk Customers
0.8979865359746136,2.500354876986562,2,Senior High-Risk Customers
-0.7665556414825049,-0.936846207290144,0,Loyal Established Customers
-0.2909024724274997,0.6283052369420454,1,Newer / Developing Customers
-0.44103543202435214,0.5231329630240724,1,Newer / Developing Customers
-1.954196335201114,0.6324018661240476,1,Newer / Developing Customers
-0.4312579923602932,0.4125299570667814,1,Newer / Developing Customers
1.6659121023942727,-1.3802776775371701,0,Loyal Established Customers
-1.7745970162970397,0.15014416809533657,1,Newer / Developing Customers
-0.39102435559750176,-0.9180162486972615,0,Loyal Established Customers
1.2138397811144261,2.2667383501653156,2,Senior High-Risk Customers
2.43227708102879,0.7117380606206085,2,Senior High-Risk Customers
-0.8194753616539039,0.4835118274370445,1,Newer / Developing Customers
-1.863516022385726,0.6210606985976342,1,Newer / Developing Customers
0.7888752164095458,-0.19472488883288097,0,Loyal Established Customers
-0.17294972897324212,0.4706117913951225,1,Newer / Developing Customers
-1.4575953240429658,-0.05366218310862759,1,Newer / Developing Customers
-0.846045789983292,0.10482589910382457,1,Newer / Developing Customers
-0.3332858338727168,-1.3535315154490823,0,Loyal Established Customers
-0.9003195061670848,0.1421619975023286,1,Newer / Developing Customers
1.0255028693096992,-1.348352991234086,0,Loyal Established Customers
-1.7233198846779065,0.5949783183134618,1,Newer / Developing Customers
-0.6026147900980708,0.6051708481896431,1,Newer / Developing Customers
3.1193676811092703,0.49283104774620373,2,Senior High-Risk Customers
1.546786668251702,1.6036508337640536,2,Senior High-Risk Customers
0.9377520811774698,2.1310133029373786,2,Senior High-Risk Customers
-1.7886312264490063,0.652016355087004,1,Newer / Developing Customers
2.3602094935423845,0.974747014183539,2,Senior High-Risk Customers
-0.8809897023981687,0.36634273086824226,1,Newer / Developing Customers
-0.4900204597354324,0.5575955771136167,1,Newer / Developing Customers
1.0418191381547293,-1.2065869294526606,0,Loyal Established Customers
-0.26270400528194093,-0.6078120686263802,0,Loyal Established Customers
-0.3969511125012648,-1.3124229807172796,0,Loyal Established Customers
1.0116874303034251,-0.32045796067442556,0,Loyal Established Customers
-0.6369667128944907,-0.20202194924492756,1,Newer / Developing Customers
-1.058558141323974,0.3109928592165125,1,Newer / Developing Customers
-1.8373819936461282,0.28055676049441913,1,Newer / Developing Customers
-0.15095423002230182,-0.7297032501185042,0,Loyal Established Customers
-1.2588319945032196,0.4879999990639355,1,Newer / Developing Customers
1.6322672558716569,1.486175847684271,2,Senior High-Risk Customers
1.4420221925482357,-1.1231110543530738,0,Loyal Established Customers
0.5999879138281138,2.532530521570829,2,Senior High-Risk Customers
0.31107635190971505,-0.19746939669804126,0,Loyal Established Customers
-0.2115737644840573,0.01697723733086043,1,Newer / Developing Customers
0.40124915062360134,-0.9683853920141993,0,Loyal Established Customers
2.1255470638013203,0.5709005661185703,2,Senior High-Risk Customers
1.5178448302845786,-1.5360403538656617,0,Loyal Established Customers
-0.8985845947306416,-0.03570192442209468,1,Newer / Developing Customers
-0.41048066927449006,-1.5179931843599754,0,Loyal Established Customers
-0.3257066798095674,0.03086649186349845,1,Newer / Developing Customers
-1.5186687976381528,0.23189066372678302,1,Newer / Developing Customers
-1.1439827529669393,0.40047196755097453,1,Newer / Developing Customers
0.8331902873192052,-0.4372913665177117,0,Loyal Established Customers
-0.3205446011517193,2.355671435788483,2,Senior High-Risk Customers
-0.17298054295777326,-0.06765143340973429,1,Newer / Developing Customers
0.13178574234060195,-0.9182739905436262,0,Loyal Established Customers
-0.9524739732595262,-0.7231509715972054,1,Newer / Developing Customers
-0.720920132988144,0.5616150491384801,1,Newer / Developing Customers
0.6487568972264401,2.5082733807145763,2,Senior High-Risk Customers
0.8023068749837324,0.5793897736502284,2,Senior High-Risk Customers
-0.6377951101286563,0.00014717183235699038,1,Newer / Developing Customers
0.32199860438131617,-1.155517549567424,0,Loyal Established Customers
2.8648879188443757,0.5747380492329681,2,Senior High-Risk Customers
-1.1231793036887483,0.6296099574812762,1,Newer / Developing Customers
0.1870585187404657,-0.023361617622984533,1,Newer / Developing Customers
0.3232651243213988,-0.058695704650868534,0,Loyal Established Customers
-1.6142785302573595,0.20127247099492,1,Newer / Developing Customers
-0.12041455853261185,-0.26611570760833214,1,Newer / Developing Customers
-0.6100381962429654,-1.4146248214928758,0,Loyal Established Customers
-0.5663354782547178,-1.4652276513337128,0,Loyal Established Customers
1.1065505938547324,-1.0314585884348577,0,Loyal Established Customers
-1.683442162921494,0.23644626320872078,1,Newer / Developing Customers
0.5617990824837366,-1.5047718696220285,0,Loyal Established Customers
-0.5201532933614532,-1.304808293059013,0,Loyal Established Customers
2.2533269673481326,1.0287259627807523,2,Senior High-Risk Customers
-0.506143474407803,0.6056415562248184,1,Newer / Developing Customers
1.9730007131244727,0.8885533611383536,2,Senior High-Risk Customers
0.001955839272505311,0.023840526653163836,1,Newer / Developing Customers
-0.24057909709201436,-0.11371646672965552,1,Newer / Developing Customers
-0.12274942885990825,-0.9598997783526276,0,Loyal Established Customers
-0.738732441854951,0.6179103783762473,1,Newer / Developing Customers
0.13427011125267038,0.20432182986915712,1,Newer / Developing Customers
1.2425750285636248,1.0283276124107592,2,Senior High-Risk Customers
-1.0436093853540656,-0.6836483235400521,1,Newer / Developing Customers
0.3357400336288069,2.0627908678626103,2,Senior High-Risk Customers
-0.5313846783058266,0.4346792609593211,1,Newer / Developing Customers
-0.8184596757591449,-0.9393277586206074,0,Loyal Established Customers
0.24643539736938724,-1.0325926524560336,0,Loyal Established Customers
0.7515546898204564,-1.0298796740023914,0,Loyal Established Customers
1.456833711416262,-1.2974970848358243,0,Loyal Established Customers
0.23057669251128082,0.2504369949269193,1,Newer / Developing Customers
-0.23090231101478104,-0.7082651243502214,0,Loyal Established Customers
-1.8021106614591198,0.1907841130682053,1,Newer / Developing Customers
-1.8614847956448801,0.3037461253116274,1,Newer / Developing Customers
-0.7962002707785277,0.4384243280497144,1,Newer / Developing Customers
1.2001939328070885,-1.1669642067931305,0,Loyal Established Customers
-0.730285935190215,0.12969687225019466,1,Newer / Developing Customers
-1.496856188356861,0.02685875757387472,1,Newer / Developing Customers
-0.21372470236834076,0.17525486863146572,1,Newer / Developing Customers
1.2214348362906278,-0.8472653346124919,0,Loyal Established Customers
0.089783005139525,-0.2393947735476291,0,Loyal Established Customers
-0.916661291985148,-0.33581486695446194,1,Newer / Developing Customers
0.8485681436001028,0.692290212944975,2,Senior High-Risk Customers
1.8883926758125167,1.5624806162404818,2,Senior High-Risk Customers
1.5399566759433787,-1.1867631951997273,0,Loyal Established Customers
1.7107558356243704,1.3835327863926465,2,Senior High-Risk Customers
0.319376907385372,-1.1872838482914319,0,Loyal Established Customers
-0.8706202731156529,-0.8129699042880367,1,Newer / Developing Customers
-0.4395566932563476,-1.2674489590484561,0,Loyal Established Customers
0.6920173758440293,2.5030831187643394,2,Senior High-Risk Customers
-0.47395719825148436,-1.2010251421573008,0,Loyal Established Customers
-1.1823101691508984,-0.631560078627665,1,Newer / Developing Customers
2.0643759633886716,0.5952549429658703,2,Senior High-Risk Customers
1.3525462897087386,1.397120553905538,2,Senior High-Risk Customers
-1.0991808706069466,0.4850945883427345,1,Newer / Developing Customers
0.5034986107732833,1.1636065381297245,2,Senior High-Risk Customers
-0.22753167213397416,-0.5106486747458914,0,Loyal Established Customers
0.918703747256062,-0.6887048947348576,0,Loyal Established Customers
0.9704433927794283,-1.3572018147983913,0,Loyal Established Customers
2.809968383258072,0.681942142657561,2,Senior High-Risk Customers
0.2627489217712568,0.00544243191501826,1,Newer / Developing Customers
1.757429215737658,0.6886901773445298,2,Senior High-Risk Customers
-1.8518100679000176,0.3813992346332816,1,Newer / Developing Customers
3.0504328376829943,0.4821233370662193,2,Senior High-Risk Customers
-1.9304468187489676,0.6320305123561601,1,Newer / Developing Customers
-1.7463872086063468,0.3490684510957736,1,Newer / Developing Customers
-0.25528693315388096,0.4060628237218354,1,Newer / Developing Customers
1.1620627604372378,-1.4065050893112905,0,Loyal Established Customers
0.6445197151613172,2.055691315005301,2,Senior High-Risk Customers
-0.3562103836446485,-0.4349930045214458,1,Newer / Developing Customers
1.4554148038084085,1.801547451094059,2,Senior High-Risk Customers
0.5922776649733764,-1.3721220424547866,0,Loyal Established Customers
-1.823541465452803,0.6084545060870065,1,Newer / Developing Customers
-1.002785658285465,0.6118236866000996,1,Newer / Developing Customers
0.2792862736157306,-0.4564592752368311,0,Loyal Established Customers
-0.41284337578706337,0.32861246445044345,1,Newer / Developing Customers
-0.6048874351148948,-1.180818512338399,0,Loyal Established Customers
-0.47793935935619963,0.5995122836381017,1,Newer / Developing Customers
-0.7164682340988022,0.42719167551472215,1,Newer / Developing Customers
-0.09876270369787477,-0.26487076262586357,1,Newer / Developing Customers
-0.32883123527325975,-1.3592894342679116,0,Loyal Established Customers
0.1825973054799704,-0.9735984925757658,0,Loyal Established Customers
0.12344082373970197,-0.3439679710285846,0,Loyal Established Customers
-1.8059684236282538,0.5289605742968075,1,Newer / Developing Customers
2.3888231877236055,1.098298325693466,2,Senior High-Risk Customers
-0.7067347115974182,0.532975773289664,1,Newer / Developing Customers
-0.07877662984487162,-0.44904078083617643,0,Loyal Established Customers
1.0365824456739032,-1.3923417170018115,0,Loyal Established Customers
0.8944181366110663,-0.9101073644282461,0,Loyal Established Customers
-1.1254574375918942,0.6361586421324884,1,Newer / Developing Customers
0.6539634467569296,-0.8247040597396355,0,Loyal Established Customers
-0.5267112462174093,-1.5024876310769812,0,Loyal Established Customers
0.2734777515950627,1.6521374620963263,2,Senior High-Risk Customers
0.39843855683432533,-0.3063552082948892,0,Loyal Established Customers
-0.5307163494074252,0.2147197353700068,1,Newer / Developing Customers
0.09420065949038442,0.20825490626078988,1,Newer / Developing Customers
-0.37761341379632285,-0.10028051427189369,1,Newer / Developing Customers
-0.6486357703451489,-0.9606011106997036,0,Loyal Established Customers
1.6540698734297066,-1.4019969149668863,0,Loyal Established Customers
-0.9550698949576288,0.3768082501836269,1,Newer / Developing Customers
-1.8636494821710805,0.5412725690288487,1,Newer / Developing Customers
-0.7192214796895081,0.6130914701938982,1,Newer / Developing Customers
-0.7246842616980772,0.6018836403434613,1,Newer / Developing Customers
-1.121693308881961,0.5958900509275074,1,Newer / Developing Customers
1.0753483885144637,-1.014754562288196,0,Loyal Established Customers
1.5024715973420428,1.8462173114488842,2,Senior High-Risk Customers
1.5109513433354214,-1.3174568992602433,0,Loyal Established Customers
-1.3228767716011913,0.6169254033594777,1,Newer / Developing Customers
-0.5288569416622351,0.0599193052900481,1,Newer / Developing Customers
-0.4965665896882321,-0.4267010287493031,1,Newer / Developing Customers
-1.1075051430480745,-0.3290182475109356,1,Newer / Developing Customers
0.003442520190083072,-0.23394663554801198,1,Newer / Developing Customers
-1.0660833034061339,0.5231966298890663,1,Newer / Developing Customers
3.026015678443237,0.4783869607760144,2,Senior High-Risk Customers
-0.2451020928218431,0.5760861083508525,1,Newer / Developing Customers
0.9593631303044338,-1.0891458333832587,0,Loyal Established Customers
-0.2546175126781026,-0.21210522959960054,1,Newer / Developing Customers
-1.502818677004075,0.6097324732604927,1,Newer / Developing Customers
-1.986612510972399,0.519158742219192,1,Newer / Developing Customers
-2.008221134755251,0.5255939491518973,1,Newer / Developing Customers
-0.7468057393340526,-1.0125482397902976,0,Loyal Established Customers
-0.15011677193836273,0.6102767229397968,1,Newer / Developing Customers
-1.187455563017128,0.4145476287622594,1,Newer / Developing Customers
-0.026834135133488198,0.10700860500676379,1,Newer / Developing Customers
-0.13015013936636652,0.3003019615589461,1,Newer / Developing Customers
0.29095509515523077,-0.6728886076139183,0,Loyal Established Customers
-1.188066949183546,0.3325180373961545,1,Newer / Developing Customers
0.2188777430980398,-0.29546415314825686,0,Loyal Established Customers
-0.5775228093567777,-1.4471631290448421,0,Loyal Established Customers
-1.477510987166272,-0.20080411070765797,1,Newer / Developing Customers
1.1228481075295464,-1.2395645254713776,0,Loyal Established Customers
1.4301155911714463,-1.325087718802877,0,Loyal Established Customers
-1.9535058653115902,0.6669125385101996,1,Newer / Developing Customers
1.945249524036262,1.4857958031161953,2,Senior High-Risk Customers
0.9054755719841484,-1.208566288171439,0,Loyal Established Customers
2.7849405239626868,0.37210891935384427,2,Senior High-Risk Customers
0.5905849402249886,-0.2435364140911877,0,Loyal Established Customers
-1.734145073136356,0.1347823229221898,1,Newer / Developing Customers
0.9902998895200165,-0.9176905226749944,0,Loyal Established Customers
-2.003629294921942,0.5072234925170382,1,Newer / Developing Customers
2.0930262327618565,1.3710424414552345,2,Senior High-Risk Customers
0.6839319748175678,1.709167752005438,2,Senior High-Risk Customers
0.7122152183253222,0.6305850830442131,2,Senior High-Risk Customers
0.5279445256652013,2.377807906167006,2,Senior High-Risk Customers
-0.6974058900538975,0.48679903528322627,1,Newer / Developing Customers
0.6056460618334607,-0.7861337155919991,0,Loyal Established Customers
0.4417473051904892,-0.8973276140299353,0,Loyal Established Customers
-1.1100500505644417,-0.7111101921045395,1,Newer / Developing Customers
1.4012465330423471,-1.1944007214693237,0,Loyal Established Customers
-0.540024843529516,2.5526274563042004,2,Senior High-Risk Customers
-1.3420344482200286,0.5989263004925062,1,Newer / Developing Customers
0.969750864557534,-0.719510720242323,0,Loyal Established Customers
0.29013331258210345,0.4852753072349764,1,Newer / Developing Customers
-0.2471970099960914,-0.3185666154884184,1,Newer / Developing Customers
-0.8520189652232399,0.05117387750871682,1,Newer / Developing Customers
0.3898046954957177,-1.5063041168932305,0,Loyal Established Customers
1.7728224408853799,0.8501663614573651,2,Senior High-Risk Customers
1.4532011313010904,-1.474894587034027,0,Loyal Established Customers
2.1036368277025668,0.514734002283368,2,Senior High-Risk Customers
1.053369619088187,2.5315386531457844,2,Senior High-Risk Customers
0.5373456203731263,-0.254233425537836,0,Loyal Established Customers
-1.5249778338644533,-0.10993268966183967,1,Newer / Developing Customers
-0.6013448396040371,0.5816564148691649,1,Newer / Developing Customers
2.173838877179716,1.3981963022325006,2,Senior High-Risk Customers
-0.17319864560289766,0.6147558067657767,1,Newer / Developing Customers
1.213013442212631,1.79670570430038,2,Senior High-Risk Customers
-0.7665128606302521,0.2699096941042998,1,Newer / Developing Customers
1.9949230080375404,1.1331111509604679,2,Senior High-Risk Customers
-1.0716728733509115,-0.7855333896118434,1,Newer / Developing Customers
-1.5415473719150383,0.2618403039799665,1,Newer / Developing Customers
-0.09510431612647177,0.021669153142635143,1,Newer / Developing Customers
-1.0042156771152633,0.617547715408548,1,Newer / Developing Customers
0.07938982673314854,0.15857368109613368,1,Newer / Developing Customers
2.1322797963039233,0.558593962648529,2,Senior High-Risk Customers
-1.1465051238645922,0.2758513543904997,1,Newer / Developing Customers
-0.2632841719972412,-0.3257197072723434,1,Newer / Developing Customers
-0.41320584532382576,0.10243885771368424,1,Newer / Developing Customers
1.8421733579730435,1.4252933895530475,2,Senior High-Risk Customers
-1.0406344475445612,0.3502344415291903,1,Newer / Developing Customers
0.0831539554430819,0.11830508989115242,1,Newer / Developing Customers
0.6779940811214386,1.877311032182965,2,Senior High-Risk Customers
1.3915223696451622,-1.2404590480622821,0,Loyal Established Customers
0.3507884638039216,-1.2916127449413788,0,Loyal Established Customers
0.6681864065604503,-1.0507167392604315,0,Loyal Established Customers
0.13147408480971157,-0.8165342768461107,0,Loyal Established Customers
0.1400010390960412,0.15603577766959673,1,Newer / Developing Customers
-0.937426046775791,-0.030996493958252457,1,Newer / Developing Customers
0.14252946185042306,-0.442791433647083,0,Loyal Established Customers
-0.14543333936800165,-0.46629717616737304,0,Loyal Established Customers
-1.4132809392440966,-0.07216140514605165,1,Newer / Developing Customers
-1.9518953741960559,0.656256123800895,1,Newer / Developing Customers
1.1140472621956734,2.037056409797114,2,Senior High-Risk Customers
0.9611254849810981,2.1230570178907517,2,Senior High-Risk Customers
-1.9259922201495105,0.626272593537331,1,Newer / Developing Customers
-0.5500062607318146,0.6384539815536255,1,Newer / Developing Customers
0.281840540236297,-0.014641559461243646,1,Newer / Developing Customers
0.5939706256329224,-1.5256991769865225,0,Loyal Established Customers
-1.9291768682549342,0.608516079035682,1,Newer / Developing Customers
2.4413996228303425,0.5613512949447306,2,Senior High-Risk Customers
-1.0650773820821602,-0.7852274552658547,1,Newer / Developing Customers
-1.2245634311143694,-0.33541082879806366,1,Newer / Developing Customers
1.6629434986016034,-1.4082396652721099,0,Loyal Established Customers
-1.2088478618430227,0.36085137889898183,1,Newer / Developing Customers
-1.9378757137801843,0.40477288785289556,1,Newer / Developing Customers
-0.4142418945215399,0.648532462416342,1,Newer / Developing Customers
-0.45567583771084086,0.6328608364239833,1,Newer / Developing Customers
0.1993744871710118,0.2671410210735814,1,Newer / Developing Customers
-0.026052023641897248,-1.1339760280161664,0,Loyal Established Customers
-1.312163294948499,0.2771503627834028,1,Newer / Developing Customers
-0.643358263397848,0.6240098945834363,1,Newer / Developing Customers
0.031641191088410174,0.5275276596499696,1,Newer / Developing Customers
-1.2898738508635206,0.4725684461599352,1,Newer / Developing Customers
-0.637208601073429,-1.2324614031039043,0,Loyal Established Customers
1.859157269605685,1.5711671813925647,2,Senior High-Risk Customers
-1.433640900070432,0.49831100208773843,1,Newer / Developing Customers
0.4451185516086513,-0.04520302357139599,0,Loyal Established Customers
1.491126710039763,-1.563630987832714,0,Loyal Established Customers
-1.9499577809144109,0.6368494205385092,1,Newer / Developing Customers
2.6505299178536474,0.7700438809879492,2,Senior High-Risk Customers
1.45751510284579,-1.3726381671943482,0,Loyal Established Customers
0.7146048317266087,-1.0898459601084647,0,Loyal Established Customers
-0.5805584380582385,-1.2392149718129168,0,Loyal Established Customers
0.08611251402076191,0.31060856209151533,1,Newer / Developing Customers
-1.3185514148979052,-0.01715407162526699,1,Newer / Developing Customers
-0.5850130366576956,-1.2334570529940876,0,Loyal Established Customers
-0.2756158418719136,0.2745680964313312,1,Newer / Developing Customers
-1.3537028642929418,0.6412143607848787,1,Newer / Developing Customers
-0.4162080075441874,0.43248266776351457,1,Newer / Developing Customers
-1.9614651618965664,0.42293464613281295,1,Newer / Developing Customers
0.3265678899856889,0.0011380017554980457,1,Newer / Developing Customers
-0.08924316717687392,-0.8210829585598508,0,Loyal Established Customers
-0.9890008211878618,-0.9131799589145361,1,Newer / Developing Customers
0.9840787904051899,2.4149834987101926,2,Senior High-Risk Customers
0.22974284740070372,1.6126115784271198,2,Senior High-Risk Customers
-2.0021560450402593,0.5091796156237636,1,Newer / Developing Customers
-1.9512277314084443,0.6603638538589874,1,Newer / Developing Customers
0.6073255914571116,-0.6799675648158335,0,Loyal Established Customers
-0.023276972276313205,0.1865972417797491,1,Newer / Developing Customers
-1.1524892289669255,0.35757501141061615,1,Newer / Developing Customers
1.644140984931545,1.8220910542714375,2,Senior High-Risk Customers
0.06830460246289968,-1.0274256261178498,0,Loyal Established Customers
0.4073443682123339,-0.22246924509006955,0,Loyal Established Customers
2.066733181014923,0.5411873393347051,2,Senior High-Risk Customers
1.5844787127057964,-1.5491869008625245,0,Loyal Established Customers
-1.6832258379645366,0.17631480641273795,1,Newer / Developing Customers
0.4928235836107083,0.10819028012496126,0,Loyal Established Customers
-0.6240626594343687,0.4053292039869712,1,Newer / Developing Customers
-0.7635449429483729,0.5219389374866465,1,Newer / Developing Customers
-0.4825917684569839,-1.2127383991495269,0,Loyal Established Customers
-0.19771763475339804,2.1575591710539515,2,Senior High-Risk Customers
-0.7667247882782646,-1.0642883665468497,0,Loyal Established Customers
-0.6604304156819312,-1.344035236266823,0,Loyal Established Customers
0.2065406102703602,-1.2915726345727656,0,Loyal Established Customers
0.8079602202135476,-1.1708036739807537,0,Loyal Established Customers
0.8018598328375424,2.193273131072676,2,Senior High-Risk Customers
-0.0684663711821386,0.4949872338217619,1,Newer / Developing Customers
-1.5915678776964306,0.5654021501044069,1,Newer / Developing Customers
-1.0865259375292484,-0.7610018438211198,1,Newer / Developing Customers
0.18112062504433646,0.1447816625545424,1,Newer / Developing Customers
-1.005914330413899,0.5660712943531301,1,Newer / Developing Customers
-1.9350818896341617,0.6427208170758453,1,Newer / Developing Customers
-0.8030238922971705,-0.1476302210462503,1,Newer / Developing Customers
-0.4200457310909046,-1.272267867230805,0,Loyal Established Customers
0.3643518379527922,0.06398872237144049,1,Newer / Developing Customers
-0.9864019960268756,0.11311787487596724,1,Newer / Developing Customers
1.6092719845940722,-1.5378655932935807,0,Loyal Established Customers
-1.7894260652554803,0.49617967837951843,1,Newer / Developing Customers
-1.875707755448401,0.5297588048324233,1,Newer / Developing Customers
-1.1310507187348269,0.49769088443130416,1,Newer / Developing Customers
-0.6573259876100358,0.1443832023414559,1,Newer / Developing Customers
-2.003766536155794,0.5198360303330681,1,Newer / Developing Customers
-0.5046574796010155,0.5719216496710494,1,Newer / Developing Customers
-0.024387540545372965,0.45196933525966376,1,Newer / Developing Customers
-0.3080236252939932,0.49504398291855806,1,Newer / Developing Customers
-1.9540362668653497,0.6501922706360773,1,Newer / Developing Customers
-1.7440862476012882,0.3729227087726211,1,Newer / Developing Customers
1.2371501696508163,-1.12601162074731,0,Loyal Established Customers
0.7149391811728002,2.4808136304263297,2,Senior High-Risk Customers
-1.8786763592410707,0.5017968170974834,1,Newer / Developing Customers
0.6005754760058726,-1.4656674714585505,0,Loyal Established Customers
0.45721038331366365,-0.3916950571597406,0,Loyal Established Customers
0.13058493737787302,1.4983633052107457,2,Senior High-Risk Customers
0.8758529547912783,1.7224662482604465,2,Senior High-Risk Customers
-1.7858513723078908,0.4041188353510723,1,Newer / Developing Customers
-0.15027039091101135,1.918270401793967,2,Senior High-Risk Customers
1.447539316830634,1.9890974345339718,2,Senior High-Risk Customers
-0.4757920110455899,-1.4609551475864333,0,Loyal Established Customers
1.4080121378618515,-1.3406458670767287,0,Loyal Established Customers
0.9939961710132162,2.4204334097418005,2,Senior High-Risk Customers
0.9211383151882527,-1.5547184974034143,0,Loyal Established Customers
0.2812006889009171,-1.5342045316794952,0,Loyal Established Customers
-0.1129968002937615,0.5236919290924767,1,Newer / Developing Customers
-1.8320050374601533,0.4791559749915862,1,Newer / Developing Customers
-0.07123599600466839,-0.16069226436794154,1,Newer / Developing Customers
-0.670903408655249,0.3504538703988549,1,Newer / Developing Customers
-1.5531819489160563,-0.103803417075123,1,Newer / Developing Customers
-0.9151541327812271,0.33607106921971147,1,Newer / Developing Customers
0.7525886806857999,-0.9037715117628287,0,Loyal Established Customers
-0.1426828382204566,0.24407205174307775,1,Newer / Developing Customers
-0.5396124664649905,-1.061443323152454,0,Loyal Established Customers
-1.9083959555954575,0.5801827375328547,1,Newer / Developing Customers
1.5999331178355618,-1.32734737082172,0,Loyal Established Customers
0.9189080756888478,2.3640071968252268,2,Senior High-Risk Customers
-0.9306620500890249,-0.7041156221027072,1,Newer / Developing Customers
0.1756578430357673,0.13357383270410547,1,Newer / Developing Customers
0.5524888809238213,2.5332732291066042,2,Senior High-Risk Customers
-1.5986444539360356,0.5893197537619206,1,Newer / Developing Customers
-0.36830427368203145,0.5837007960091191,1,Newer / Developing Customers
-0.8507103026314364,-0.87088153227616,1,Newer / Developing Customers
-0.7347180242937816,-0.014636739494201655,1,Newer / Developing Customers
0.03996324617744465,-1.008683815715103,0,Loyal Established Customers
-1.6624358468450637,0.2576332196545862,1,Newer / Developing Customers
0.4301396636330326,-0.6205349357248789,0,Loyal Established Customers
-0.6359575528913898,-0.6361918453281376,1,Newer / Developing Customers
-0.92188686528383,0.3483776726897528,1,Newer / Developing Customers
0.7844183557249499,-1.5143568038382393,0,Loyal Established Customers
-1.4690554806149758,0.29920953441258147,1,Newer / Developing Customers
0.6271482734435879,2.5147085876472812,2,Senior High-Risk Customers
0.8862560713894556,-1.1161439877971633,0,Loyal Established Customers
-0.5203188505835392,0.46993934760821116,1,Newer / Developing Customers
-0.9319283341179495,-0.8259289731873989,1,Newer / Developing Customers
1.3530899025654324,-1.3621072284570643,0,Loyal Established Customers
-1.8428447756546977,0.26934893064398224,1,Newer / Developing Customers
-0.7926279870578551,-0.00937035888872987,1,Newer / Developing Customers
-1.9601013565803416,0.666606604164211,1,Newer / Developing Customers
0.7386941865112684,0.6879042314791888,2,Senior High-Risk Customers
-0.4128347027936544,0.6124054912798339,1,Newer / Developing Customers
1.0374520156275833,-0.9146289192217018,0,Loyal Established Customers
-0.28416871859786275,-0.8600714886750274,0,Loyal Established Customers
-1.7380692701820535,0.15726050961514126,1,Newer / Developing Customers
0.20957194868606438,2.1711090225908656,2,Senior High-Risk Customers
0.33928252529368896,-0.8758004362269779,0,Loyal Established Customers
0.662655272154555,-1.4028143902437453,0,Loyal Established Customers
-0.7621044734369989,0.17773215212806026,1,Newer / Developing Customers
-1.9970338036531912,0.5075294268630267,1,Newer / Developing Customers
0.19513730510588903,-0.18544104463569372,0,Loyal Established Customers
-0.983891324725898,-0.8791541180147785,1,Newer / Developing Customers
-1.9675302516115583,0.4393489796609467,1,Newer / Developing Customers
-0.43851774059575,0.3127144918202224,1,Newer / Developing Customers
-0.25313627591380106,0.2977111759839219,1,Newer / Developing Customers
1.0241593789598422,1.848500410121015,2,Senior High-Risk Customers
-0.26864830988634025,0.6019280185459435,1,Newer / Developing Customers
-0.019403181769901072,-0.3379355374321919,0,Loyal Established Customers
-1.1987189974879748,0.5588705412733198,1,Newer / Developing Customers
0.43918477457726346,-1.2214632772783096,0,Loyal Established Customers
0.2580903376733605,0.20979704995405052,1,Newer / Developing Customers
0.5291101962258897,-1.2302806812741904,0,Loyal Established Customers
1.7335337642746302,-1.3537356854518812,0,Loyal Established Customers
0.4990194172227418,1.5840948924576448,2,Senior High-Risk Customers
-1.2624917542962026,0.6495945945902503,1,Newer / Developing Customers
-1.0064987728136634,-0.8299588885693557,1,Newer / Developing Customers
-0.08971661615965507,-1.3169347489317702,0,Loyal Established Customers
0.24641284314045142,0.14243335550174752,1,Newer / Developing Customers
1.5160233013845898,-1.0860576546885057,0,Loyal Established Customers
0.33696744714194554,-0.4158441529485178,0,Loyal Established Customers
-0.7421432850182789,0.6353609585319078,1,Newer / Developing Customers
0.21079234207157824,-1.0893795199071583,0,Loyal Established Customers
-0.3243855113810301,0.5228924929349911,1,Newer / Developing Customers
-1.1312567178325912,0.343554873199172,1,Newer / Developing Customers
1.2395302143789801,-1.1496762820504154,0,Loyal Established Customers
-1.3597679540079337,0.6576286943130124,1,Newer / Developing Customers
2.8398718377191012,0.5032220354788558,2,Senior High-Risk Customers
-1.5704147771783536,-0.10553319354398602,1,Newer / Developing Customers
-1.0841295135692604,0.05691278774465416,1,Newer / Developing Customers
-0.41730840745787434,-0.7596441995714995,0,Loyal Established Customers
-0.6971377442190958,0.4273051532332291,1,Newer / Developing Customers
0.08256882693252746,-1.0536578373839265,0,Loyal Established Customers
-0.5349555898049188,0.434339436602952,1,Newer / Developing Customers
-1.196358349307772,-0.615533340594879,1,Newer / Developing Customers
2.6548013444572525,0.6405528932650475,2,Senior High-Risk Customers
-0.1888371894835091,0.5431764470309983,1,Newer / Developing Customers
-0.5546680289367982,-1.2335224724159863,0,Loyal Established Customers
-1.2253902202157962,0.39363227481627083,1,Newer / Developing Customers
-0.6583656263814237,-1.2117129928798158,0,Loyal Established Customers
-0.3943586213571133,-1.2920459242610787,0,Loyal Established Customers
-0.95374392375356,-0.6996365382767272,1,Newer / Developing Customers
0.5823709709580843,-0.7410462162046686,0,Loyal Established Customers
0.9652982795574021,-0.3610200909711586,0,Loyal Established Customers
-0.49492686056251495,-1.4485513081253452,0,Loyal Established Customers
0.22542908129295758,-1.0537796089018991,0,Loyal Established Customers
-1.5786909717557305,0.48916229412627876,1,Newer / Developing Customers
-0.8127412569297207,0.023070712672189908,1,Newer / Developing Customers
-1.3574898201047878,0.6510800096618002,1,Newer / Developing Customers
-1.8954861773378555,0.370004339417363,1,Newer / Developing Customers
-1.7050414276001469,0.30260724132340966,1,Newer / Developing Customers
-0.618469378291436,0.5437969616881554,1,Newer / Developing Customers
0.4775319912598679,-0.9921278679934401,0,Loyal Established Customers
0.4711968205180872,-1.537175361822595,0,Loyal Established Customers
-1.4516581164576268,0.0022617923612522073,1,Newer / Developing Customers
-1.4651564537797346,0.16081354143869828,1,Newer / Developing Customers
-0.537528851743924,0.4986125134674078,1,Newer / Developing Customers
2.357449227824054,0.3787932871758191,2,Senior High-Risk Customers
-0.15469243629261567,-0.527365128322872,0,Loyal Established Customers
-0.8349668997298779,0.2849044289835053,1,Newer / Developing Customers
-1.2133466582493586,0.632922385012736,1,Newer / Developing Customers
0.6004301531987721,2.487117953680229,2,Senior High-Risk Customers
2.4991186154135563,0.3546670299983721,2,Senior High-Risk Customers
-0.13781797438059218,0.14392746137348567,1,Newer / Developing Customers
-0.2192103114788223,0.13364409645296918,1,Newer / Developing Customers
0.7819278118157695,-0.6203473234243622,0,Loyal Established Customers
2.3870064168661025,1.0047447127333304,2,Senior High-Risk Customers
-1.291143801357554,0.49608287948041346,1,Newer / Developing Customers
-1.9283491571315587,0.630414213605804,1,Newer / Developing Customers
-0.5069207655136402,-1.1543419396750088,0,Loyal Established Customers
0.1444549963177536,-0.6505893628963811,0,Loyal Established Customers
-1.562120632610967,-0.0537508381425793,1,Newer / Developing Customers
1.7679548326023546,1.8465799744165836,2,Senior High-Risk Customers
-0.39418100849792564,-0.45363640459266236,1,Newer / Developing Customers
-0.3950310669202562,0.2723171352126762,1,Newer / Developing Customers
0.15277293474204678,-0.8423973043770134,0,Loyal Established Customers
1.2547457480940793,-0.9480342211043796,0,Loyal Established Customers
0.746638042064566,-0.6999522019248074,0,Loyal Established Customers
-1.0583195603925062,0.5582587174163508,1,Newer / Developing Customers
0.2112537051172214,-1.1894818175185062,0,Loyal Established Customers
-1.848800199441241,0.6091416906229407,1,Newer / Developing Customers
0.8823850253262046,-1.4878802311748496,0,Loyal Established Customers
1.0030620507269892,2.5221097774586494,2,Senior High-Risk Customers
0.22989372510740402,-1.2238790121861516,0,Loyal Established Customers
-0.7535419023906066,0.12009464191677763,1,Newer / Developing Customers
-0.42448758476525694,-1.3021859780724705,0,Loyal Established Customers
0.7710964659704305,-0.4964353573798837,0,Loyal Established Customers
1.0481873427881996,-0.772865372717241,0,Loyal Established Customers
-0.9569285718589833,-0.7173930527783763,1,Newer / Developing Customers
1.4632107330281472,1.9267382521313867,2,Senior High-Risk Customers
1.042693060684309,-1.098269171725128,0,Loyal Established Customers
-0.8040424114044704,0.22681390385497607,1,Newer / Developing Customers
1.2700131494445195,-1.3864214949357512,0,Loyal Established Customers
-2.002359344427908,0.48370905919655993,1,Newer / Developing Customers
2.008626938990826,1.3028366851998685,2,Senior High-Risk Customers
0.3904050598531576,-0.8087973963092262,0,Loyal Established Customers
-1.3157182844899151,-0.4217129239114479,1,Newer / Developing Customers
-0.5937118821829457,-1.4372002441768739,0,Loyal Established Customers
0.0061737921324820505,0.391772459041782,1,Newer / Developing Customers
0.26341999511281916,-1.110786116263923,0,Loyal Established Customers
-1.4741376824157393,-0.020881287191338548,1,Newer / Developing Customers
1.000482716252729,-1.1003999484983131,0,Loyal Established Customers
-1.2438583489670583,-0.34079739384900537,1,Newer / Developing Customers
-0.04235717330478347,-0.40579476260422553,0,Loyal Established Customers
1.7525015190499662,1.226531916643658,2,Senior High-Risk Customers
0.21356196689410809,-0.4337000217174547,0,Loyal Established Customers
0.5604942013404303,-0.675117127221966,0,Loyal Established Customers
-0.9871954626117687,-0.4908533131263317,1,Newer / Developing Customers
-0.6034425012214464,0.5832727136195209,1,Newer / Developing Customers
1.4142277189163925,2.3139335766732665,2,Senior High-Risk Customers
1.051229412529683,2.3014075443335607,2,Senior High-Risk Customers
0.37007643177932853,-0.9902181071624224,0,Loyal Established Customers
0.7306119695918938,1.970319936728931,2,Senior High-Risk Customers
-1.7404500010210073,0.4049924265656534,1,Newer / Developing Customers
1.358199399027396,-1.3280813875573068,0,Loyal Established Customers
-0.12635245222874109,-0.09797242743080523,1,Newer / Developing Customers
1.8941236036558875,1.5141945640409213,2,Senior High-Risk Customers
0.6633229149421662,-1.398706660185653,0,Loyal Established Customers
-0.5031741845043434,0.40953628831235145,1,Newer / Developing Customers
0.23966636199593166,0.2339887713884048,1,Newer / Developing Customers
2.151122429570965,0.7737345800554941,2,Senior High-Risk Customers
-0.84544485449845,0.5253382470200674,1,Newer / Developing Customers
-1.4340618519035737,-0.04382806364322422,1,Newer / Developing Customers
-1.0169576039072505,-0.644214800253541,1,Newer / Developing Customers
2.25022979531502,1.2971695396912326,2,Senior High-Risk Customers
-1.7315113173260972,0.35493984763310976,1,Newer / Developing Customers
-1.3596307127740817,0.6450161564969825,1,Newer / Developing Customers
-1.265300289753108,0.6394230113673401,1,Newer / Developing Customers
0.7527382500034009,2.0162810273308427,2,Senior High-Risk Customers
1.8026789593745698,-1.5582870035923413,0,Loyal Established Customers
0.031998197672165274,-0.8426950187414539,0,Loyal Established Customers
-0.96628231524674,-0.9609200036797495,1,Newer / Developing Customers
0.668267859391883,2.503454472532227,2,Senior High-Risk Customers
0.8223603136954466,-0.7615139117680465,0,Loyal Established Customers
-0.507408386215147,0.03569369384531306,1,Newer / Developing Customers
0.5620633564164753,1.1451968002224846,2,Senior High-Risk Customers
1.0740959279922544,2.0830666780934646,2,Senior High-Risk Customers
0.18704847352547632,0.14097986684243854,1,Newer / Developing Customers
0.9985401164427842,-1.5101140564704878,0,Loyal Established Customers
-0.062791530062081,-1.4092013429426844,0,Loyal Established Customers
0.6705688203969414,2.527308730209074,2,Senior High-Risk Customers
-1.5252260643833186,-0.1898559299385921,1,Newer / Developing Customers
1.5735041023857277,1.8553087233785128,2,Senior High-Risk Customers
-0.9947200494345568,0.2519986993362449,1,Newer / Developing Customers
0.0943641583800997,-0.8942909674642138,0,Loyal Established Customers
-0.5277639034835895,-0.03380330838843531,1,Newer / Developing Customers
-0.8698050710062241,0.21961275377444311,1,Newer / Developing Customers
1.2394547971209837,-1.2474851474756328,0,Loyal Established Customers
-0.9264175672520737,0.4803939817307716,1,Newer / Developing Customers
-1.7046653149516287,0.3101921726021486,1,Newer / Developing Customers
-1.362952602113357,0.6398721798113634,1,Newer / Developing Customers
-0.7417010456476206,0.5899483906413074,1,Newer / Developing Customers
2.1642754682290852,1.1458611245041654,2,Senior High-Risk Customers
-1.356219869610754,0.627565576341322,1,Newer / Developing Customers
0.5454757166196458,-0.38087386876124923,0,Loyal Established Customers
-1.1910328085330546,-0.5917129729284121,1,Newer / Developing Customers
1.6048801206176497,1.9026119949539397,2,Senior High-Risk Customers
2.80468607353524,0.665801926906268,2,Senior High-Risk Customers
0.0625800086363634,0.02678120341601333,1,Newer / Developing Customers
1.0749789289818295,2.3010361905656733,2,Senior High-Risk Customers
2.0738067321671636,1.4634647418295104,2,Senior High-Risk Customers
-1.1166801819992669,-0.132344206476014,1,Newer / Developing Customers
-0.9373820376665231,-0.7274850482931602,1,Newer / Developing Customers
-0.0572036228220822,0.5747315769581087,1,Newer / Developing Customers
-0.7281224882919851,-1.0392652825427686,0,Loyal Established Customers
0.1654498949576135,-0.016926410690279316,1,Newer / Developing Customers
-0.19435070079254577,0.13312251470245448,1,Newer / Developing Customers
-0.8044902986811732,-0.9577615612361327,0,Loyal Established Customers
-0.143510549343832,0.22217391717295554,1,Newer / Developing Customers
-0.363192032776907,-0.27854238568075024,1,Newer / Developing Customers
2.555476562178863,0.5754579181574131,2,Senior High-Risk Customers
0.8616034265559375,-1.2354796340246152,0,Loyal Established Customers
1.7255253886389035,-1.5229682042485153,0,Loyal Established Customers
0.816865345480766,-0.8628504551285266,0,Loyal Established Customers
1.0709693141961916,1.3651125189042745,2,Senior High-Risk Customers
0.17200014157515456,-0.3770333387117999,0,Loyal Established Customers
0.5922862932337398,-0.0633945382308409,0,Loyal Established Customers
-1.7851964744453843,0.4439025950696592,1,Newer / Developing Customers
0.16923616465866895,0.19727519608020586,1,Newer / Developing Customers
-0.0608391832915727,0.3185946035176695,1,Newer / Developing Customers
0.6323527646417068,-0.1460670858647103,0,Loyal Established Customers
-0.07061662295563173,0.4291976094749605,1,Newer / Developing Customers
2.0279302491927202,1.6419422606428928,2,Senior High-Risk Customers
-0.6101843121840445,0.48592756234488627,1,Newer / Developing Customers
-1.6225999694859463,0.43555509629767575,1,Newer / Developing Customers
1.3030731782325375,-1.1509460497174395,0,Loyal Established Customers
-1.6507259675694375,0.668158689114538,1,Newer / Developing Customers
1.216980923801961,-1.0655746714410699,0,Loyal Established Customers
-0.07523060378006276,0.19309786813435326,1,Newer / Developing Customers
2.522909396531809,0.5540761444852035,2,Senior High-Risk Customers
0.35181481868119263,-0.6454292543263949,0,Loyal Established Customers
1.6181126484654627,2.053078348337944,2,Senior High-Risk Customers
-0.46902350276320176,0.5190567623774983,1,Newer / Developing Customers
0.10610931919954472,-0.2619701962316274,0,Loyal Established Customers
-1.7521174503389272,0.17328724764792733,1,Newer / Developing Customers
-0.42828664412446277,-0.4557770777879055,1,Newer / Developing Customers
3.016506873248016,0.6461904165971721,2,Senior High-Risk Customers
-0.9293066818550509,0.2307718029311641,1,Newer / Developing Customers
0.34440206697064196,-1.0061160797926436,0,Loyal Established Customers
0.6992252200341923,2.3114254052663346,2,Senior High-Risk Customers
-1.8821284670705052,0.3194669289984249,1,Newer / Developing Customers
-0.4363710783959305,-1.5236856837569057,0,Loyal Established Customers
0.5541339835895792,-0.6009784014805887,0,Loyal Established Customers
1.4435410747485204,1.4656322445068926,2,Senior High-Risk Customers
-1.0427760263246455,0.5682378440117793,1,Newer / Developing Customers
-1.1482513607910128,0.5860898214724847,1,Newer / Developing Customers
0.14613248521925595,-1.3047187845689057,0,Loyal Established Customers
0.3999771417971969,-0.27266919175150084,0,Loyal Established Customers
-1.8882211320909001,0.671872226793413,1,Newer / Developing Customers
-0.8314399797298317,-0.45076453171612757,1,Newer / Developing Customers
2.766468278546683,0.9820827845730085,2,Senior High-Risk Customers
0.21673890876111637,-0.9737297732552949,0,Loyal Established Customers
-0.7103452250578383,-0.3423474197213071,1,Newer / Developing Customers
2.4605659724425886,0.8631434246410925,2,Senior High-Risk Customers
-0.15731614688788495,-0.911864137499215,0,Loyal Established Customers
0.8304370417284993,-0.2513915718385357,0,Loyal Established Customers
1.1512172974452133,-0.7987825823115037,0,Loyal Established Customers
-0.6696247851678063,0.6107324639077671,1,Newer / Developing Customers
-0.4458892426953508,-1.4156079991177317,0,Loyal Established Customers
0.6092631847387566,-0.6993742680782193,0,Loyal Established Customers
-1.1170157160924679,0.28391858614737275,1,Newer / Developing Customers
-0.8000357000817161,-0.9635194800549619,0,Loyal Established Customers
1.404826803645638,-1.134335125930971,0,Loyal Established Customers
-0.5292282515352214,-1.5161364155205381,0,Loyal Established Customers
0.49513527594154616,-0.256364202311021,0,Loyal Established Customers
0.5558997240871492,2.5158226489509437,2,Senior High-Risk Customers
2.2238576598449815,0.5148333565506559,2,Senior High-Risk Customers
-0.042292785815964684,2.53086441196696,2,Senior High-Risk Customers
-1.8154633651981698,0.6704423347217038,1,Newer / Developing Customers
0.12152976043503153,0.492016403678662,1,Newer / Developing Customers
1.3505722111368303,-1.1516887572532144,0,Loyal Established Customers
0.8179013946784801,-1.408944059831185,0,Loyal Established Customers
0.6152003923240956,-0.6434502926083394,0,Loyal Established Customers
1.1353439540816317,-1.210028467630936,0,Loyal Established Customers
-1.6952374943690662,0.07707939328900829,1,Newer / Developing Customers
1.4592885943148204,1.2770146718821183,2,Senior High-Risk Customers
-1.4152431274768262,0.36197573362542523,1,Newer / Developing Customers
0.9230701836724178,-0.7565956493184095,0,Loyal Established Customers
0.19729059180574163,-1.2429888319835887,0,Loyal Established Customers
-1.7911336820307233,0.3879786195997793,1,Newer / Developing Customers
0.9079039165826398,2.5058047880181697,2,Senior High-Risk Customers
-0.7142951552233966,0.5233842421895832,1,Newer / Developing Customers
0.09274458880456965,-0.9932863074995849,0,Loyal Established Customers
2.608312508561397,1.0109940599224239,2,Senior High-Risk Customers
-1.2906924835269002,0.560322066334489,1,Newer / Developing Customers
0.9859187568693736,2.134378325459696,2,Senior High-Risk Customers
-1.7663404101424476,0.39929992716872315,1,Newer / Developing Customers
-1.0838956122729408,0.5794919591268338,1,Newer / Developing Customers
-0.3845489954869427,-1.312520216708326,0,Loyal Established Customers
-0.9798538077417053,0.4252127137966668,1,Newer / Developing Customers
1.1230795834817542,2.4967385752987337,2,Senior High-Risk Customers
1.4489525317993976,-1.3150006569830655,0,Loyal Established Customers
-0.8096000757873404,-0.9418614185731982,0,Loyal Established Customers
1.2908647836096496,2.52782511546691,2,Senior High-Risk Customers
0.7113043068141,2.000609401338484,2,Senior High-Risk Customers
0.9759698761660259,1.814732445270638,2,Senior High-Risk Customers
0.8166928065859006,2.497424554212798,2,Senior High-Risk Customers
0.4230626819268412,-0.4224760599826508,0,Loyal Established Customers
-1.7480865480157726,0.5216592856877622,1,Newer / Developing Customers
1.647648195052608,-1.338295551590786,0,Loyal Established Customers
-0.5009863023714621,-0.20214894161550206,1,Newer / Developing Customers
-0.8759592896593107,0.44788749074795287,1,Newer / Developing Customers
-1.8823593417635576,0.6299873368380757,1,Newer / Developing Customers
1.6353945557785101,1.980062751226054,2,Senior High-Risk Customers
-0.27627206722295505,-0.3420156293869977,1,Newer / Developing Customers
-0.8780120201455036,0.5039564733478579,1,Newer / Developing Customers
0.7734470689356437,-1.5064977547826592,0,Loyal Established Customers
-1.7085895119973262,0.3326703592951001,1,Newer / Developing Customers
0.11823266607647395,2.4621354868885774,2,Senior High-Risk Customers
-0.7376922759924956,-1.2725867602108512,0,Loyal Established Customers
1.000267358050765,-1.3142617309124291,0,Loyal Established Customers
-1.6329136587026305,0.611863359876771,1,Newer / Developing Customers
2.2705383407300976,0.5519182856267423,2,Senior High-Risk Customers
-1.6849154128031767,0.23449014010199545,1,Newer / Developing Customers
-1.3995095779154334,-0.3124872879582308,1,Newer / Developing Customers
0.006626482184716127,0.00787713460104384,1,Newer / Developing Customers
-0.4674696899136443,2.3016597521578817,2,Senior High-Risk Customers
-1.2705671101076752,-0.3086622566340741,1,Newer / Developing Customers
-1.0695354112355684,0.3408667417900078,1,Newer / Developing Customers
-0.6444020188339772,0.6123172332466049,1,Newer / Developing Customers
-0.40796366395667805,-1.5043443999164186,0,Loyal Established Customers
0.43003227224478513,-0.7673179048102586,0,Loyal Established Customers
-0.21202306871538593,0.30547076092912057,1,Newer / Developing Customers
0.08975982714306643,-1.2977333267279072,0,Loyal Established Customers
-0.8689742099731012,-0.828899406329776,1,Newer / Developing Customers
-1.1310413596306277,0.557416655613288,1,Newer / Developing Customers
1.2354522024629704,-1.401555297450135,0,Loyal Established Customers
0.020999763363437327,-1.5184269788959015,0,Loyal Established Customers
1.478721394779106,2.070655920864179,2,Senior High-Risk Customers
-0.6422510809496939,0.45403960194599957,1,Newer / Developing Customers
-1.8004120081604835,0.24226053412362344,1,Newer / Developing Customers
-0.619768815281466,0.6058481363035191,1,Newer / Developing Customers
-0.4215328622081144,0.18459504444964098,1,Newer / Developing Customers
1.1343523770567998,2.4121414339696576,2,Senior High-Risk Customers
0.7335792011629829,2.446416435758685,2,Senior High-Risk Customers
-0.6382366633885245,-0.17850751592444933,1,Newer / Developing Customers
-1.7766624917083376,0.24188918035573595,1,Newer / Developing Customers
-0.9536098225904608,0.18101881303920692,1,Newer / Developing Customers
0.8626853663970623,1.600728654855443,2,Senior High-Risk Customers
-0.4242458650614541,2.5228086997298234,2,Senior High-Risk Customers
-0.9106723097709126,-1.0336134247181905,0,Loyal Established Customers
0.4015282102035934,2.4062028206185095,2,Senior High-Risk Customers
-1.7968639237633042,0.21219741615193305,1,Newer / Developing Customers
-0.5797020632292954,0.4732496051069575,1,Newer / Developing Customers
-0.5410942743566942,-1.2942653560682154,0,Loyal Established Customers
0.6852846433414265,2.5153897222343806,2,Senior High-Risk Customers
-0.5427984165416517,0.4467962680556204,1,Newer / Developing Customers
-1.2430306378436828,-0.3188992592788832,1,Newer / Developing Customers
0.4377768967385878,-0.9612690504943945,0,Loyal Established Customers
1.5921179594106767,-1.5371883051797046,0,Loyal Established Customers
0.4076429268021445,-1.4005299155403472,0,Loyal Established Customers
-0.514347398459718,-0.05620973035408582,1,Newer / Developing Customers
-1.1356325133531464,0.3517198566007402,1,Newer / Developing Customers
-0.5543044253022268,-0.2152530176448893,1,Newer / Developing Customers
3.036483868641023,0.3523686436421834,2,Senior High-Risk Customers
1.6877276920298834,-1.506570112447842,0,Loyal Established Customers
0.027237881036692176,2.3936237962872227,2,Senior High-Risk Customers
0.15509366079983455,-0.07236555467376468,1,Newer / Developing Customers
-0.8869597823004094,0.44435729753572584,1,Newer / Developing Customers
-1.4391338099527418,-0.27522730821496183,1,Newer / Developing Customers
-1.8937968831434189,0.3617549892907974,1,Newer / Developing Customers
0.08081137887737044,-1.1332652468926325,0,Loyal Established Customers
0.4950191168082576,1.7328314693727853,2,Senior High-Risk Customers
-0.43109723791373883,0.20625310593140453,1,Newer / Developing Customers
2.1615222226383795,1.3317609191833415,2,Senior High-Risk Customers
0.41268132642362104,-0.8111248731838391,0,Loyal Established Customers
1.8152411447246561,-1.540593835071358,0,Loyal Established Customers
-0.5758995733161386,-1.4934955734146411,0,Loyal Established Customers
-0.6189356152717687,-1.1647917743056129,0,Loyal Established Customers
0.5639469952806554,-0.7168544947703144,0,Loyal Established Customers
0.62702928219936,-0.8420892204733971,0,Loyal Established Customers
-1.942505092026288,0.6205167481597347,1,Newer / Developing Customers
1.5615569073770255,-1.526917412524515,0,Loyal Established Customers
0.7812736000640532,-0.8841983387903555,0,Loyal Established Customers
-0.37679574788793674,0.08595910476365155,1,Newer / Developing Customers
2.4013190342756907,1.1278343835339075,2,Senior High-Risk Customers
-0.10960381411399944,-0.02654329567865405,1,Newer / Developing Customers
2.795996306469985,0.5717104904681575,2,Senior High-Risk Customers
2.912593636957223,0.5040640972819187,2,Senior High-Risk Customers
2.443548502382255,1.075275430586345,2,Senior High-Risk Customers
-1.093735840051782,0.10285763661910541,1,Newer / Developing Customers
0.828948784836573,-1.5430614991089542,0,Loyal Established Customers
0.8498326052078147,2.4613138248037503,2,Senior High-Risk Customers
1.1073551972319922,-0.9900374126301034,0,Loyal Established Customers
-1.961145112016471,0.6549139428273797,1,Newer / Developing Customers
0.4194355138065559,-0.3448940230310074,0,Loyal Established Customers
0.5367453709990743,-0.8988130291014853,0,Loyal Established Customers
-1.1208621672046344,-0.502548092739404,1,Newer / Developing Customers
0.5136095796899203,-1.5385398344724053,0,Loyal Established Customers
-0.1848549581284513,-0.17949938434949392,1,Newer / Developing Customers
-1.937902322330594,0.4667706129096513,1,Newer / Developing Customers
-1.4794117147727546,0.2437703904290961,1,Newer / Developing Customers
-0.3324699456524977,-0.5450161130340089,0,Loyal Established Customers
0.7824935073684096,-1.5306261302363477,0,Loyal Established Customers
-0.41262156194378413,-1.5240570375247933,0,Loyal Established Customers
1.712301253140296,-1.339715547240437,0,Loyal Established Customers
0.020595859262687956,-0.010556668014481262,1,Newer / Developing Customers
-0.5002055807116739,0.4374982760472914,1,Newer / Developing Customers
-1.317378417565605,0.6228601458774798,1,Newer / Developing Customers
-1.0784630731215006,-0.22455780849534768,1,Newer / Developing Customers
-0.9393481506891703,-0.9435348429459877,1,Newer / Developing Customers
-1.2326192288030926,-0.1203158544136664,1,Newer / Developing Customers
0.2159168455437853,0.23436012515629226,1,Newer / Developing Customers
-0.4310951795813681,-0.4659486610108156,1,Newer / Developing Customers
-0.48556380280360456,-0.1203641086474328,1,Newer / Developing Customers
-1.2031148756672811,-0.35963644024279867,1,Newer / Developing Customers
1.1459470465366954,-0.6265315720758844,0,Loyal Established Customers
-0.6768413023513783,0.5185971505763819,1,Newer / Developing Customers
-0.4070285614450553,-1.335663296260917,0,Loyal Established Customers
-1.0822723762323014,0.5331595147570347,1,Newer / Developing Customers
-1.2288076780401624,-0.5449119387996789,1,Newer / Developing Customers
-1.1058149268316897,0.41367364054695577,1,Newer / Developing Customers
-1.6446235379782568,0.20133789041681893,1,Newer / Developing Customers
1.0895351821267698,-1.4915283494318254,0,Loyal Established Customers
-1.3558437569622361,0.635150507620061,1,Newer / Developing Customers
1.3432194194744,-1.5052047719786685,0,Loyal Established Customers
0.4754971177572408,-0.403274240778065,0,Loyal Established Customers
0.5445746465706446,-1.1727826356988091,0,Loyal Established Customers
1.7710002258746012,1.5242163162819276,2,Senior High-Risk Customers
1.441326030019622,-1.36267528232638,0,Loyal Established Customers
-0.8555723466319177,-0.12081542664908379,1,Newer / Developing Customers
-0.11360709488280268,0.043453809994250345,1,Newer / Developing Customers
0.8648615406101751,1.8285878097928954,2,Senior High-Risk Customers
-0.02751484045222618,-0.04191756828211928,1,Newer / Developing Customers
1.103558882315947,-1.0398975349351653,0,Loyal Established Customers
-0.14626448104532813,0.6321409674995383,1,Newer / Developing Customers
1.1389681418475979,-1.366349975824816,0,Loyal Established Customers
1.4524462000157388,1.7735854633591188,2,Senior High-Risk Customers
-0.27641205289996773,0.5668659310186592,1,Newer / Developing Customers
0.9633664110732371,-1.1591429390561634,0,Loyal Established Customers
-0.3748524619672019,0.27160595708841945,1,Newer / Developing Customers
0.6628622380073133,-1.5226716182217122,0,Loyal Established Customers
-1.8191547400698629,0.46491384407021386,1,Newer / Developing Customers
-1.1170226212367047,-0.4450078185191683,1,Newer / Developing Customers
-0.49574521258169124,-1.4107236715134839,0,Loyal Established Customers
2.450743601647314,0.9192937467488346,2,Senior High-Risk Customers
0.5543500279023329,-0.6111838747138795,0,Loyal Established Customers
1.7377437302519883,-1.49366403554006,0,Loyal Established Customers
1.5221772393934732,-1.2644064080993234,0,Loyal Established Customers
1.0791410369653995,-0.8195666555779634,0,Loyal Established Customers
1.770503749760275,-1.3920319118226765,0,Loyal Established Customers
1.1729469708046643,1.8793782519342492,2,Senior High-Risk Customers
0.3147069505839514,-1.3953877118867186,0,Loyal Established Customers
0.43706389023035014,-1.2532510543136757,0,Loyal Established Customers
-1.54517926591942,-0.13962445386564257,1,Newer / Developing Customers
0.13717069786425765,-1.360608870028405,0,Loyal Established Customers
-1.9151552966484702,0.6544870660596513,1,Newer / Developing Customers
-0.5455545655952411,-1.49356099283654,0,Loyal Established Customers
2.9431080721180836,0.5815148535540332,2,Senior High-Risk Customers
2.048358562416382,1.4123596745419793,2,Senior High-Risk Customers
1.2647503432928366,2.0244778068264733,2,Senior High-Risk Customers
0.2680312314940893,0.021582647666311232,1,Newer / Developing Customers
-0.1950274044299305,-1.4131343094912237,0,Loyal Established Customers
2.1547586761512454,0.8058042978485265,2,Senior High-Risk Customers
-0.8070075846431888,-0.9214843621169971,0,Loyal Established Customers
-1.8259399477451614,0.4627416414634524,1,Newer / Developing Customers
-1.977785783317496,0.6505636244039648,1,Newer / Developing Customers
-1.9035770225175934,0.34369254044315983,1,Newer / Developing Customers
-0.36578726836421943,0.5973495804526757,1,Newer / Developing Customers
0.5012270915311757,2.1261500165525473,2,Senior High-Risk Customers
-1.939320443920865,0.6382732626613837,1,Newer / Developing Customers
1.0922874609624817,-1.4034349049009023,0,Loyal Established Customers
-1.5763011624567809,0.3510821319204423,1,Newer / Developing Customers
-1.5576926425619195,0.0024889680953471896,1,Newer / Developing Customers
-0.3030016049043406,0.2428697324061863,1,Newer / Developing Customers
1.397619645566265,-1.1667446680803726,0,Loyal Established Customers
-0.07819852146194203,-0.05893137524799335,1,Newer / Developing Customers
0.9909890319210052,-1.4599798163885849,0,Loyal Established Customers
-0.6250888671698617,-1.210510276542202,0,Loyal Established Customers
-0.7693220821979475,0.4838053665287964,1,Newer / Developing Customers
0.8133172610835864,-0.8327873371568363,0,Loyal Established Customers
-0.9885536200219491,0.4954627618239792,1,Newer / Developing Customers
1.0558438050989007,-1.0289493541660997,0,Loyal Established Customers
0.05131766574289355,-0.22710441180504798,0,Loyal Established Customers
-0.6287306026364642,0.5499580508440202,1,Newer / Developing Customers
-0.5468293188648065,0.09842423001578554,1,Newer / Developing Customers
1.069579641614094,-0.7191691228539632,0,Loyal Established Customers
-1.107300921638477,0.4473935471007247,1,Newer / Developing Customers
2.7713758478425783,0.5425035577507491,2,Senior High-Risk Customers
-0.2509638831491856,0.6179709983061897,1,Newer / Developing Customers
1.1637593554035028,-0.6828269013136516,0,Loyal Established Customers
-1.499175586926114,-0.16637302602963214,1,Newer / Developing Customers
0.42685533037777684,-0.22728815327241864,0,Loyal Established Customers
1.3106989939015228,-0.879204168726718,0,Loyal Established Customers
-1.1228031910402305,0.6371948887600152,1,Newer / Developing Customers
-1.511892949067053,0.1743370951515608,1,Newer / Developing Customers
0.22909682796855974,-0.7075139219514164,0,Loyal Established Customers
0.6428951068990976,2.5501582706699133,2,Senior High-Risk Customers
0.5712934529262506,-1.3692592573791633,0,Loyal Established Customers
-0.7406615658959552,-1.076481492298384,0,Loyal Established Customers
2.164355643529568,0.7001336777920915,2,Senior High-Risk Customers
-0.9840946241135473,-0.9046246744419819,1,Newer / Developing Customers
2.312573905515031,0.7640350038879371,2,Senior High-Risk Customers
-1.3602983555616932,0.6409084264388901,1,Newer / Developing Customers
-1.2075954414394032,0.508986425379935,1,Newer / Developing Customers
-1.127414472154546,0.5297606022243365,1,Newer / Developing Customers
-0.059962516318832405,-0.4693566613444247,0,Loyal Established Customers
1.8546382835174096,-1.3597340743597914,0,Loyal Established Customers
-0.01664993617919514,-0.5238353321113678,0,Loyal Established Customers
-0.6725124828161577,-1.1119587035812095,0,Loyal Established Customers
-1.2408831305133505,0.643159387657545,1,Newer / Developing Customers
-0.7621058456585793,0.6258666634228737,1,Newer / Developing Customers
1.5259413681034064,-1.3046749993043047,0,Loyal Established Customers
0.44215063392677206,-0.2972322669537426,0,Loyal Established Customers
-1.6133837942251925,-0.012739539401823104,1,Newer / Developing Customers
-1.6647230592082054,0.1545301495611227,1,Newer / Developing Customers
-0.5351604973253062,-0.11800510236130177,1,Newer / Developing Customers
0.922009257363513,-1.525140210918118,0,Loyal Established Customers
-0.606378232697214,0.42137218374721747,1,Newer / Developing Customers
1.6141745152032771,-1.3839825244158563,0,Loyal Established Customers
1.3807481105168131,1.0881845544291782,2,Senior High-Risk Customers
-0.2984601716103173,-0.27755531674766215,1,Newer / Developing Customers
1.3509959074131324,-1.5058187141118786,0,Loyal Established Customers
-1.847323168111061,0.5186971463448504,1,Newer / Developing Customers
-0.28600627583512916,-0.2237324715145329,1,Newer / Developing Customers
1.0527019763005758,2.527430923087692,2,Senior High-Risk Customers
-0.8852570123370322,-0.8485698152932961,1,Newer / Developing Customers
-1.409654051768015,-0.09981745853500298,1,Newer / Developing Customers
0.8624267851034134,-0.8441864594019158,0,Loyal Established Customers
1.9736662975797135,1.5648628581386659,2,Senior High-Risk Customers
-0.12829210384275683,0.5936360427738009,1,Newer / Developing Customers
-0.5018392498236669,-0.6101838624236819,0,Loyal Established Customers
-1.268426217438381,-0.30259840346925637,1,Newer / Developing Customers
-0.5101102163945952,0.3963723353551892,1,Newer / Developing Customers
1.3520582059436177,-1.1854086638069836,0,Loyal Established Customers
-0.30130295160570486,0.2943461534616045,1,Newer / Developing Customers
0.6402269241309461,-0.9104170354043649,0,Loyal Established Customers
0.7950214481800137,-0.9308599082831877,0,Loyal Established Customers
-1.8195797299943104,0.3886029157220749,1,Newer / Developing Customers
-0.42131613178457045,-0.049677684431056614,1,Newer / Developing Customers
-1.402478867818893,-0.11638202004576392,1,Newer / Developing Customers
2.4310862142578618,0.6877335749611336,2,Senior High-Risk Customers
0.2886457418009673,-1.0304618756828487,0,Loyal Established Customers
-0.3324629255248729,0.2368374086528868,1,Newer / Developing Customers
-0.572273371950847,-1.2970843711561857,0,Loyal Established Customers
-0.5782146962009275,-0.008604812741624883,1,Newer / Developing Customers
1.0744831389782932,-0.8392792931863378,0,Loyal Established Customers
-1.619604071032077,0.1774521033284532,1,Newer / Developing Customers
-1.4599147226122189,-0.24689396671213443,1,Newer / Developing Customers
1.395760237821075,-1.011944238000414,0,Loyal Established Customers
1.5013550620678893,-1.4358535348512151,0,Loyal Established Customers
-1.973331184718039,0.6448057055851356,1,Newer / Developing Customers
0.2627516662144177,-0.8908265906746085,0,Loyal Established Customers
1.0454560708458005,-1.3985844673070351,0,Loyal Established Customers
-1.3013235567539545,0.4869574071310066,1,Newer / Developing Customers
1.1648900510643596,-1.0464615072704357,0,Loyal Established Customers
1.2901384781306997,-1.2304713405097587,0,Loyal Established Customers
-1.9073649450844328,0.6275514285301802,1,Newer / Developing Customers
0.5668381682160033,-1.1394340829129272,0,Loyal Established Customers
-0.10194872402487853,0.1655072341673008,1,Newer / Developing Customers
2.425736879626238,0.9075035041767058,2,Senior High-Risk Customers
-0.7701477349889524,-0.2102945349835459,1,Newer / Developing Customers
-0.28182086007581036,-0.973864863488176,0,Loyal Established Customers
-1.4829680765357516,-0.00695838497094111,1,Newer / Developing Customers
-0.47497075556353,0.6274742713730416,1,Newer / Developing Customers
-1.4953232960330793,-0.14450878146989068,1,Newer / Developing Customers
-0.7673881553814119,0.6097264476715808,1,Newer / Developing Customers
-1.9632860046857648,0.648850089662562,1,Newer / Developing Customers
0.7233512608796432,-1.2478176570630815,0,Loyal Established Customers
-0.8409273300447211,0.19557637772790318,1,Newer / Developing Customers
-0.5536290762762005,0.34664097845269215,1,Newer / Developing Customers
-0.7987600569485924,-0.7819803577882862,1,Newer / Developing Customers
-0.7260423743752122,0.5632652378992169,1,Newer / Developing Customers
0.7721623774742776,2.526129249483513,2,Senior High-Risk Customers
-0.810225623833489,0.4848540084105598,1,Newer / Developing Customers
2.362567802746013,0.5224708828202524,2,Senior High-Risk Customers
-0.509314005366541,0.1040745007678614,1,Newer / Developing Customers
-0.4815607579459595,-1.1653697081522008,0,Loyal Established Customers
0.8643636922742683,-0.639525907016895,0,Loyal Established Customers
-0.23826107074434194,0.5276498281686648,1,Newer / Developing Customers
-0.26354787427415005,-0.9061952346898845,0,Loyal Established Customers
0.7065077953715616,2.441643812840953,2,Senior High-Risk Customers
0.9231597180770994,-1.1425973248485004,0,Loyal Established Customers
-1.175714677882147,-0.6312541442816765,1,Newer / Developing Customers
-0.274131174553661,-0.33595177622218,1,Newer / Developing Customers
-1.8802184490942637,0.6360511900028935,1,Newer / Developing Customers
0.8032045144787824,2.491634818824821,2,Senior High-Risk Customers
0.7306154001458449,0.8499836584918979,2,Senior High-Risk Customers
0.6443022986269831,2.5140312995334053,2,Senior High-Risk Customers
-0.4399547795531727,-0.4634150010582248,1,Newer / Developing Customers
1.6203186886413747,-1.4479157769239432,0,Loyal Established Customers
0.5017335116534581,-1.1523272905546593,0,Loyal Established Customers
1.1741427692390936,-0.9663798550546837,0,Loyal Established Customers
-1.6673477365584684,0.044024379594878475,1,Newer / Developing Customers
-0.06807383978491345,-1.425341558693977,0,Loyal Established Customers
-1.796855646397487,0.49298930952366055,1,Newer / Developing Customers
-0.5158719582224972,-0.09360483725010707,1,Newer / Developing Customers
0.9801433568531203,-0.893411919238679,0,Loyal Established Customers
-1.9343129732673074,0.6364879631926799,1,Newer / Developing Customers
-0.7067347115974182,0.532975773289664,1,Newer / Developing Customers
-1.0263282088848533,0.4923378123900205,1,Newer / Developing Customers
-0.6399373750195309,0.44221782996235265,1,Newer / Developing Customers
-1.3930878995383353,-0.37618865133433105,1,Newer / Developing Customers
-0.5288521388867035,-1.508551484241799,0,Loyal Established Customers
-1.1533301176048156,0.13793131658934854,1,Newer / Developing Customers
-1.8153311304926176,0.2287089856711135,1,Newer / Developing Customers
0.943689974873599,1.9628700227598515,2,Senior High-Risk Customers
1.4702598811041265,1.2691556228265382,2,Senior High-Risk Customers
0.010491301254321288,1.6499928975928508,2,Senior High-Risk Customers
0.9022885849021508,-0.5041950521681754,0,Loyal Established Customers
-0.520554687071846,-0.6735955331812538,0,Loyal Established Customers
-0.49590272834911814,-0.33019263130639537,1,Newer / Developing Customers
1.4303225570242044,-1.4449449467808433,0,Loyal Established Customers
0.9466938763272821,-1.356830461030504,0,Loyal Established Customers
-0.507637202575829,-0.32598766525725625,1,Newer / Developing Customers
-1.07678676712182,0.5747702869355314,1,Newer / Developing Customers
2.975636203929376,0.5133005163415723,2,Senior High-Risk Customers
1.1557530381001468,-1.5242611870525062,0,Loyal Established Customers
0.649557117896047,-1.4047282847056164,0,Loyal Established Customers
-0.3169854869853621,-0.513241991329176,0,Loyal Established Customers
-0.21809873799992321,1.9616596541239522,2,Senior High-Risk Customers
1.223855474650704,2.3093194755376274,2,Senior High-Risk Customers
0.8595346276138772,2.252901953421242,2,Senior High-Risk Customers
1.5740986846911111,-1.361035747963971,0,Loyal Established Customers
1.9817779562620386,1.2688448889885935,2,Senior High-Risk Customers
-0.538140237910342,0.41658292210130293,1,Newer / Developing Customers
1.2752269258398283,2.2321785000847245,2,Senior High-Risk Customers
-0.8211894867105833,-0.06851688075916229,1,Newer / Developing Customers
-1.2092386858024233,0.5810427936202827,1,Newer / Developing Customers
0.32872996466233856,-0.7196896417426516,0,Loyal Established Customers
0.15648879371340552,-0.2968837517971851,0,Loyal Established Customers
0.6573829629136663,-0.5583616130659056,0,Loyal Established Customers
-0.0695239116701377,-0.36895912862042457,0,Loyal Established Customers
2.774551417488006,0.45060831750772234,2,Senior High-Risk Customers
2.9454652897443347,0.5274472499228681,2,Senior High-Risk Customers
-0.8191172733317668,-1.1077769731441234,0,Loyal Established Customers
-1.2970782644997323,-0.45611011857909295,1,Newer / Developing Customers
-1.9489140254782815,0.6485420818753406,1,Newer / Developing Customers
0.16545126717919395,-0.4650609219850927,0,Loyal Established Customers
-0.3750685062799557,0.2818114303217103,1,Newer / Developing Customers
0.06534507713022572,-0.9457358591081139,0,Loyal Established Customers
-1.3346112458279018,0.6211303694086168,1,Newer / Developing Customers
-0.21406588436758625,-0.6384703717268566,0,Loyal Established Customers
1.9085626077721622,1.2779764112868348,2,Senior High-Risk Customers
-0.21439137840095818,-0.10284610063672539,1,Newer / Developing Customers
0.006409065650381927,0.46621711912914804,1,Newer / Developing Customers
1.3641395869670538,-1.1934179408451906,0,Loyal Established Customers
-0.7429374377139624,0.25545702617701543,1,Newer / Developing Customers
0.36710508354349813,-0.12191107230773549,0,Loyal Established Customers
1.7812488414916765,-1.3646838662209468,0,Loyal Established Customers
0.5986644127012022,-0.6296830967513035,0,Loyal Established Customers
-1.8672763696471621,0.5689286224178001,1,Newer / Developing Customers
-1.9535058653115902,0.6669125385101996,1,Newer / Developing Customers
0.8230417051249748,-0.8366549941265701,0,Loyal Established Customers
-0.5538430622565836,-0.3153553152562371,1,Newer / Developing Customers
-0.8407293276685702,0.018994512025615744,1,Newer / Developing Customers
-0.9970078329251004,0.4258900019105428,1,Newer / Developing Customers
-1.4964291848330884,0.45590239637434893,1,Newer / Developing Customers
-0.3992666408526404,0.34660905204045117,1,Newer / Developing Customers
-0.23405195822058938,-0.4543003535165438,0,Loyal Established Customers
-1.3974119162980245,-0.3141035867085868,1,Newer / Developing Customers
-1.1199946555833251,0.6473664719829253,1,Newer / Developing Customers
-1.3159253653260614,-0.3547828129538361,1,Newer / Developing Customers
-1.8853279455562273,0.6020253491031359,1,Newer / Developing Customers
0.5395405673666774,-1.1089996111733493,0,Loyal Established Customers
-0.16404254537365318,0.10636324330512872,1,Newer / Developing Customers
0.9989880484525323,-1.3504730687739341,0,Loyal Established Customers
0.3700771178901187,-1.2142853628098293,0,Loyal Established Customers
-1.2208970566603474,0.45898936944723207,1,Newer / Developing Customers
-0.12933585927888605,0.5819433814369696,1,Newer / Developing Customers
-1.6033023519231415,0.5696071161535462,1,Newer / Developing Customers
-0.9953057490725136,-0.6429698552710724,1,Newer / Developing Customers
-1.2983227667551738,0.60504810837599,1,Newer / Developing Customers
-0.6708947356618401,0.6342468972282453,1,Newer / Developing Customers
-1.8332749879541868,0.5026704083120644,1,Newer / Developing Customers
1.4259035304517647,-1.444460115294449,0,Loyal Established Customers
0.14846392499260122,0.5094015644124236,1,Newer / Developing Customers
-0.49529389475103736,-1.3464844846594086,0,Loyal Established Customers
-0.6719384910979693,0.622554235891414,1,Newer / Developing Customers
-0.07560311853181444,0.13126574586301704,1,Newer / Developing Customers
-1.391841742901208,-0.15611278777277027,1,Newer / Developing Customers
0.6620515922265521,-0.927057715570361,0,Loyal Established Customers
1.2706962238715844,2.3641948091257436,2,Senior High-Risk Customers
-0.2077349125871173,2.5219579471265723,2,Senior High-Risk Customers
0.6211382860202249,-0.8115935727858665,0,Loyal Established Customers
0.5314261642411915,0.08328738056635021,0,Loyal Established Customers
1.328791734569903,1.9909542033734093,2,Senior High-Risk Customers
1.4429615941440104,1.523657350213523,2,Senior High-Risk Customers
-1.528990193093252,-0.1495873387336109,1,Newer / Developing Customers
0.3562653453489539,-0.3317181166553394,0,Loyal Established Customers
0.46061985425541097,0.03898887397941228,0,Loyal Established Customers
0.3409693556891684,-0.037706747326608746,0,Loyal Established Customers
0.598213500337135,-0.8680635556900934,0,Loyal Established Customers
-1.9595218759758315,0.6085814984575808,1,Newer / Developing Customers
1.8992324140070607,1.772287660588086,2,Senior High-Risk Customers
-0.08971867449202577,-0.6447329819895499,0,Loyal Established Customers
-1.598619858984951,0.1745893182528294,1,Newer / Developing Customers
-0.27370747827735853,-0.690081733080844,0,Loyal Established Customers
-1.9103335488771025,0.5995894407952405,1,Newer / Developing Customers
-1.2995661086987975,0.5665648166397126,1,Newer / Developing Customers
-0.3784857281931636,0.3182757105376237,1,Newer / Developing Customers
1.9898121393539965,1.5472198213555237,2,Senior High-Risk Customers
0.2918051535775613,-1.3988421474192574,0,Loyal Established Customers
-0.06314083040742119,0.5188076014882287,1,Newer / Developing Customers
-1.3159279947858344,0.5944133266561457,1,Newer / Developing Customers
0.6859429270248386,2.4597716811104897,2,Senior High-Risk Customers
-1.7701374111692827,0.5735070605110679,1,Newer / Developing Customers
-0.5054758316201917,0.6097492862829108,1,Newer / Developing Customers
0.9455527299848494,-0.6547130985235821,0,Loyal Established Customers
0.014873323768522365,0.37144839457716144,1,Newer / Developing Customers
1.2647603885078262,1.86013632236105,2,Senior High-Risk Customers
2.908139038357766,0.5098220161007478,2,Senior High-Risk Customers
0.40294505947907616,-0.020639948369154205,0,Loyal Established Customers
1.1147670269205943,-1.3802918253483114,0,Loyal Established Customers
-1.1944278530451875,0.6307240187849388,1,Newer / Developing Customers
0.021469501148063688,0.14768707327574335,1,Newer / Developing Customers
-1.4650438074969672,0.5629314391317595,1,Newer / Developing Customers
1.7753760213951564,1.5160513328803589,2,Senior High-Risk Customers
-0.43786284273324344,0.3524982515388092,1,Newer / Developing Customers
-0.7614382028709681,0.6299743934809661,1,Newer / Developing Customers
0.3229521393019735,-0.533755957053095,0,Loyal Established Customers
1.2263731660793065,2.0989010043337775,2,Senior High-Risk Customers
1.2986205932324055,-0.7924554204462745,0,Loyal Established Customers
-1.2357792819574316,-0.5528028044244064,1,Newer / Developing Customers
1.2170167229814344,1.7267085986274755,2,Senior High-Risk Customers
-0.43088889983940004,-0.3617386333413754,1,Newer / Developing Customers
-1.885097070863175,0.29150494126348503,1,Newer / Developing Customers
2.3299097304726977,1.335225295972947,2,Senior High-Risk Customers
0.40058150783599006,-0.9724931220722915,0,Loyal Established Customers
-1.7290355766743923,0.16880816382194744,1,Newer / Developing Customers
0.5140903392835248,-0.48790291151865967,0,Loyal Established Customers
-1.549633864518877,-0.1338665350468134,1,Newer / Developing Customers
0.993925449507563,-1.5221465421636882,0,Loyal Established Customers
0.6921805556346956,-0.916917661758969,0,Loyal Established Customers
1.1883272238748255,-0.7210258916934006,0,Loyal Established Customers
0.5513716595388779,-0.5247303615460883,0,Loyal Established Customers
-0.5818331913278039,0.35277025103940884,1,Newer / Developing Customers
-0.4174265426269632,0.6307759479146929,1,Newer / Developing Customers
0.9786573620463325,-0.8596920126849099,0,Loyal Established Customers
0.1721957076015652,-1.3169119103204403,0,Loyal Established Customers
0.08145461603365578,0.29089592448314094,1,Newer / Developing Customers
0.2642442756822435,0.03144829654323279,1,Newer / Developing Customers
0.2776744550116612,-1.0226028266272686,0,Loyal Established Customers
0.9744872671801438,1.753050550981929,2,Senior High-Risk Customers
-0.8169763806624727,-1.1017131199793055,0,Loyal Established Customers
-1.5824968443125802,0.12654333914162758,1,Newer / Developing Customers
0.20531238086714107,0.09899774089605445,1,Newer / Developing Customers
-0.09815103688725316,-0.23276715482245053,1,Newer / Developing Customers
-0.06380778708424219,0.2906326157827296,1,Newer / Developing Customers
-1.9533686240777386,0.6543000006941697,1,Newer / Developing Customers
-0.7911340053684488,0.464770017034298,1,Newer / Developing Customers
1.0029033546128052,2.0561848616518064,2,Senior High-Risk Customers
-1.9807074895931716,0.4849540041790286,1,Newer / Developing Customers
0.5492425897727401,-1.3174114825558576,0,Loyal Established Customers
0.22492540561383606,1.3284286756156805,2,Senior High-Risk Customers
-1.9221288803246748,0.4402225708755276,1,Newer / Developing Customers
0.7033980593435419,-1.197586180990132,0,Loyal Established Customers
2.7150464208182736,0.5571691675069214,2,Senior High-Risk Customers
0.1052752740593347,-1.2897891081360522,0,Loyal Established Customers
0.31982209495195935,-0.13137383800525138,0,Loyal Established Customers
1.4806462431356464,2.0869252472622875,2,Senior High-Risk Customers
1.662570983849852,-1.4700717875434461,0,Loyal Established Customers
0.26065629884053737,-0.5864035650346091,0,Loyal Established Customers
-0.987852418806646,0.14156469409730157,1,Newer / Developing Customers
1.2980096125325744,-1.0486262838970946,0,Loyal Established Customers
0.7474755177587271,-0.7924695682574164,0,Loyal Established Customers
2.6452824940470423,0.9726978335516282,2,Senior High-Risk Customers
1.4167019049271063,-1.2465544306386183,0,Loyal Established Customers
-0.007215083013945536,-1.123888966196355,0,Loyal Established Customers
0.332382018216907,-1.4390705033084559,0,Loyal Established Customers
-0.555941409984783,-0.08967176085847436,1,Newer / Developing Customers
-1.2631593970838142,0.6454868645321579,1,Newer / Developing Customers
-1.7599875717368603,0.47180905980475824,1,Newer / Developing Customers
0.6979552695401585,2.3349398385868128,2,Senior High-Risk Customers
-0.5214337392701085,0.08212337420615878,1,Newer / Developing Customers
-1.7903059709073479,0.4098767541699015,1,Newer / Developing Customers
-0.611735959678043,0.3074231025707074,1,Newer / Developing Customers
-0.24065818081512014,-0.06619754774970249,1,Newer / Developing Customers
0.007649100346535431,-0.2784731847937128,0,Loyal Established Customers
0.9692992660826766,-0.7338239235337063,0,Loyal Established Customers
1.0747437786043128,0.9334340541288012,2,Senior High-Risk Customers
-1.727272763039394,0.3593874020475714,1,Newer / Developing Customers
0.524653539294062,-0.5523209955131407,0,Loyal Established Customers
0.7852524008651599,-0.4865378919338143,0,Loyal Established Customers
-0.31271337427096685,-0.8668002346994843,0,Loyal Established Customers
-0.18172765822159814,0.3143875191922892,1,Newer / Developing Customers
-1.0636451011672237,0.5344383497498839,1,Newer / Developing Customers
1.315155245366764,-1.3830225824030533,0,Loyal Established Customers
0.32449335372461796,-1.4492660801196886,0,Loyal Established Customers
-0.6504671085489688,0.6287315667747386,1,Newer / Developing Customers
1.2016856202529658,-0.9956305577597456,0,Loyal Established Customers
1.8921900823059383,1.214132210813423,2,Senior High-Risk Customers
0.825255377632293,2.4397870440015157,2,Senior High-Risk Customers
0.0884738483117549,-1.08786257542409,0,Loyal Established Customers
0.09650162049544272,0.2321091639376373,1,Newer / Developing Customers
0.18246667890715693,-0.004991160988125472,1,Newer / Developing Customers
-1.5808075501181436,0.11829398901506208,1,Newer / Developing Customers
2.4687846997519793,0.8171169146172821,2,Senior High-Risk Customers
-0.9792214464979127,0.20752514208212455,1,Newer / Developing Customers
1.3804663064936604,-1.390134635613903,0,Loyal Established Customers
0.06328789416134097,2.183202794075112,2,Senior High-Risk Customers
-1.3138303331684251,0.5927970279057895,1,Newer / Developing Customers
1.0088006546770218,-1.2922078899789455,0,Loyal Established Customers
-1.3501198492464903,-0.19498906626639528,1,Newer / Developing Customers
0.9890827266588206,-1.16753175381863,0,Loyal Established Customers
1.4752570009829005,-1.097621550622772,0,Loyal Established Customers
0.5411999695985313,-0.9045709479203144,0,Loyal Established Customers
0.7827233367330334,-0.6885779023642832,0,Loyal Established Customers
0.03692761747598394,-0.8007356584831775,0,Loyal Established Customers
0.48243314964749273,-0.3901102878209028,0,Loyal Established Customers
2.5063341658421345,0.7207955825398561,2,Senior High-Risk Customers
0.17494758097069052,-1.054677193704803,0,Loyal Established Customers
-1.9588314060863077,0.6430921708437328,1,Newer / Developing Customers
-0.21074673947147207,0.26294262754838926,1,Newer / Developing Customers
-0.6219224528758647,0.6354603127991957,1,Newer / Developing Customers
-0.06075941345767674,0.04700842889030984,1,Newer / Developing Customers
1.3277292088869612,-1.1270122043324655,0,Loyal Established Customers
-0.3902792372195234,-1.4883014201561724,0,Loyal Established Customers
0.5025493998736773,-0.3438118881395859,0,Loyal Established Customers
-0.6507331960514,0.01602368188251583,1,Newer / Developing Customers
1.3146499168218586,1.4972461969720319,2,Senior High-Risk Customers
-0.13542668583687367,1.8340130848212597,2,Senior High-Risk Customers
2.817604930252837,0.5652752835354523,2,Senior High-Risk Customers
-0.4285054328803774,0.4506974180350122,1,Newer / Developing Customers
-1.4898090986132528,0.041477895211246466,1,Newer / Developing Customers
-0.6702434721060528,-0.20322466558254176,1,Newer / Developing Customers
-0.8884249907274332,-0.2518154260311353,1,Newer / Developing Customers
1.7070953897205965,1.7691946375663679,2,Senior High-Risk Customers
-0.4052031623271891,0.06661782092316465,1,Newer / Developing Customers
-1.0012436427686429,-0.4748265750935456,1,Newer / Developing Customers
0.5980088287279055,-0.4453996008224838,0,Loyal Established Customers
1.894124289766678,1.2901273083935147,2,Senior High-Risk Customers
-0.6528699720559528,-1.3344437051667426,0,Loyal Established Customers
-1.6064909933868257,-0.007255738359834639,1,Newer / Developing Customers
0.03485939762152545,0.18727837636684852,1,Newer / Developing Customers
-0.5224597432528333,0.46387549444339343,1,Newer / Developing Customers
1.0190170101809768,1.9484131113586207,2,Senior High-Risk Customers
1.0554049515491482,-1.0789385871179773,0,Loyal Established Customers
-1.1513800329194464,0.540337429225515,1,Newer / Developing Customers
0.49089308734812376,-1.1380670792548566,0,Loyal Established Customers
-0.7754412086269745,-0.07144760053364893,1,Newer / Developing Customers
-0.7762854975187796,-1.1879580894702566,0,Loyal Established Customers
-0.9391169491029662,-0.549621126368737,1,Newer / Developing Customers
1.6373335212817355,1.5125215366688545,2,Senior High-Risk Customers
1.3143798357950693,0.935784369614744,2,Senior High-Risk Customers
-0.6429046065906199,-0.03387866906740066,1,Newer / Developing Customers
1.4067331089078223,-1.4267831885009261,0,Loyal Established Customers
1.301011774752936,-1.3786700939469247,0,Loyal Established Customers
-1.3598692937055499,0.3977502982971442,1,Newer / Developing Customers
0.7733709655668571,-1.3802393645604702,0,Loyal Established Customers
-0.5232874543762088,0.4419773598732713,1,Newer / Developing Customers
0.9780688029818271,-0.9113186617229554,0,Loyal Established Customers
-0.43043964034111687,0.37470232045491986,1,Newer / Developing Customers
-0.662223388550558,-0.8735365316512134,0,Loyal Established Customers
-0.5224697884678227,0.6282169789088166,1,Newer / Developing Customers
1.611817578221229,-1.3798409043473836,0,Loyal Established Customers
-0.016305773825630577,0.3686293794891912,1,Newer / Developing Customers
-0.4533593873375171,-0.2752299581492906,1,Newer / Developing Customers
1.1377960925370294,2.2607523116766335,2,Senior High-Risk Customers
0.16394479408606313,-1.361014113806673,0,Loyal Established Customers
-0.6113746664651977,2.564082101549121,2,Senior High-Risk Customers
-0.43340344135825487,-1.221730456811867,0,Loyal Established Customers
-0.08607062261881067,0.03321680734944128,1,Newer / Developing Customers
1.1423121721779954,-1.1067358011637303,0,Loyal Established Customers
0.2607079142814279,1.9783687772007164,2,Senior High-Risk Customers
1.572603611424328,-1.4369675961548776,0,Loyal Established Customers
0.028233733745987935,0.449576438963152,1,Newer / Developing Customers
0.6559771434073612,-0.970369153224211,0,Loyal Established Customers
-0.025006913594409628,-0.1379205385832383,1,Newer / Developing Customers
0.9146750102884662,0.5670215972315115,2,Senior High-Risk Customers
0.44874681130631344,-0.5209935882551606,0,Loyal Established Customers
-1.2169626158630549,0.5252027597864631,1,Newer / Developing Customers
0.2352248435378233,-1.0479322059528853,0,Loyal Established Customers
0.8342162913019301,-0.8190434867549462,0,Loyal Established Customers
-1.8235736516589145,0.518325792576963,1,Newer / Developing Customers
-0.07349706456520003,0.46336845750474326,1,Newer / Developing Customers
-0.25400653197827117,0.04406563385121922,1,Newer / Developing Customers
1.397070994022882,2.1859454099822138,2,Senior High-Risk Customers
-0.06826739221199891,-0.13273027663300166,1,Newer / Developing Customers
-0.2747113412689612,-0.053859414868142975,1,Newer / Developing Customers
-1.418212417380286,0.5580810015378921,1,Newer / Developing Customers
-0.718534599373658,-1.2545876573438794,0,Loyal Established Customers
0.8743776465772247,2.392711892095942,2,Senior High-Risk Customers
0.9296757201561583,-0.9206311994378439,0,Loyal Established Customers
0.3666592098661206,-0.9537538269465088,0,Loyal Established Customers
0.3057904078801634,-1.0908649349787083,0,Loyal Established Customers
-1.6032777569720569,0.15487668064445498,1,Newer / Developing Customers
1.5645345896296905,-1.3893036700448993,0,Loyal Established Customers
-0.9111595250058326,-0.017719063282583276,1,Newer / Developing Customers
1.6313949414748161,1.9047320724937882,2,Senior High-Risk Customers
-0.8089697728759183,-0.48734722334552044,1,Newer / Developing Customers
-1.9465332946393277,0.4008101649248284,1,Newer / Developing Customers
0.4994318645376097,-0.9521142925841001,0,Loyal Established Customers
1.8683113115025591,1.734976384874137,2,Senior High-Risk Customers
0.4202973775218207,-0.42496749129038713,0,Loyal Established Customers
1.3766793506818145,-1.3802689867369815,0,Loyal Established Customers
0.3081077481170455,-0.22543138443298116,0,Loyal Established Customers
2.413066253427506,1.087953387824274,2,Senior High-Risk Customers
-1.300262912605156,-0.473866633080742,1,Newer / Developing Customers
-1.879987574401211,0.3255307821632426,1,Newer / Developing Customers
-0.6867801378397365,0.03460978592190102,1,Newer / Developing Customers
-0.549973388414913,0.5045154394162622,1,Newer / Developing Customers
-0.34733848158887826,-1.0210368543840742,0,Loyal Established Customers
-1.5243983532599432,-0.16795779536846997,1,Newer / Developing Customers
1.2743251696800368,1.6643369887945716,2,Senior High-Risk Customers
0.13807687685029119,-0.08430080437591855,1,Newer / Developing Customers
-0.8116988737151718,0.4828978853038345,1,Newer / Developing Customers
-1.19384134398996,-0.6018845561513223,1,Newer / Developing Customers
-1.8220638629952206,0.24101558914115484,1,Newer / Developing Customers
-0.5869003466014409,-1.447099783064176,0,Loyal Established Customers
-1.0837583710390892,0.5668794213108039,1,Newer / Developing Customers
1.8384099153739002,1.241494725110622,2,Senior High-Risk Customers
1.389380790865078,-1.0224556455796932,0,Loyal Established Customers
1.5550821850406695,1.207298677870647,2,Senior High-Risk Customers
-0.7712228985738102,-1.0162846160805024,0,Loyal Established Customers
-1.1571257464100704,-0.13599606136312023,1,Newer / Developing Customers
-0.48737966039786074,2.3595713801460048,2,Senior High-Risk Customers
-1.8407038829854034,0.27541278380879997,1,Newer / Developing Customers
-0.9064643657159723,0.4301625056578221,1,Newer / Developing Customers
0.2723230620476668,-0.1306311304694764,0,Loyal Established Customers
-0.2722235418029417,-0.051599872692393016,1,Newer / Developing Customers
2.5256283975840335,0.9502494032382045,2,Senior High-Risk Customers
-0.5002253728872268,-0.7162420779754645,0,Loyal Established Customers
-0.2393048261804712,0.5159571668318335,1,Newer / Developing Customers
0.06384629266528793,0.14859455450070516,1,Newer / Developing Customers
1.114103050598092,-1.5297273398115743,0,Loyal Established Customers
0.0814553021444461,0.06682866883573425,1,Newer / Developing Customers
-0.6700995616391224,-0.461919292563894,1,Newer / Developing Customers
-0.6229520911653088,0.13995711050705648,1,Newer / Developing Customers
-1.2364469247450427,-0.5569105344824988,1,Newer / Developing Customers
2.7824225518898813,0.6324533741203865,2,Senior High-Risk Customers
-0.8444934563785036,0.05926310323059699,1,Newer / Developing Customers
-1.6455318200297064,0.6221660691011084,1,Newer / Developing Customers
-0.44903262613466705,-1.2335840453646618,0,Loyal Established Customers
0.24940194282968614,-0.3324288977788734,0,Loyal Established Customers
-0.586425717271903,0.5952079633216748,1,Newer / Developing Customers
-0.14714748203490308,0.41417145502733005,1,Newer / Developing Customers
-0.1609453733405409,-0.1620803336053516,1,Newer / Developing Customers
-1.6232123224073578,0.6275187441416694,1,Newer / Developing Customers
1.7279571637913462,1.0710665937040598,2,Senior High-Risk Customers
-1.9301030072899494,0.49655961310450086,1,Newer / Developing Customers
-0.5190489000895054,0.4464249142877329,1,Newer / Developing Customers
-1.9391456642742178,0.4282873211733738,1,Newer / Developing Customers
-0.03560229981105841,-0.1636311680988005,1,Newer / Developing Customers
-0.6089052832300155,0.572064883769084,1,Newer / Developing Customers
-0.5460899332445076,2.569041789832334,2,Senior High-Risk Customers
-1.520846344072846,0.452166020084144,1,Newer / Developing Customers
1.263072078867578,-0.8061231521929296,0,Loyal Established Customers
1.1830506389494726,-1.5546956587920844,0,Loyal Established Customers
0.9987833768433029,-0.9278091139063241,0,Loyal Established Customers
-1.850507816216484,0.5009406318432014,1,Newer / Developing Customers
-1.42029049057491,-0.2841539464554034,1,Newer / Developing Customers
-0.5356336656638838,-0.6637828762959127,0,Loyal Established Customers
-0.9219968779748547,-0.19529375015550565,1,Newer / Developing Customers
-1.2133466582493586,0.632922385012736,1,Newer / Developing Customers
1.0939988591862222,-1.3876345135059787,0,Loyal Established Customers
-1.1488630276016343,0.5539862136690716,1,Newer / Developing Customers
-1.9370746112072186,0.4886687474797734,1,Newer / Developing Customers
-0.7942341577558802,0.6544741227025418,1,Newer / Developing Customers
-0.6763575176704092,0.6230390673778085,1,Newer / Developing Customers
0.7436926338785771,-1.10207297587038,0,Loyal Established Customers
0.26023123034265455,0.21586090311886824,1,Newer / Developing Customers
-2.0273788113740885,0.5075948462849257,1,Newer / Developing Customers
-0.5551196274116555,-1.2478356757073696,0,Loyal Established Customers
-0.5235034986889625,0.4521828331065621,1,Newer / Developing Customers
1.1337214041517827,-1.3877632789085437,0,Loyal Established Customers
1.1126261342513,-1.3863556785131292,0,Loyal Established Customers
0.40888295317520545,-0.18878322854668114,0,Loyal Established Customers
-0.4365842192458007,0.6127768450477213,1,Newer / Developing Customers
-0.718554187796443,-0.41073641060022764,1,Newer / Developing Customers
1.028686831304332,-1.10652922108503,0,Loyal Established Customers
1.2468736469372108,-0.8558860385069448,0,Loyal Established Customers
1.3961370365803831,-1.2284265623690815,0,Loyal Established Customers
2.162172800083377,0.7183566120199616,2,Senior High-Risk Customers
0.14698200211750945,0.22365241447630785,1,Newer / Developing Customers
0.017174284773580503,0.39530265225400896,1,Newer / Developing Customers
-1.1208106587869322,-0.2140760474525028,1,Newer / Developing Customers
-0.5989956088604043,0.019728528761202513,1,Newer / Developing Customers
-0.050226935485077805,-1.035774330511703,0,Loyal Established Customers
-1.5305698213592405,0.18204043784377913,1,Newer / Developing Customers
2.3708059713364102,0.6022491159669798,2,Senior High-Risk Customers
0.7029464608686845,-1.2118993842815151,0,Loyal Established Customers
0.9592006366245577,2.1067876914926438,2,Senior High-Risk Customers
0.8590116215225763,-1.479923946128223,0,Loyal Established Customers
-0.9529255717343836,-0.7374641748885887,1,Newer / Developing Customers
-1.9128505541949146,0.5859406563516838,1,Newer / Developing Customers
-0.5271263142333483,0.16036983000562868,1,Newer / Developing Customers
0.2211907629174126,-0.08321866948449708,1,Newer / Developing Customers
-0.554428190767138,-1.4873182425313165,0,Loyal Established Customers
0.7545212352807552,-0.3297159193252313,0,Loyal Established Customers
-1.0198598689019192,-0.6840196773079394,1,Newer / Developing Customers
2.330738127706863,1.1330561748956622,2,Senior High-Risk Customers
0.776540810414805,-0.654605053456106,0,Loyal Established Customers
0.5723230912156947,-0.8737560550870236,0,Loyal Established Customers
-0.6657797503135549,-1.124265307051251,0,Loyal Established Customers
-0.5721160480582438,-0.38302494405452875,1,Newer / Developing Customers
0.9515640896297929,2.2234545506147523,2,Senior High-Risk Customers
-0.3220845503759718,0.5467467506118385,1,Newer / Developing Customers
-0.8511443565828705,-0.06457562041115728,1,Newer / Developing Customers
-1.1986693555278198,-0.4750461138063034,1,Newer / Developing Customers
1.060505369551116,-1.1545645009628955,0,Loyal Established Customers
-1.611976602497307,-0.048866510538331236,1,Newer / Developing Customers
-0.6070739450261955,-1.0172677937053585,0,Loyal Established Customers
-1.1657972972741208,-0.6258042332500687,1,Newer / Developing Customers
-0.9227899936652018,0.22867067269441352,1,Newer / Developing Customers
-1.383380229226228,0.64538751026487,1,Newer / Developing Customers
1.2950738810568065,-1.210526813769398,0,Loyal Established Customers
0.48188953679079916,2.3691174945416997,2,Senior High-Risk Customers
-1.4135276301985664,0.46586993052681874,1,Newer / Developing Customers
0.21740421257215328,-0.24749429269229023,0,Loyal Established Customers
2.2200707040331356,0.5246990054275774,2,Senior High-Risk Customers
1.1192302985134601,-1.1022567173377507,0,Loyal Established Customers
0.956231346721098,2.3028929594051104,2,Senior High-Risk Customers
-0.32355780025765457,0.5447906275051132,1,Newer / Developing Customers
0.06830254413052911,-0.3552238591756295,0,Loyal Established Customers
0.8520463516221416,-0.4818940344186476,0,Loyal Established Customers
-1.3373701393246522,-0.4229578688939165,1,Newer / Developing Customers
0.7638059037504427,-1.1345140474312996,0,Loyal Established Customers
-0.6916885969991896,-1.2993353323748407,0,Loyal Established Customers
-0.043810340527714736,0.5189210792067357,1,Newer / Developing Customers
-1.8265422554515838,0.4903638048420231,1,Newer / Developing Customers
-0.34203706580128296,0.3729109710373814,1,Newer / Developing Customers
1.2039062827561557,-1.2611528792222875,0,Loyal Established Customers
-1.2132921247442918,-0.02480057585268145,1,Newer / Developing Customers
0.33090235742695395,-0.3994298194203841,0,Loyal Established Customers
2.807203078853052,0.6794507113498247,2,Senior High-Risk Customers
-0.024514736564235313,0.30024038861027064,1,Newer / Developing Customers
-0.38078898344175066,-0.008385274028867067,1,Newer / Developing Customers
1.8216071174047404,1.8915557691173976,2,Senior High-Risk Customers
1.6473172406877632,1.506128558381004,2,Senior High-Risk Customers
-0.06147036163354362,-0.9171753418711913,0,Loyal Established Customers
-1.164521654140997,-0.44426511098339333,1,Newer / Developing Customers
-0.5885974239257281,0.050880885352000124,1,Newer / Developing Customers
-0.8168211151022401,0.4845480740645713,1,Newer / Developing Customers
1.1097751494812784,2.3906146531674226,2,Senior High-Risk Customers
-1.8920696415354374,0.5576073148488563,1,Newer / Developing Customers
1.3141198822798401,-1.060996233347802,0,Loyal Established Customers
1.8595102042577443,0.5204135594910263,2,Senior High-Risk Customers
-0.14922965428404655,-0.5161572984724351,0,Loyal Established Customers
-0.9329671277588245,0.6164336541048856,1,Newer / Developing Customers
0.35842771050880196,-1.2796141492585589,0,Loyal Established Customers
-0.371852358079211,0.6137639139808094,1,Newer / Developing Customers
-0.3073248182290111,2.541813818832981,2,Senior High-Risk Customers
-0.24292626950327656,-0.2239903475639135,1,Newer / Developing Customers
-1.6951002531352142,0.06446685547297841,1,Newer / Developing Customers
-1.6602949541757699,0.2636970728194039,1,Newer / Developing Customers
-0.21945631632250187,0.4476081764784329,1,Newer / Developing Customers
1.4333632545441075,2.0774624815647718,2,Senior High-Risk Customers
-0.14099056367170096,0.3145621728587488,1,Newer / Developing Customers
0.19467937261419696,-1.2056750252613795,0,Loyal Established Customers
-1.9756448906482023,0.6566274775687825,1,Newer / Developing Customers
0.03944187835063512,0.10918214855000583,1,Newer / Developing Customers
-0.35097243392563016,-0.750299845287463,0,Loyal Established Customers
1.6621479736843394,-1.3400090863321887,0,Loyal Established Customers
-0.5926781719618058,-1.2611660983746191,0,Loyal Established Customers
-0.24698798581096237,-1.1106256104086052,0,Loyal Established Customers
0.40866896719482226,-0.8507795222556102,0,Loyal Established Customers
-0.22582559492312648,-1.0204021919157755,0,Loyal Established Customers
1.4546928187469677,-1.303560938000642,0,Loyal Established Customers
-0.7451098304785778,-0.06480279614525225,1,Newer / Developing Customers
-0.6664471571900079,-0.15336454327747964,1,Newer / Developing Customers
-0.27470996904738076,-0.5019939261629563,0,Loyal Established Customers
0.10338896100233627,2.546392803861284,2,Senior High-Risk Customers
-1.2320126006791607,0.50525004908973,1,Newer / Developing Customers
-0.7438371355413831,-0.9845862520553575,0,Loyal Established Customers
0.02892081781460599,0.5794889121917823,1,Newer / Developing Customers
-1.119991225029374,-0.47296980625410817,1,Newer / Developing Customers
0.20701446471972795,-0.9698621162855608,0,Loyal Established Customers
2.1615229087491694,1.1076936635359347,2,Senior High-Risk Customers
1.519175763283902,-1.1584298536969,0,Loyal Established Customers
-1.480480277069732,-0.004698842795191151,1,Newer / Developing Customers
0.6236660226638164,-1.1863535284551399,0,Loyal Established Customers
1.6457142682360724,-1.4642166327335702,0,Loyal Established Customers
-0.5067514747533154,0.42821016401623524,1,Newer / Developing Customers
-0.047469414209907905,0.45644841908564365,1,Newer / Developing Customers
-0.3216315796795339,0.11292544260840841,1,Newer / Developing Customers
-0.6006899417415305,0.6214401745877515,1,Newer / Developing Customers
-0.5892616361593883,-1.0735631229431257,0,Loyal Established Customers
-1.2454749703466592,0.661529844292404,1,Newer / Developing Customers
0.6512739025442522,2.521922165158133,2,Senior High-Risk Customers
-0.44334707962214454,-0.13724703193450077,1,Newer / Developing Customers
1.170968571815246,-1.3226191261064708,0,Loyal Established Customers
1.390352378666964,1.714441472496947,2,Senior High-Risk Customers
0.5731093743529877,1.459213872239529,2,Senior High-Risk Customers
-1.9512277314084443,0.6603638538589874,1,Newer / Developing Customers
0.8840347227754755,-0.6265544106872145,0,Loyal Established Customers
-0.17274139089890336,-0.0973799478776575,1,Newer / Developing Customers
-1.0455664199167174,-0.7900463634482038,1,Newer / Developing Customers
-1.9298445110425453,0.6044083489775895,1,Newer / Developing Customers
-1.4013550156557164,0.32815859108060935,1,Newer / Developing Customers
-1.5856026893391015,0.11119388922271756,1,Newer / Developing Customers
-0.9959606469350201,-0.6827536149896593,1,Newer / Developing Customers
1.3418824440715755,-1.2457801936913249,0,Loyal Established Customers
1.3579960996397467,-1.3535519439845107,0,Loyal Established Customers
1.2379685216699925,-1.1638392573591716,0,Loyal Established Customers
0.5870046696216975,-0.3036020096295406,0,Loyal Established Customers
1.2104327355167905,-1.377669510361769,0,Loyal Established Customers
-0.3568325011368461,-0.12861385577472106,1,Newer / Developing Customers
1.300590319228415,2.1257489307650546,2,Senior High-Risk Customers
0.41119597299457816,0.023462255117078674,0,Loyal Established Customers
0.014415391276830267,-0.6487855860485242,0,Loyal Established Customers
0.914833387303601,-1.2845083937599506,0,Loyal Established Customers
1.478639941947673,-1.48351529092848,0,Loyal Established Customers
1.0435221440292648,-1.5245055484498196,0,Loyal Established Customers
0.9960231111249721,-1.5237628409140447,0,Loyal Established Customers
-1.1253201963580426,0.6235461043164585,1,Newer / Developing Customers
-1.9383179531508428,0.45018545574349605,1,Newer / Developing Customers
0.5874797813092577,-0.48295311965750437,0,Loyal Established Customers
-1.222439146513541,0.5932437423526423,1,Newer / Developing Customers
-0.44392312967270353,-1.199558204464904,0,Loyal Established Customers
-0.29491345943471814,0.1405160765754608,1,Newer / Developing Customers
-0.6339247501761955,0.5959506708574498,1,Newer / Developing Customers
1.780581198704065,-1.3687915962790391,0,Loyal Established Customers
-1.1690008476915388,-0.02377675665547311,1,Newer / Developing Customers
1.6975779115319667,1.6532050665581355,2,Senior High-Risk Customers
-1.0707663591486338,-0.7612281904589822,1,Newer / Developing Customers
-0.6329167705198515,-1.384675181239692,0,Loyal Established Customers
0.39951783708392435,-0.8447686610823729,0,Loyal Established Customers
-0.788777068386401,0.4606283969658249,1,Newer / Developing Customers
0.9232962732001609,-0.9311426070171234,0,Loyal Established Customers
-0.46969114555081304,0.5149490323194059,1,Newer / Developing Customers
-0.6021725507274126,0.5597582802990427,1,Newer / Developing Customers
1.035961014292496,-1.3100298239024935,0,Loyal Established Customers
0.6115741909588043,-0.839861494866795,0,Loyal Established Customers
0.4518775417671178,-1.1474429629504115,0,Loyal Established Customers
-1.4355444608894556,-0.10550995793193321,1,Newer / Developing Customers
1.484040601536989,1.088555511196343,2,Senior High-Risk Customers
-0.6496667808561736,-1.0079698016970295,0,Loyal Established Customers
-1.9682207215010816,0.4048383072747945,1,Newer / Developing Customers
1.781691080862335,-1.4100964341115472,0,Loyal Established Customers
-0.8693537531755703,0.2838519406285184,1,Newer / Developing Customers
2.756071465833588,0.5027959166873972,2,Senior High-Risk Customers
-1.0710061973182938,-0.5074324203436522,1,Newer / Developing Customers
-1.7629295669791198,0.3818493470130626,1,Newer / Developing Customers
0.9405606166343751,2.1411848861602887,2,Senior High-Risk Customers
0.7456161100135369,-0.6376691381774576,0,Loyal Established Customers
0.30567091809971597,-0.684807615588612,0,Loyal Established Customers
-1.8914057801963238,0.6541157122917639,1,Newer / Developing Customers
-0.08413572904728103,-0.1148553507178732,1,Newer / Developing Customers
-1.9007272223945808,0.5536445919207891,1,Newer / Developing Customers
0.04476838588034632,-0.14099072299362608,1,Newer / Developing Customers
0.8332395175345736,2.0952486182429326,2,Senior High-Risk Customers
2.01888719658086,1.5706688352541032,2,Senior High-Risk Customers
1.0469708660377939,-1.246773859508283,0,Loyal Established Customers
-0.0330843277382525,-0.42397562286534257,0,Loyal Established Customers
1.7010854022972337,-1.55710752286678,0,Loyal Established Customers
1.5510362523075831,-1.2307519209674531,0,Loyal Established Customers
-1.2849685758111544,-0.2698175075519674,1,Newer / Developing Customers
-0.06974225022642032,-0.6615603822767769,0,Loyal Established Customers
1.4681162439916715,2.159360792251348,2,Senior High-Risk Customers
-0.1548018860132338,-0.0019463304660315359,1,Newer / Developing Customers
1.7104425315058958,-1.4089823728078847,0,Loyal Established Customers
1.2386991797248421,2.22506215856492,2,Senior High-Risk Customers
0.010011035896683354,2.369879186300444,2,Senior High-Risk Customers
1.1296093597731516,-1.0164146310262052,0,Loyal Established Customers
1.862332839251113,1.479271941149538,2,Senior High-Risk Customers
-0.4596699631282131,-1.2350078874875363,0,Loyal Established Customers
0.7027850203113398,-0.7815552774987313,0,Loyal Established Customers
2.327632968791132,0.8936394693293459,2,Senior High-Risk Customers
-0.6212829946130118,-0.8478913215575502,0,Loyal Established Customers
0.5783792900452616,2.5389657285035345,2,Senior High-Risk Customers
-1.519335754314974,0.003715678021283954,1,Newer / Developing Customers
0.5432935592842447,-0.5867181901807859,0,Loyal Established Customers
-1.63503564905993,-0.013984484384291666,1,Newer / Developing Customers
0.7358801621680411,2.4702706934355323,2,Senior High-Risk Customers
2.427006830120272,0.8839890708562276,2,Senior High-Risk Customers
-1.2223803517570198,0.6213747308059299,1,Newer / Developing Customers
-0.5672062166772102,0.5027856629473992,1,Newer / Developing Customers
1.4479279000382532,-1.381383048040644,0,Loyal Established Customers
2.3914569435338637,1.318455850404386,2,Senior High-Risk Customers
-1.6448395822910107,0.2115433636501098,1,Newer / Developing Customers
-1.0382194680351553,0.3280720856042855,1,Newer / Developing Customers
-0.1842547087543995,0.46508021921415554,1,Newer / Developing Customers
2.9325561975975236,0.5135583923909528,2,Senior High-Risk Customers
-1.3740301201451905,0.011659138636869147,1,Newer / Developing Customers
-0.00018368117520834587,-0.4303578378064673,0,Loyal Established Customers
0.7837670921691626,-0.6768852410274518,0,Loyal Established Customers
-0.8505070032437874,-0.8454109758489565,1,Newer / Developing Customers
-0.5025618315829314,0.21757264046835775,1,Newer / Developing Customers
1.5207254594687178,1.9685766699679232,2,Senior High-Risk Customers
-0.43651312240531376,0.05739764359097135,1,Newer / Developing Customers
-0.7851877193231144,0.6303457472488536,1,Newer / Developing Customers
-1.8868139403630146,0.6357452556569049,1,Newer / Developing Customers
1.315982675845936,-1.3111984642702388,0,Loyal Established Customers
0.5150935161643372,-0.9000579740839538,0,Loyal Established Customers
-0.08608174180095479,-0.8367305198439241,0,Loyal Established Customers
-1.9014233849231945,0.3140803639474832,1,Newer / Developing Customers
-0.3934575513081121,-0.5001371573235189,1,Newer / Developing Customers
-0.9586491988059261,0.042749415435175374,1,Newer / Developing Customers
0.8648594822778044,2.500789576735116,2,Senior High-Risk Customers
1.470185729044522,-1.5530880508419163,0,Loyal Established Customers
-1.3908107323901833,-0.10874409677544455,1,Newer / Developing Customers
-1.2898913809539345,0.6442179259613666,1,Newer / Developing Customers
-0.09828965034268525,0.22797989428839274,1,Newer / Developing Customers
2.7981693853453904,0.6679030571430186,2,Senior High-Risk Customers
0.15269042046499,0.32545789283997295,1,Newer / Developing Customers
1.1073461187719964,-1.099689167374779,0,Loyal Established Customers
-0.6844664319095735,0.02278801393825411,1,Newer / Developing Customers
0.012637085468526897,2.032250444971875,2,Senior High-Risk Customers
-1.107306850188725,-0.7326685023182923,1,Newer / Developing Customers
-1.440819179357261,0.3832089753359081,1,Newer / Developing Customers
-0.39345960964048277,0.17206460961870118,1,Newer / Developing Customers
-1.3751393161926702,-0.17110327917802956,1,Newer / Developing Customers
-1.1127791754050897,-0.06436656989050096,1,Newer / Developing Customers
1.3514458530222058,-0.9934450159629896,0,Loyal Established Customers
-1.76488170999686,0.6516450013191164,1,Newer / Developing Customers
-0.6956873214393254,0.3988583340118947,1,Newer / Developing Customers
0.5395070089389855,-0.750993813388579,0,Loyal Established Customers
-0.8127238563708624,-0.6114201166059623,1,Newer / Developing Customers
-1.0059136443031087,0.3420040387057231,1,Newer / Developing Customers
-0.02096459383468511,-0.4020244963036399,0,Loyal Established Customers
-0.7126705469611768,0.028917286524970776,1,Newer / Developing Customers
-0.43806133934536096,-1.2414430944202417,0,Loyal Established Customers
-1.9495816682658926,0.6444343518172482,1,Newer / Developing Customers
-0.7228563540482084,0.1328872411060524,1,Newer / Developing Customers
0.8440792557291178,2.3050556625905365,2,Senior High-Risk Customers
1.3535415010402896,-1.3477940251656815,0,Loyal Established Customers
-1.2476158630159535,0.6554659911275863,1,Newer / Developing Customers
-0.7112191475874176,-0.45066517744883966,1,Newer / Developing Customers
-0.7213623723588022,0.6070276170290805,1,Newer / Developing Customers
0.9346261534921969,1.188991888100782,2,Senior High-Risk Customers
-0.7868890723318656,0.45020387138850676,1,Newer / Developing Customers
-1.3848719166721057,0.4740538612314852,1,Newer / Developing Customers
1.2186702179963977,-1.073824021567635,0,Loyal Established Customers
-1.4077973884659856,0.6416511339746651,1,Newer / Developing Customers
1.8888446797539609,1.4026525474471503,2,Senior High-Risk Customers
-0.4002958289424524,-1.3479698997309584,0,Loyal Established Customers
0.19151311733992274,-0.02911953644181372,1,Newer / Developing Customers
-0.9673204227768248,0.25737536796512844,1,Newer / Developing Customers
2.3727428785072653,0.8069096683520007,2,Senior High-Risk Customers
1.5714111988108046,1.3133887099915775,2,Senior High-Risk Customers
-0.5135578020927021,-1.3045023587130244,0,Loyal Established Customers
-0.3142083772874073,0.13512951152451913,1,Newer / Developing Customers
-0.48877841143995365,0.165637983643091,1,Newer / Developing Customers
2.7819803125192224,0.6778659420109869,2,Senior High-Risk Customers
-0.7292380630893445,-1.2030140002974143,0,Loyal Established Customers
0.4615250409691536,-0.5135058929674685,0,Loyal Established Customers
0.9246416409521911,-0.8568481749123845,0,Loyal Established Customers
-1.9105368482647513,0.5741188843680369,1,Newer / Developing Customers
0.2710039519515001,-1.2948588984831892,0,Loyal Established Customers
-1.9151286880980605,0.592489341002896,1,Newer / Developing Customers
-0.5190489000895054,0.4464249142877329,1,Newer / Developing Customers
-0.7906812705831691,-0.9440597848009954,0,Loyal Established Customers
0.9458429263572076,2.1573251019115816,2,Senior High-Risk Customers
-1.2714760782699148,0.33623317769762207,1,Newer / Developing Customers
-1.897758618601911,0.5816065796557289,1,Newer / Developing Customers
0.6768939250791093,-0.5631805212482548,0,Loyal Established Customers
0.5935562884608191,-1.111843448945875,0,Loyal Established Customers
0.08359550870294988,0.29695977764795867,1,Newer / Developing Customers
-1.8025529008297778,0.23619668095880572,1,Newer / Developing Customers
-0.6303752935574354,0.11775304159094575,1,Newer / Developing Customers
0.9759363026617381,-0.5836635044956908,0,Loyal Established Customers
0.9034443114548832,2.0824418956024386,2,Senior High-Risk Customers
0.924322963293676,-1.5369619829017651,0,Loyal Established Customers
0.937094850616589,-0.5789580740318485,0,Loyal Established Customers
-1.9073522001593282,0.591875398869686,1,Newer / Developing Customers
0.8989981052046313,2.4219188248133503,2,Senior High-Risk Customers
-1.7472854454428068,0.60555514531464,1,Newer / Developing Customers
0.9574298895986882,-1.43913417017345,0,Loyal Established Customers
1.7842818327731647,1.5999372960851788,2,Senior High-Risk Customers
-1.4124345920199208,0.37214731684833535,1,Newer / Developing Customers
2.4383031369080204,0.6057276162078041,2,Senior High-Risk Customers
1.4175728471023668,-1.216976144153322,0,Loyal Established Customers
-0.091790819136402,-0.30690588056382806,1,Newer / Developing Customers
-1.2650926377895595,0.29549852774196694,1,Newer / Developing Customers
1.8402152864050554,0.5150269944400846,2,Senior High-Risk Customers
-1.257829503733197,0.2999121921460479,1,Newer / Developing Customers
0.6879399430156216,-0.2491634492312108,0,Loyal Established Customers
-0.8617228540868496,-1.0628029514752997,0,Loyal Established Customers
-0.3176199065615254,0.3766473473275863,1,Newer / Developing Customers
-0.06335344416622384,-0.5913232035155139,0,Loyal Established Customers
-0.023069320312764614,-0.15732724184562413,1,Newer / Developing Customers
-1.271636832716469,0.542510028832999,1,Newer / Developing Customers
-0.5433842311629963,-0.5010994035720516,1,Newer / Developing Customers
0.49331011273483816,-0.6836368256632388,0,Loyal Established Customers
-1.7909506250182594,0.4587845714834971,1,Newer / Developing Customers
-0.9448465047247566,-0.94946958546399,1,Newer / Developing Customers
-0.18061846217411873,0.4971499370071879,1,Newer / Developing Customers
0.4014568025871499,-1.3123098756395728,0,Loyal Established Customers
-1.2268349503564768,0.627132649624759,1,Newer / Developing Customers
-1.8044913922980736,0.4385160300187175,1,Newer / Developing Customers
-0.7637519088011311,0.6417961654646129,1,Newer / Developing Customers
-1.4048520074028201,0.6362090459238826,1,Newer / Developing Customers
0.1724252100730373,-1.1792978068652777,0,Loyal Established Customers
0.12701674176709365,0.08549266456234514,1,Newer / Developing Customers
-0.8332732529595418,-0.09273996119563696,1,Newer / Developing Customers
0.30352163308121666,-1.0245904791455125,0,Loyal Established Customers
-0.5046481204968162,0.6316474208530328,1,Newer / Developing Customers
-1.7271448809097416,0.28704909304955784,1,Newer / Developing Customers
1.6280216367242835,1.7248092489774691,2,Senior High-Risk Customers
0.752864759911473,2.3920772296276427,2,Senior High-Risk Customers
2.101932044139865,1.4549284046600541,2,Senior High-Risk Customers
-0.18565185526729563,0.3368657058852406,1,Newer / Developing Customers
-0.8897837895153583,-0.06636657282797301,1,Newer / Developing Customers
-1.447852243900777,0.3648807473459034,1,Newer / Developing Customers
0.9568504089941781,-1.3811090644668194,0,Loyal Established Customers
2.6288780630189104,0.7687989360054808,2,Senior High-Risk Customers
-0.5831320124573861,-0.8871074244075444,0,Loyal Established Customers
0.5190719660708978,-1.530333138079631,0,Loyal Established Customers
1.816532459645456,1.5314910697407313,2,Senior High-Risk Customers
1.2253086267970397,-1.371798113824433,0,Loyal Established Customers
-0.3888882480935172,-0.775978945391507,0,Loyal Established Customers
1.475326725601807,-1.2048662407847086,0,Loyal Established Customers
-1.524195053872294,-0.14248723894126641,1,Newer / Developing Customers
-0.4884590476706483,0.6216845359850646,1,Newer / Developing Customers
-0.5145976873109539,0.5360687963113818,1,Newer / Developing Customers
0.5127902609157501,-1.226718958650445,0,Loyal Established Customers
1.5056026948145882,-1.3217542256920778,0,Loyal Established Customers
-0.7624819583070973,0.6182817321441347,1,Newer / Developing Customers
-0.4592938504796952,-1.2274229562087973,0,Loyal Established Customers
-0.291570115215111,0.624197506883953,1,Newer / Developing Customers
2.256522346779335,0.6580737371695717,2,Senior High-Risk Customers
1.4761957164678852,1.7732141095912315,2,Senior High-Risk Customers
0.922467189855205,-0.5049062302924322,0,Loyal Established Customers
1.4125424343635085,-1.2985209040330328,0,Loyal Established Customers
-0.7599649529892852,0.6319305165876914,1,Newer / Developing Customers
-1.2557261494766983,0.5033494489828455,1,Newer / Developing Customers
0.48835084570148235,-1.537852649936471,0,Loyal Established Customers
0.34425574727679475,-1.1031552967212894,0,Loyal Established Customers
0.7392387213899102,-1.3203823126989576,0,Loyal Established Customers
1.1195093580934525,2.272331495294958,2,Senior High-Risk Customers
-1.103848813809042,0.6297234351997832,1,Newer / Developing Customers
2.485553939293448,0.5250616683952766,2,Senior High-Risk Customers
-1.530157542519508,0.44038647674535164,1,Newer / Developing Customers
-0.5633584821128432,-1.10354665320669,0,Loyal Established Customers
-0.14944707081838085,-0.05781731394433089,1,Newer / Developing Customers
-0.6416631996728861,-1.226703484285075,0,Loyal Established Customers
0.9534252366083046,-0.9210025532057314,0,Loyal Established Customers
0.45423407328257914,-0.9774433109341697,0,Loyal Established Customers
-0.24651699078814365,0.05442681344787145,1,Newer / Developing Customers
0.19913122677049305,-0.3151639214905818,0,Loyal Established Customers
-1.6194253665955123,0.6176530952647479,1,Newer / Developing Customers
-0.5973445391895529,0.43291983795402367,1,Newer / Developing Customers
-0.3275701594864534,0.505135978433342,1,Newer / Developing Customers
1.295106082339514,1.6360036472917443,2,Senior High-Risk Customers
0.9879322659452342,-1.5500746398882475,0,Loyal Established Customers
-1.222199308343881,0.3394479722373123,1,Newer / Developing Customers
0.615307416700602,2.044854838922751,2,Senior High-Risk Customers
1.0454540125134297,-0.7263827003648146,0,Loyal Established Customers
2.6280510380063253,0.5228335457879516,2,Senior High-Risk Customers
-0.7665604442580364,0.6316245822417028,1,Newer / Developing Customers
1.471709602696511,-1.2916256882984882,0,Loyal Established Customers
-0.7272947771686097,-1.0173671479726467,0,Loyal Established Customers
-0.565247609863345,2.5510426869653626,2,Senior High-Risk Customers
-1.2678172950709201,0.6257742269237835,1,Newer / Developing Customers
0.51875759637483,-0.40846450272830165,0,Loyal Established Customers
0.5456029126385081,-0.22914492211185605,0,Loyal Established Customers
1.039129593942052,2.1400392954451077,2,Senior High-Risk Customers
2.958606675054728,0.5370412962999127,2,Senior High-Risk Customers
-0.49059994033994236,0.6156206828202468,1,Newer / Developing Customers
1.0354306127387365,-1.3267500917766157,0,Loyal Established Customers
-0.3385380604548539,0.41759322664644355,1,Newer / Developing Customers
1.234783187453779,-0.9575285162134136,0,Loyal Established Customers
0.014045612645146963,0.3495502600070393,1,Newer / Developing Customers
-0.5506640620572048,-1.5275868337362977,0,Loyal Established Customers
-1.9467731328089872,0.6546059350401583,1,Newer / Developing Customers
1.3857445442847967,-1.0545253633727254,0,Loyal Established Customers
0.6940818142499906,1.6074697512991285,2,Senior High-Risk Customers
-0.5281844960990922,-1.5044437541837068,0,Loyal Established Customers
0.16329964318412024,-0.08271603503708069,1,Newer / Developing Customers
-0.3384108644359916,0.569322173295837,1,Newer / Developing Customers
-1.1660413223588648,-0.1054665236652089,1,Newer / Developing Customers
0.8478641979416385,1.9424573032612793,2,Senior High-Risk Customers
-1.1504769045380745,0.6600444292208542,1,Newer / Developing Customers
-0.6352771380558504,-0.2601972829341851,1,Newer / Developing Customers
-0.7660300427042769,0.6483448501158251,1,Newer / Developing Customers
0.922467189855205,-0.5049062302924322,0,Loyal Established Customers
0.9242343025743553,2.163760308844287,2,Senior High-Risk Customers
-0.6672349758688567,0.47265230170193057,1,Newer / Developing Customers
-0.495748923779846,-0.24046140971375796,1,Newer / Developing Customers
-0.03914873134245387,-0.6316285449846154,0,Loyal Established Customers
-0.010009286626771408,2.32847964348515,2,Senior High-Risk Customers
-0.6711059771990624,-0.9240184190703107,0,Loyal Established Customers
2.1641368547736533,1.6066081736150088,2,Senior High-Risk Customers
0.47280894576614385,2.49521747282489,2,Senior High-Risk Customers
0.6402570520046869,-0.14808655495210166,0,Loyal Established Customers
-1.1927348923856416,0.47714688425320306,1,Newer / Developing Customers
-2.0305634594795117,0.48983833178327657,1,Newer / Developing Customers
-0.7417010456476206,0.5899483906413074,1,Newer / Developing Customers
0.7098296847108366,2.4467877895265726,2,Senior High-Risk Customers
0.7517126998238499,-0.33988750254814143,0,Loyal Established Customers
0.25498860931158057,-1.1499559338493,0,Loyal Established Customers
-1.8591653970756274,0.4969779089151342,1,Newer / Developing Customers
0.5591723468011028,-0.9430758726460519,0,Loyal Established Customers
-1.5409350189936268,0.06987665613597281,1,Newer / Developing Customers
-0.3250517819470609,0.07065025158208528,1,Newer / Developing Customers
2.216229785843625,0.915293242502155,2,Senior High-Risk Customers
-0.515704183648318,0.4819718333014117,1,Newer / Developing Customers
-1.117693008467477,0.44715347401236616,1,Newer / Developing Customers
-1.5600495795439673,0.006630588163820311,1,Newer / Developing Customers
0.6765067140930706,2.3591654500315475,2,Senior High-Risk Customers
-0.2975045783572893,-0.32799549117555354,1,Newer / Developing Customers
0.0004739163974135513,-0.2619086232829519,0,Loyal Established Customers
0.5526500023821168,-0.21452578447448428,0,Loyal Established Customers
-0.7748056329760585,-0.23000717259192027,1,Newer / Developing Customers
0.5900061457312689,-0.4095785640319642,0,Loyal Established Customers
2.4064278446268643,1.385927480081072,2,Senior High-Risk Customers
-0.7798622487987396,-0.4236954794995898,1,Newer / Developing Customers
1.4377653077205261,0.9793641622542296,2,Senior High-Risk Customers
2.285164629269901,0.9260009531821395,2,Senior High-Risk Customers
2.735954529496613,0.6805647726534872,2,Senior High-Risk Customers
0.4837131453565159,-0.577966205606804,0,Loyal Established Customers
-0.02797483127628889,-0.38994978196558494,0,Loyal Established Customers
0.3117353217039174,-0.4771546934693392,0,Loyal Established Customers
0.730192924334889,-0.49538671549812013,0,Loyal Established Customers
1.6269410289861495,1.6864227356652108,2,Senior High-Risk Customers
-0.4914276514633179,0.5937225482501248,1,Newer / Developing Customers
1.0916747025744833,-1.037329984972194,0,Loyal Established Customers
-0.006575231678565701,0.39567400602189645,1,Newer / Developing Customers
0.799708894953259,2.351550762373281,2,Senior High-Risk Customers
1.134891669495984,-1.0002744152749126,0,Loyal Established Customers
0.742896422850523,-0.8097751412830517,0,Loyal Established Customers
-1.0568544493386485,-0.23099301542805284,1,Newer / Developing Customers
-1.267735747548857,-0.2680877310831043,1,Newer / Developing Customers
0.576561645502398,-0.8693085006725619,0,Loyal Established Customers
-0.04619877760508398,0.2088667301177587,1,Newer / Developing Customers
-2.0280464541616996,0.5034871162268333,1,Newer / Developing Customers
-1.008666889893815,0.5279038333848991,1,Newer / Developing Customers
0.7029906139425177,-0.45327799418188436,0,Loyal Established Customers
0.6099586611565799,-0.23574278445750702,0,Loyal Established Customers
-0.8630173995319679,-0.6245580826457303,1,Newer / Developing Customers
-0.7007432511512163,-0.01889722854318155,1,Newer / Developing Customers
-0.6743226441677821,0.034185440162433106,1,Newer / Developing Customers
-1.4993832388896626,0.17755145759574112,1,Newer / Developing Customers
1.0263738114849597,-1.3187747047487897,0,Loyal Established Customers
-1.1613132121786678,-0.6700988933637834,1,Newer / Developing Customers
-0.45624547685312977,-1.471047143101217,0,Loyal Established Customers
-0.5749489461586175,2.5353873027004643,2,Senior High-Risk Customers
0.34967094565757945,-0.7302325787334493,0,Loyal Established Customers
2.8581230001356617,0.4969159391929661,2,Senior High-Risk Customers
0.09057784394599865,-0.08355809684014356,1,Newer / Developing Customers
-1.601136864302763,0.1609405338092727,1,Newer / Developing Customers
-0.273099242020688,0.4623581529596024,1,Newer / Developing Customers
-1.7405291997275016,0.3995842285252516,1,Newer / Developing Customers
-0.03729159400549503,-0.155381817972235,1,Newer / Developing Customers
-0.8090814524036919,-1.1634583602486805,0,Loyal Established Customers
-1.4718367214106811,0.0029729704855089786,1,Newer / Developing Customers
-0.23599160983460504,0.23730811668806218,1,Newer / Developing Customers
-0.2563195517976439,-0.16817984981254058,1,Newer / Developing Customers
-0.9153701770939808,0.3462765424530023,1,Newer / Developing Customers
-0.24933858877617565,-0.10056321300582946,1,Newer / Developing Customers
-0.772625533973028,0.6480389157698365,1,Newer / Developing Customers
1.0825626114545068,-1.225425975846454,0,Loyal Established Customers
0.26793692286872434,2.492316906430654,2,Senior High-Risk Customers
-1.6261620238880328,-0.020227234689515282,1,Newer / Developing Customers
1.0464900617111441,-1.272476305067473,0,Loyal Established Customers
0.48903937224202343,-0.7782130935877439,0,Loyal Established Customers
1.2854682406850753,-1.388649220542353,0,Loyal Established Customers
-0.10260430799817524,0.34979073009612066,1,Newer / Developing Customers
-0.05868348736480318,-0.38321933992022733,0,Loyal Established Customers
-0.5811819277720165,-0.48470131177137815,1,Newer / Developing Customers
-0.79365399104058,0.37238176134850476,1,Newer / Developing Customers
-1.4806956352716956,-0.21856062520930702,1,Newer / Developing Customers
0.9945461947781801,-1.3803911796155994,0,Loyal Established Customers
2.0366113432645663,1.4522406702516129,2,Senior High-Risk Customers
0.29882445186893863,0.13123223237827358,1,Newer / Developing Customers
-0.026082077179267367,-0.9439106196801944,0,Loyal Established Customers
-0.41641222895378477,-0.3439291268481459,1,Newer / Developing Customers
0.07275645661919591,-0.13691452234705195,1,Newer / Developing Customers
1.325095453076703,-1.3471697290433855,0,Loyal Established Customers
-0.6017943797465238,-0.1048585553644387,1,Newer / Developing Customers
-0.08561833803316299,-0.1765372450065822,1,Newer / Developing Customers
1.3332550061627688,2.2689893113839705,2,Senior High-Risk Customers
2.404127569732596,1.1380059667568176,2,Senior High-Risk Customers
-0.22511601896883998,0.39191609014053935,1,Newer / Developing Customers
-1.4508488428984463,-0.1452175989952849,1,Newer / Developing Customers
-0.6951028707164686,-0.16154847398214625,1,Newer / Developing Customers
-1.103848813809042,0.6297234351997832,1,Newer / Developing Customers
-0.5122826091592105,0.07611251303292148,1,Newer / Developing Customers
0.18491101141013336,-0.9854202645594129,0,Loyal Established Customers
2.564255177538009,0.5076149347128397,2,Senior High-Risk Customers
-0.9694613154461189,0.2513115148003107,1,Newer / Developing Customers
0.09419569769513028,-1.2458003823683264,0,Loyal Established Customers
1.4385069955445533,1.5294152690323524,2,Senior High-Risk Customers
-1.097935470330952,-0.14862388686320813,1,Newer / Developing Customers
-0.7067392679260859,-1.0952207874241668,0,Loyal Established Customers
0.8329463408078963,-0.795529053434468,0,Loyal Established Customers
-0.17830814206486134,0.5807299658660192,1,Newer / Developing Customers
0.8652675067664303,-0.7438861626689625,0,Loyal Established Customers
0.5378384835140907,-0.04013975399173377,0,Loyal Established Customers
2.723423844241848,0.9770675732899543,2,Senior High-Risk Customers
1.6118956951893413,-1.1533665841172376,0,Loyal Established Customers
-0.2501683582319217,0.5497404193662685,1,Newer / Developing Customers
-1.6787988146704826,0.5065478518607631,1,Newer / Developing Customers
0.6955882873431214,2.5034229431207087,2,Senior High-Risk Customers
-0.23747187984391274,-0.5465015281055589,0,Loyal Established Customers
0.9422114825524585,0.5567845945867025,2,Senior High-Risk Customers
-0.6382689645780241,-0.32156334645484735,1,Newer / Developing Customers
-0.19063415571039682,0.4545688116348762,1,Newer / Developing Customers
0.5683214185796299,-0.2768849668770693,0,Loyal Established Customers
1.0365488872462114,-1.0343359192170414,0,Loyal Established Customers
0.11304970366569614,-0.6182012833270418,0,Loyal Established Customers
-1.5833162780701384,0.38543709794323305,1,Newer / Developing Customers
-1.4378581668196184,-0.09368818594828632,1,Newer / Developing Customers
-0.2578042191158965,0.4423400228409705,1,Newer / Developing Customers
-0.5603660844632672,-1.3191749623537894,0,Loyal Established Customers
-0.31102441529277425,0.37695328167357484,1,Newer / Developing Customers
-0.026617404709944174,-0.12726412387393374,1,Newer / Developing Customers
0.4914194169701873,-0.8018777548908492,0,Loyal Established Customers
-0.9098718230583945,0.35221128497100446,1,Newer / Developing Customers
-1.440023654439997,0.31497839639598696,1,Newer / Developing Customers
-0.88000268338619,-0.3222973631904341,1,Newer / Developing Customers
-0.6244394581936767,0.621811528355639,1,Newer / Developing Customers
1.3207475597547025,-0.9705615854917701,0,Loyal Established Customers
0.7596303647309777,2.245832084020238,2,Senior High-Risk Customers
-1.783710479638597,0.41018268851589,1,Newer / Developing Customers
-0.7081419033253037,0.5691027444261721,1,Newer / Developing Customers
-0.4209214760416965,0.26662463581574597,1,Newer / Developing Customers
-1.2196572340400547,-0.3268555443255096,1,Newer / Developing Customers
0.10539837102367777,-1.2261539669931287,0,Loyal Established Customers
-0.30026484407562,-0.9239492181832732,0,Loyal Established Customers
-1.2171336140612041,0.6427880338896576,1,Newer / Developing Customers
1.353739107788849,-1.5273770243256315,0,Loyal Established Customers
1.3458219495553414,1.7431461677676618,2,Senior High-Risk Customers
0.7087208556750983,-0.2774967907340382,0,Loyal Established Customers
-1.462092955157702,0.1974486452926333,1,Newer / Developing Customers
-0.3755164382897039,0.12217044262515697,1,Newer / Developing Customers
-1.1760290351231526,-0.6581798853890896,1,Newer / Developing Customers
-1.6410239451633752,0.45974681773203,1,Newer / Developing Customers
-1.3865648773316517,0.6276309957632209,1,Newer / Developing Customers
1.6113659797463717,-1.3941541076387665,0,Loyal Established Customers
0.5428426469201775,-0.8250986491195756,0,Loyal Established Customers
0.14273574159239122,-0.33858140597764286,0,Loyal Established Customers
1.26835438859041,-0.7899829364416365,0,Loyal Established Customers
0.1349669598920741,0.21981880219505626,1,Newer / Developing Customers
0.6389583011254472,-0.3101026359841448,0,Loyal Established Customers
-0.2173522759552127,0.42697817766782387,1,Newer / Developing Customers
1.8260617607372427,0.8608633729040135,2,Senior High-Risk Customers
1.8020297541511532,-1.3930172077237741,0,Loyal Established Customers
-1.7737693051736643,0.17204230266545875,1,Newer / Developing Customers
0.8022299784809671,-1.3465848774285998,0,Loyal Established Customers
-1.3863551670357324,-0.3884952548043724,1,Newer / Developing Customers
1.1243314026262183,-1.4019498868300753,0,Loyal Established Customers
0.3628153113222913,-0.641899061114168,0,Loyal Established Customers
0.12616016000816963,-1.1997975787752089,0,Loyal Established Customers
-1.1193923478769028,0.6197443086043547,1,Newer / Developing Customers
0.3064671291277701,-0.9771054501759401,0,Loyal Established Customers
2.025959018544382e-05,0.395979940367885,1,Newer / Developing Customers
-0.6754865754951489,0.6526173538631044,1,Newer / Developing Customers
-1.7631648404970202,0.3074046869256966,1,Newer / Developing Customers
-1.3427020910076397,0.5948185704344138,1,Newer / Developing Customers
-1.0522991524193204,-0.7777397599781625,1,Newer / Developing Customers
0.6496278394017004,2.537851667199872,2,Senior High-Risk Customers
-1.8609235312415744,0.641437755053835,1,Newer / Developing Customers
0.16078126564472775,0.351769691814176,1,Newer / Developing Customers
-1.3004937872982083,-0.16334622524109124,1,Newer / Developing Customers
0.5062638081551154,-1.1102023275109634,0,Loyal Established Customers
-1.7136990084592902,0.29864451839534245,1,Newer / Developing Customers
-1.8049336316687317,0.48392859790931786,1,Newer / Developing Customers
-0.39712574818334634,0.3526729052052689,1,Newer / Developing Customers
-1.6482128870415433,0.03162054013379036,1,Newer / Developing Customers
-1.5048873910945,-0.17277670355081912,1,Newer / Developing Customers
0.03016201265647931,-0.6544905128757729,0,Loyal Established Customers
-1.288519404651495,0.6565146330093499,1,Newer / Developing Customers
0.978079253663403,-1.2498014182730934,0,Loyal Established Customers
-1.025650115415666,0.15796278589797513,1,Newer / Developing Customers
-0.3795204051692974,0.41623480394546813,1,Newer / Developing Customers
-0.6496339085392716,-1.1419083438343933,0,Loyal Established Customers
1.0627505421537555,2.4360735063226406,2,Senior High-Risk Customers
0.7566970585993218,-1.1297923752399972,0,Loyal Established Customers
1.134754708906336,-1.0375878610215745,0,Loyal Established Customers
0.4510585036371512,-0.8855480706911428,0,Loyal Established Customers
0.6592913265082212,-1.5230114425780812,0,Loyal Established Customers
0.11458255587088823,2.4563874644918062,2,Senior High-Risk Customers
1.2072480874113674,-1.3954260248634183,0,Loyal Established Customers
1.2329555245665884,0.876526901034065,2,Senior High-Risk Customers
0.05367419725835493,-0.05710475978880641,1,Newer / Developing Customers
1.2781975879648684,1.5879387208774445,2,Senior High-Risk Customers
-1.2471736236452955,0.6100534232369861,1,Newer / Developing Customers
-0.771412319903145,-0.07580827294614942,1,Newer / Developing Customers
-0.19018187112474919,0.2448147592788527,1,Newer / Developing Customers
0.6680518150791294,2.5136599457655175,2,Senior High-Risk Customers
-0.9215485867474679,-0.9641541425232606,0,Loyal Established Customers
-1.983850873032488,0.6669779579320985,1,Newer / Developing Customers
-0.7675866519935293,-0.9842148982874702,0,Loyal Established Customers
-1.178342785786361,0.3785763639891127,1,Newer / Developing Customers
1.165105409266323,-0.8325997248563195,0,Loyal Established Customers
-1.8895526362176254,0.5712560992924129,1,Newer / Developing Customers
0.9135942507940983,-0.7227307356346153,0,Loyal Established Customers
-0.319112280118193,0.42938095394160836,1,Newer / Developing Customers
-0.79807370372381,0.596933848482306,1,Newer / Developing Customers
-0.6034425012214464,0.5832727136195209,1,Newer / Developing Customers
-0.06994898016802045,0.4333053395330529,1,Newer / Developing Customers
-1.096211580703487,0.2889893204302677,1,Newer / Developing Customers
0.2761186908529215,0.14329624748299244,1,Newer / Developing Customers
0.03565560864957954,-0.10501945822047931,1,Newer / Developing Customers
0.2960669305937687,-1.3609905172190735,0,Loyal Established Customers
0.4823059536286304,-0.5418392344702959,0,Loyal Established Customers
1.6690407745227067,-1.3345252852902003,0,Loyal Established Customers
1.2350099630923124,-1.3561427295595345,0,Loyal Established Customers
1.881638207785378,1.1461757496503424,2,Senior High-Risk Customers
-0.9380725075560469,-0.7619957206793123,1,Newer / Developing Customers
0.036925559143613285,-0.12853389154095754,1,Newer / Developing Customers
-0.5796637020260718,-1.45322698220966,0,Loyal Established Customers
0.8122382079864435,2.503182473031627,2,Senior High-Risk Customers
-1.1348376745466728,0.5075565333082258,1,Newer / Developing Customers
1.1754979015619096,-1.0065009238526756,0,Loyal Established Customers
1.255273724303727,2.282409976157674,2,Senior High-Risk Customers
1.7993408960492663,1.7295417615265873,2,Senior High-Risk Customers
1.5370517735287375,1.9460012472839252,2,Senior High-Risk Customers
1.3113673227999243,-1.0991636943160326,0,Loyal Established Customers
-1.2987769177983681,-0.507586539634511,1,Newer / Developing Customers
-1.9185395312613882,0.6099399211585564,1,Newer / Developing Customers
1.741827908842017,-1.3019533300504742,0,Loyal Established Customers
-1.7213950363213666,0.6112476447115703,1,Newer / Developing Customers
-0.2607728229085661,0.41437803510603066,1,Newer / Developing Customers
-0.37844548545579737,2.47058957113863,2,Senior High-Risk Customers
0.1503894594599316,0.30160363516312544,1,Newer / Developing Customers
-0.2688502370524089,0.12832295082392642,1,Newer / Developing Customers
-1.489835707163662,0.10347562026800214,1,Newer / Developing Customers
-0.5894683661009884,0.021302598866704152,1,Newer / Developing Customers
-1.3008773238589382,0.3902987817054717,1,Newer / Developing Customers
-1.3539168502733254,-0.02078193292405065,1,Newer / Developing Customers
0.4638317267716917,-1.3071811866380116,0,Loyal Established Customers
0.4436359426227694,-0.10688491786010496,0,Loyal Established Customers
2.7773130554279173,0.5984275332206289,2,Senior High-Risk Customers
-0.6976174122353236,-1.0215402974526377,0,Loyal Established Customers
-0.676838963374804,-0.2035305999285303,1,Newer / Developing Customers
-0.765898043909883,-0.7683969927666285,1,Newer / Developing Customers
-0.38773913247868774,0.46226131396927855,1,Newer / Developing Customers
-1.2371018226075492,-0.5966942942010856,1,Newer / Developing Customers
0.36962208886131015,-0.10826228786417882,0,Loyal Established Customers
0.7000562546883305,-1.0633130353490012,0,Loyal Established Customers
-0.7874966224777458,-0.9263032702993463,0,Loyal Established Customers
0.4466038603046486,0.14514432552224166,1,Newer / Developing Customers
-1.0949751886371453,0.6234806848945597,1,Newer / Developing Customers
-0.4962016138320802,0.14343391472698028,1,Newer / Developing Customers
-0.5938491234167974,-1.4245877063608439,0,Loyal Established Customers
-2.0252379187047946,0.5136586994497434,1,Newer / Developing Customers
-0.5291924757554362,0.47618209791343474,1,Newer / Developing Customers
3.150088801478686,0.5003505596030438,2,Senior High-Risk Customers
-0.03432504854519634,0.5447819367049253,1,Newer / Developing Customers
0.10475596456489572,-0.8441249108131631,0,Loyal Established Customers
0.23773449351176656,-0.5641340766965994,0,Loyal Established Customers
-0.46264405580720436,0.5295681699567777,1,Newer / Developing Customers
0.8325247028639646,-1.1136008635180243,0,Loyal Established Customers
-1.265300289753108,0.6394230113673401,1,Newer / Developing Customers
0.5006977430999476,-0.6561596694146935,0,Loyal Established Customers
-0.6293315381213062,0.1294457029277771,1,Newer / Developing Customers
1.2142196913286365,-1.3875351592386906,0,Loyal Established Customers
-1.1147179937665372,-0.5664813452474908,1,Newer / Developing Customers
1.5475406327820593,-1.3708359774189935,0,Loyal Established Customers
0.26044727465540835,0.20565542988557747,1,Newer / Developing Customers
2.761641639230404,0.6607867156232139,2,Senior High-Risk Customers
1.3561768114915398,2.246719823045961,2,Senior High-Risk Customers
0.8683690313754422,-1.3817247796320202,0,Loyal Established Customers
0.28846890382194995,-0.1482741672526185,0,Loyal Established Customers
-1.6439932350668345,0.6558520856444967,1,Newer / Developing Customers
1.611412877263366,-1.531801740128763,0,Loyal Established Customers
-1.6742405373968356,0.03854057855289002,1,Newer / Developing Customers
-0.9768911324992837,-0.7268873478874104,1,Newer / Developing Customers
2.1933498393451587,1.3933773940501517,2,Senior High-Risk Customers
-0.8161534723146289,0.4886558041226637,1,Newer / Developing Customers
1.2365596592771282,1.7708637941052885,2,Senior High-Risk Customers
-1.8452255064936516,0.5170808475944945,1,Newer / Developing Customers
-0.7800685285407076,-0.5279055071690301,1,Newer / Developing Customers
-0.21714187954850322,-0.813215328547176,0,Loyal Established Customers
-1.2387422378440562,0.6492232408223627,1,Newer / Developing Customers
-0.7340638125420654,0.24921427587179182,1,Newer / Developing Customers
-0.6723103197389309,0.3366548579726711,1,Newer / Developing Customers
-1.6899494920071438,0.29827316462745496,1,Newer / Developing Customers
0.3458739446307443,-0.5560254453911047,0,Loyal Established Customers
0.14618784942182603,-0.1562515178785844,0,Loyal Established Customers
-0.9278213284260081,-0.6038153253697538,1,Newer / Developing Customers
-0.7877154112336605,-0.019828774476428827,1,Newer / Developing Customers
-0.09409350325758686,-0.9105612377980803,0,Loyal Established Customers
0.3350130420390666,-1.4714383324666516,0,Loyal Established Customers
-1.1013633085865515,0.3291762504858898,1,Newer / Developing Customers
-1.911204491052363,0.5700111543099445,1,Newer / Developing Customers
1.0571572610108229,2.2976057486214567,2,Senior High-Risk Customers
-0.13905595074437493,0.21641599835412637,1,Newer / Developing Customers
-0.4409629182292393,-1.5053152271220465,0,Loyal Established Customers
-1.9458783967768207,0.4405939246434151,1,Newer / Developing Customers
1.5185088066070809,-1.3866048394023986,0,Loyal Established Customers
-1.7650704596484141,0.3757854938482449,1,Newer / Developing Customers
-0.4081322094932826,2.415036949436638,2,Senior High-Risk Customers
-0.2391641991257139,0.40794282817332544,1,Newer / Developing Customers
1.5697077874696825,1.8054486010734507,2,Senior High-Risk Customers
0.653588706329992,-1.2804235023131885,0,Loyal Established Customers
-1.981578431768432,0.45537571769373264,1,Newer / Developing Customers
0.7922856925611323,2.3293466934571705,2,Senior High-Risk Customers
0.14618647720024558,0.29188299341622903,1,Newer / Developing Customers
1.213841839446797,1.5945365832230953,2,Senior High-Risk Customers
0.5167582601407348,-1.518511366095984,0,Loyal Established Customers
-1.0161679187708548,0.05215705513357318,1,Newer / Developing Customers
0.3526857608564529,-0.6158509678410988,0,Loyal Established Customers
-0.8581601583070183,0.1938466012590402,1,Newer / Developing Customers
-0.5799069707496831,-0.07909493385729602,1,Newer / Developing Customers
0.9135942507940983,-0.7227307356346153,0,Loyal Established Customers
-1.045161718958854,-0.6380855276668245,1,Newer / Developing Customers
-0.3670622253865528,0.19174320253859348,1,Newer / Developing Customers
1.0321278470744462,-1.3865837981829823,0,Loyal Established Customers
-0.9981142845294189,-0.6531414384939825,1,Newer / Developing Customers
-2.0328415933826576,0.49638701643448874,1,Newer / Developing Customers
2.238699992697539,0.8787105508727621,2,Senior High-Risk Customers
1.1161251395977292,-1.3416734229040672,0,Loyal Established Customers
-1.5021441907187838,-0.19433501376457196,1,Newer / Developing Customers
1.5611053089021683,-1.541230615815898,0,Loyal Established Customers
-1.928800755606416,0.6161010103144209,1,Newer / Developing Customers
-0.24659470228966895,-0.34618877886698907,1,Newer / Developing Customers
1.4690758468862524,-1.5117832130094082,0,Loyal Established Customers
1.432567729626844,2.1456930605046924,2,Senior High-Risk Customers
-0.032761578148041454,-0.06333087136584706,1,Newer / Developing Customers
0.9666894917038951,2.3412161267367027,2,Senior High-Risk Customers
1.0749823595357806,1.1806999123286392,2,Senior High-Risk Customers
-0.1340202872429668,-0.25434692761626565,1,Newer / Developing Customers
-1.2025059532998204,0.5687361901502413,1,Newer / Developing Customers
-0.39990148565972056,-0.7438331089432396,0,Loyal Established Customers
0.7890359708561001,-0.4010017399682579,0,Loyal Established Customers
1.77765949242839,-1.5344012165039753,0,Loyal Established Customers
1.0240949914710233,-1.0881587644501707,0,Loyal Established Customers
0.04988062678547084,-1.0032339046834953,0,Loyal Established Customers
0.23476383138672646,0.08010570251068069,1,Newer / Developing Customers
-0.5618367667000171,2.533592106809702,2,Senior High-Risk Customers
0.4467980988425243,-1.3715342121861405,0,Loyal Established Customers
0.04590747389040856,-0.17090631855832747,1,Newer / Developing Customers
0.26105164069420156,-0.49416850043521326,0,Loyal Established Customers
0.6656707734642185,-1.512500034998802,0,Loyal Established Customers
-1.316005821270748,0.14087061732093026,1,Newer / Developing Customers
-1.5518023324935748,0.19606057605522328,1,Newer / Developing Customers
-1.1395021871948172,-0.46815089807175897,1,Newer / Developing Customers
3.0015266130508165,0.5189930157385024,2,Senior High-Risk Customers
-0.7739761441645161,-0.830384821401326,0,Loyal Established Customers
1.78251879198571,-1.3881982995414253,0,Loyal Established Customers
0.27165473314926536,0.08932839511983792,1,Newer / Developing Customers
-0.9936631164839127,0.4614369209242216,1,Newer / Developing Customers
-0.4348978285142477,-1.5217295606501802,0,Loyal Established Customers
-1.1151695922413944,-0.5807945485388739,1,Newer / Developing Customers
-0.8943704756785894,-0.5885312948727427,1,Newer / Developing Customers
-0.3468650773391426,0.4997494133824003,1,Newer / Developing Customers
-0.5693236704701724,-0.6493383923250006,0,Loyal Established Customers
-1.8942105342047317,0.5515434616840386,1,Newer / Developing Customers
0.9275341413760739,-0.702627796955255,0,Loyal Established Customers
0.43938899598686093,-0.445051482666649,0,Loyal Established Customers
-1.5924756855468534,0.11065606574474268,1,Newer / Developing Customers
1.0373772844803772,-1.2365050402943263,0,Loyal Established Customers
-0.18485701646082195,0.4927023825927262,1,Newer / Developing Customers
-1.6174631783627826,0.18351595649327093,1,Newer / Developing Customers
0.6102941952497811,-0.6520055770808936,0,Loyal Established Customers
1.0414231101902751,-1.0747547384046496,0,Loyal Established Customers
-0.5595776565650638,-0.12174147865150667,1,Newer / Developing Customers
0.2324317055025908,-1.5099473908232417,0,Loyal Established Customers
1.2579303961995025,-0.9302777066027305,0,Loyal Established Customers
0.8830057705968217,-1.3461248686267608,0,Loyal Established Customers
0.6232416402767239,-0.6081563159490688,0,Loyal Established Customers
-1.361329366072718,0.5935397354415645,1,Newer / Developing Customers
0.4158575821798391,-1.1270873690742726,0,Loyal Established Customers
0.5210270572845669,-0.698806214208904,0,Loyal Established Customers
-0.2012386203870411,0.31920642737463834,1,Newer / Developing Customers
1.8058167099629991,-1.4028828566006957,0,Loyal Established Customers
-0.011175446250857663,-1.3521718871262367,0,Loyal Established Customers
0.1303003889115591,-0.08368686224270855,1,Newer / Developing Customers
-0.47074464794750587,-0.8148254675056044,0,Loyal Established Customers
-0.9423294994069445,-0.9358208010204333,1,Newer / Developing Customers
-0.6325155001159393,-0.11237806722127869,1,Newer / Developing Customers
-0.5515448456946861,0.6047679650102372,1,Newer / Developing Customers
0.4042492545115922,-0.6262274351218092,0,Loyal Established Customers
0.9349459710646763,-1.0928822096734636,0,Loyal Established Customers
-0.5042058811261579,0.5862348529624326,1,Newer / Developing Customers
-0.7018691616467635,0.20876392727266518,1,Newer / Developing Customers
-0.5843588696390248,0.055328439766461804,1,Newer / Developing Customers
0.5751946419398383,2.5212092140018854,2,Senior High-Risk Customers
1.3235207975505947,2.3872724692564353,2,Senior High-Risk Customers
0.785039100995567,-1.3726014412901508,0,Loyal Established Customers
0.6851817356296616,-1.517318943181151,0,Loyal Established Customers
1.7070988202745476,0.6488583593293349,2,Senior High-Risk Customers
-0.6551844088299515,-0.07362020014113307,1,Newer / Developing Customers
-0.47665387476085475,-1.3808816793270537,0,Loyal Established Customers
-1.3441028718272552,-0.41065126542387514,1,Newer / Developing Customers
-0.1246652163666752,0.5659799893848496,1,Newer / Developing Customers
0.4275229731653881,-0.22318042321432624,0,Loyal Established Customers
1.1506595850520567,1.0117584016154966,2,Senior High-Risk Customers
-0.7278881390086467,0.4994769925211551,1,Newer / Developing Customers
-1.7866790834312662,0.3822207007809501,1,Newer / Developing Customers
1.4394605304652108,2.151176861546681,2,Senior High-Risk Customers
0.629466675126094,-1.341884270816637,0,Loyal Established Customers
1.5176847619488147,-1.5538307583776914,0,Loyal Established Customers
-1.6007377629775452,0.22154101245969973,1,Newer / Developing Customers
0.42582431986675234,-0.2746568442697444,0,Loyal Established Customers
1.4304261508467597,2.3636964629872814,2,Senior High-Risk Customers
-0.4754425516805272,-0.3664380138563829,1,Newer / Developing Customers
-0.1865774755343359,-1.0652471029377832,0,Loyal Established Customers
0.5514451254876921,2.5215805677697727,2,Senior High-Risk Customers
2.8173795268358846,0.5157549855867594,2,Senior High-Risk Customers
-0.7408733345242451,0.6118465252114296,1,Newer / Developing Customers
-0.2262587734440114,0.567159470110411,1,Newer / Developing Customers
-0.5190167138833938,0.5365536277977763,1,Newer / Developing Customers
1.4696002251991342,1.772908175245243,2,Senior High-Risk Customers
-0.1246652163666752,0.5659799893848496,1,Newer / Developing Customers
-1.9527663163713163,0.6266778373155991,1,Newer / Developing Customers
1.1336140127635352,-1.5345462479939231,0,Loyal Established Customers
-0.07732426371611856,-1.2026164840200857,0,Loyal Established Customers
1.530602932555622,-1.4302901461011006,0,Loyal Established Customers
-1.9098819504022448,0.6139026440866235,1,Newer / Developing Customers
-1.7849804301326304,0.43369712183636827,1,Newer / Developing Customers
-1.3331258923988591,-0.2134567588923011,1,Newer / Developing Customers
-0.6259220671795589,0.5601296340669303,1,Newer / Developing Customers
0.8403782161934318,-0.489531957688967,0,Loyal Established Customers
1.005202943396283,2.528173630623467,2,Senior High-Risk Customers
0.9411072098453878,-0.5393034249600773,0,Loyal Established Customers
-1.3530352215053307,0.6453220908429711,1,Newer / Developing Customers
1.261925690085687,-1.5081350947524323,0,Loyal Established Customers
-0.981953731444253,-0.8985608212771643,1,Newer / Developing Customers
-0.7400066680334488,-1.0366977325797972,0,Loyal Established Customers
0.287168139343385,-0.6630229587369968,0,Loyal Established Customers
-1.4137325377189542,-0.08647460843743487,1,Newer / Developing Customers
-1.4556704756864258,-0.037392856710519,1,Newer / Developing Customers
0.653585961886831,-0.38415447972356115,0,Loyal Established Customers
-0.18164857449849237,0.26686860021233627,1,Newer / Developing Customers
2.2334290556782306,1.2750288167557877,2,Senior High-Risk Customers
0.7593513051509856,-1.1287561286124703,0,Loyal Established Customers
-0.688508751669298,0.2868919716586558,1,Newer / Developing Customers
0.5655456811032556,-1.373390981025578,0,Loyal Established Customers
-0.2230818315770031,0.027129718572570825,1,Newer / Developing Customers
1.7836715381841235,1.1196991769869522,2,Senior High-Risk Customers
-1.7874746083485302,0.45045127972087134,1,Newer / Developing Customers
-1.9151286880980605,0.592489341002896,1,Newer / Developing Customers
-0.46174383088871607,-1.4769818856192192,0,Loyal Established Customers
2.4280385267420868,0.7072905062061466,2,Senior High-Risk Customers
1.5623752593962017,-1.5647450491363764,0,Loyal Established Customers
0.49153549380690564,-1.520096135434822,0,Loyal Established Customers
1.598459867953879,-1.3293034939284456,0,Loyal Established Customers
-0.1702155894472991,-1.0930956129542164,0,Loyal Established Customers
2.749765851838146,0.9970732759782678,2,Senior High-Risk Customers
-1.9904088258884443,0.4692986199141301,1,Newer / Developing Customers
-0.5449379369893653,-0.007402096404010704,1,Newer / Developing Customers
-1.2230680772033824,-0.3094049641698491,1,Newer / Developing Customers
-0.17958333499835286,-0.7998849058799266,0,Loyal Established Customers
-0.2509638831491856,0.6179709983061897,1,Newer / Developing Customers
-0.6976164454803295,-1.295533536662737,0,Loyal Established Customers
-1.9141115412123408,0.6661797273964827,1,Newer / Developing Customers
0.5061883908971189,-1.208011192936181,0,Loyal Established Customers
-1.6052399452047865,0.589013819415932,1,Newer / Developing Customers
1.5422583230592273,-1.3869761931702862,0,Loyal Established Customers
-0.3398841143176744,0.5673660501891117,1,Newer / Developing Customers
-1.1454400808909462,-0.3000076178942322,1,Newer / Developing Customers
0.22019033047976105,-0.5673326295088295,0,Loyal Established Customers
2.6897254470863543,0.657793046868784,2,Senior High-Risk Customers
-1.6965835482318865,0.22685221683167603,1,Newer / Developing Customers
0.6974581073150421,-0.35724113387038475,0,Loyal Established Customers
-0.682164784793725,-0.17742498403230506,1,Newer / Developing Customers
0.2010674925636032,-0.9113705908527096,0,Loyal Established Customers
-0.6517370590430026,0.6522460000952168,1,Newer / Developing Customers
-0.4274603052226678,0.0142555680770301,1,Newer / Developing Customers
-0.472452097379934,0.14306256095909278,1,Newer / Developing Customers
0.24857697614947166,-1.2505960549386226,0,Loyal Established Customers
-1.6625730880789158,0.2702457574706161,1,Newer / Developing Customers
0.15076831655161055,-0.5870804561477624,0,Loyal Established Customers
0.38298387106035614,-0.4782687547730016,0,Loyal Established Customers
-0.8795267706044517,-0.6727886118454498,1,Newer / Developing Customers
-0.6221257522635137,0.6099897563719922,1,Newer / Developing Customers
-0.112144964183264,-0.8245373940923897,0,Loyal Established Customers
-0.990166124736809,0.1533864660809485,1,Newer / Developing Customers
-1.3812393365569342,0.6514513634296877,1,Newer / Developing Customers
0.3132306756149041,-0.45114882884112456,0,Loyal Established Customers
0.8573956862537653,-0.7016639636342198,0,Loyal Established Customers
-0.3441411061685722,0.3935409698479905,1,Newer / Developing Customers
0.9468311175611338,-1.369442998846534,0,Loyal Established Customers
0.5452281722115706,-0.6848643646854082,0,Loyal Established Customers
-0.20926845090309962,-0.3285635450448689,1,Newer / Developing Customers
-0.22198604895519655,-0.9628619176955394,0,Loyal Established Customers
-0.978291709566131,0.2652344170207081,1,Newer / Developing Customers
1.0342687397437405,-1.3805199450181644,0,Loyal Established Customers
1.0459266245205074,1.355594230206918,2,Senior High-Risk Customers
1.718358138080653,1.8489389807027148,2,Senior High-Risk Customers
-1.29366108731957,0.5323600785995489,1,Newer / Developing Customers
-0.7627158596034169,0.09570256076195524,1,Newer / Developing Customers
-1.7920332125153289,0.21402442861184282,1,Newer / Developing Customers
-1.1115460905862187,-0.5130488010853473,1,Newer / Developing Customers
0.17962458502255954,0.3428430535737345,1,Newer / Developing Customers
-0.3583157962335183,0.033771505583976694,1,Newer / Developing Customers
2.48406725837587,0.7828488305964526,2,Senior High-Risk Customers
-0.7249965606067122,-0.09724386770617205,1,Newer / Developing Customers
-1.4524858275810022,-0.019636342208869943,1,Newer / Developing Customers
-0.9418366362659801,-0.721727129474331,1,Newer / Developing Customers
1.2856845656420326,-1.4487806773383363,0,Loyal Established Customers
-1.2483136336773057,-0.1109722193827695,1,Newer / Developing Customers
-1.2958083140056988,-0.47962455189957115,1,Newer / Developing Customers
-1.4019853185671387,-0.12635560414706842,1,Newer / Developing Customers
2.6674712845451944,0.684170265264886,2,Senior High-Risk Customers
-1.3025410465083018,-0.46731794842952984,1,Newer / Developing Customers
-0.9633137114540704,-0.9329580159448094,1,Newer / Developing Customers
-1.2713975656742114,0.5657086313854306,1,Newer / Developing Customers
0.8463181682219317,-1.3298770048087143,0,Loyal Established Customers
0.40377277060245165,0.0012581862009679798,0,Loyal Established Customers
1.5098870934957542,1.3106351143255057,2,Senior High-Risk Customers
1.7827999098980731,1.3141881461490628,2,Senior High-Risk Customers
-1.6596135627462418,0.18855599046088034,1,Newer / Developing Customers
1.2780443521821585,-1.1867860338110572,0,Loyal Established Customers
1.3865456130693432,2.0030641067420225,2,Senior High-Risk Customers
-0.014812714158172709,0.09182851722776246,1,Newer / Developing Customers
0.11200732045114739,-1.0780284559586868,0,Loyal Established Customers
-1.0278249174071985,-0.5180308803342906,1,Newer / Developing Customers
-0.4906874164122534,0.3294205914081174,1,Newer / Developing Customers
-0.4639699822782278,0.5810784810225766,1,Newer / Developing Customers
-1.958656626439661,0.43310622935572307,1,Newer / Developing Customers
-0.7903099607101827,0.6319959360095904,1,Newer / Developing Customers
-1.745559497482971,0.3709665856658958,1,Newer / Developing Customers
-0.8430785584122031,0.5809223981335782,1,Newer / Developing Customers
-0.618040879239602,-1.378803784702356,0,Loyal Established Customers
-0.9230218366291507,-0.9661102656299859,0,Loyal Established Customers
2.5169386305187786,0.8561579668000939,2,Senior High-Risk Customers
1.039518177149671,-1.2304411871295085,0,Loyal Established Customers
-0.4639119479688675,-0.11911916366496425,1,Newer / Developing Customers
0.6377534242310223,2.4260037162601127,2,Senior High-Risk Customers
0.24520661163466817,1.894176879649908,2,Senior High-Risk Customers
-0.28510746787126673,-0.7572135384011606,0,Loyal Established Customers
-0.14011962149644058,0.3441404593440448,1,Newer / Developing Customers
2.0991815429923197,0.7445591767496039,2,Senior High-Risk Customers
0.9078646951723078,-1.1225791947298684,0,Loyal Established Customers
0.9464971381089238,2.421176117277575,2,Senior High-Risk Customers
-0.40756239355276586,-0.23204728589800555,1,Newer / Developing Customers
0.6520999670800436,-0.35043457316979204,0,Loyal Established Customers
-1.9160510456845783,0.38813220768689954,1,Newer / Developing Customers
-0.45736375968369714,0.19297567525573536,1,Newer / Developing Customers
2.8795943826846617,0.5030932700762908,2,Senior High-Risk Customers
0.9833196126093381,-1.2093744151291128,0,Loyal Established Customers
-0.4963246931862013,-1.3526985658068533,0,Loyal Established Customers
1.1364225482204406,-1.524374664771013,0,Loyal Established Customers
-0.9316930606000494,-0.7514843131000328,1,Newer / Developing Customers
-1.6713423443338629,0.39781451209717317,1,Newer / Developing Customers
-0.08289642519496324,0.3894560784012281,1,Newer / Developing Customers
0.735720093832277,2.4524802889235024,2,Senior High-Risk Customers
1.4134107391187967,1.9036267019903141,2,Senior High-Risk Customers
0.8916104748395219,2.3944416685648044,2,Senior High-Risk Customers
-0.42173982806087285,0.3044522724276074,1,Newer / Developing Customers
-0.19097739604201305,0.31304533821877384,1,Newer / Developing Customers
-0.42598338887587567,-0.12911609322141468,1,Newer / Developing Customers
0.3041849232929284,-0.651087709034843,0,Loyal Established Customers
-0.21669193393942984,-0.3008416303982876,1,Newer / Developing Customers
-0.44372017346149806,2.3012883983899943,2,Senior High-Risk Customers
-0.13950589635344834,-0.2959576997947623,1,Newer / Developing Customers
0.4571946901926299,-1.4573416056760269,0,Loyal Established Customers
-0.4810590232749803,-0.4144499482791026,1,Newer / Developing Customers
2.0487011166372078,1.7779504036054885,2,Senior High-Risk Customers
-1.9861702716017406,0.47374617432859173,1,Newer / Developing Customers
-1.9737072973665573,0.6372207743063967,1,Newer / Developing Customers
1.0396782454854354,-1.2126507826174784,0,Loyal Established Customers
-0.58332717301721,-0.1213701248836192,1,Newer / Developing Customers
-0.20480953188613316,0.3188666030182691,1,Newer / Developing Customers
-0.038354578646770464,-0.25172461262972323,1,Newer / Developing Customers
-0.5328524393011876,-1.3598149073266583,0,Loyal Established Customers
0.4754676759942901,-1.3896719768777355,0,Loyal Established Customers
2.1630005112067523,0.7402547465900835,2,Senior High-Risk Customers
0.06809351994540014,0.4368351357445572,1,Newer / Developing Customers
0.08173768525520089,0.04478030628298491,1,Newer / Developing Customers
-0.44885784648802024,-1.4435699868526717,0,Loyal Established Customers
-1.3413439783305048,0.6334369728786581,1,Newer / Developing Customers
-0.5220127011066433,-1.1500078629790542,0,Loyal Established Customers
0.547745863640173,-0.8952828358892583,0,Loyal Established Customers
1.822296945916519,1.125199219756401,2,Senior High-Risk Customers
-0.3250531541686414,0.5187847628768987,1,Newer / Developing Customers
1.1815616190553206,-0.5747807460859959,0,Loyal Established Customers
2.38634813318269,1.0603627538572218,2,Senior High-Risk Customers
-0.7183973581398063,-1.2672001951599094,0,Loyal Established Customers
-1.4130648949313427,-0.08236687837934248,1,Newer / Developing Customers
0.985566157433558,1.9331290808616095,2,Senior High-Risk Customers
1.0119685482157879,2.3819284850160627,2,Senior High-Risk Customers
0.253051938051884,-0.3796079924024571,0,Loyal Established Customers
0.7580756620178619,-1.3102952508791461,0,Loyal Established Customers
-0.4756228642498303,-1.3335129883297276,0,Loyal Established Customers
0.19424318493417003,-1.2733578843012678,0,Loyal Established Customers
-1.1431418643290492,0.6201156623722422,1,Newer / Developing Customers
2.6685022950562187,0.7315389562622118,2,Senior High-Risk Customers
-0.7482965369163718,0.5896424562953189,1,Newer / Developing Customers
-1.433640900070432,0.49831100208773843,1,Newer / Developing Customers
-0.3998440631247797,-0.2675676091951387,1,Newer / Developing Customers
-1.931317760924228,0.6024522258708642,1,Newer / Developing Customers
2.4592588292141437,0.3674083332169669,2,Senior High-Risk Customers
0.29326404304290776,-0.141174067460274,0,Loyal Established Customers
1.0437240711953333,-1.0509004807278022,0,Loyal Established Customers
0.594430616456985,-1.177666963303057,0,Loyal Established Customers
2.1074967369734514,1.449020257858598,2,Senior High-Risk Customers
1.39560117469515,1.0636530086384546,2,Senior High-Risk Customers
-1.25618408196839,-0.5168845316428401,1,Newer / Developing Customers
-0.14627218728374317,0.07435470146004917,1,Newer / Developing Customers
0.9968471557832382,-1.356536921938752,0,Loyal Established Customers
-0.5449393092109458,0.44073241489080267,1,Newer / Developing Customers
1.5268388038456884,-1.3900215548961192,0,Loyal Established Customers
0.9107535291310814,-0.8230310323675687,0,Loyal Established Customers
1.5185878903301866,-1.4341237583823518,0,Loyal Established Customers
-0.2217230327890779,-0.15831913463059147,1,Newer / Developing Customers
-0.4478003507330666,0.44531085298407047,1,Newer / Developing Customers
-1.095207031601094,-0.5713002534298399,1,Newer / Developing Customers
-0.9120220300988422,-0.7385128167703523,1,Newer / Developing Customers
1.3768394190175783,-1.3624785822249519,0,Loyal Established Customers
-1.7553020984443504,0.15553073314627824,1,Newer / Developing Customers
-1.9749772478605907,0.6607352076268749,1,Newer / Developing Customers
0.3859611478464346,-0.16651374020867146,0,Loyal Established Customers
1.4267590902819478,1.7933635203893925,2,Senior High-Risk Customers
-0.17067385715523514,-0.8613267270802767,0,Loyal Established Customers
-0.16643304078339308,0.4685106611583719,1,Newer / Developing Customers
0.5553860771000472,-1.1572774794165375,0,Loyal Established Customers
2.0113878908199467,1.6747231565601817,2,Senior High-Risk Customers
-1.2900026550151216,-0.2060344830265079,1,Newer / Developing Customers
-0.20184161420425392,0.570895846400616,1,Newer / Developing Customers
-1.0642531015127359,0.35700695754130085,1,Newer / Developing Customers
1.0748981622611868,-1.4772022768743927,0,Loyal Established Customers
-0.7665604442580364,0.6316245822417028,1,Newer / Developing Customers
0.7806528547934362,-1.0259537013384445,0,Loyal Established Customers
1.511995784882341,-1.5298314935708186,0,Loyal Established Customers
0.4389401419551643,-1.3556337085476593,0,Loyal Established Customers
-0.9270524567921994,0.4148862981416362,1,Newer / Developing Customers
0.2065524155632945,-0.6456925630268063,0,Loyal Established Customers
2.31803737363439,0.5511755780909673,2,Senior High-Risk Customers
1.6870691277022676,-1.4010260877612584,0,Loyal Established Customers
1.11038750240269,2.198651005323429,2,Senior High-Risk Customers
0.210594735323019,-0.9097965207472078,0,Loyal Established Customers
1.5170355567253981,-1.3885609625091242,0,Loyal Established Customers
2.8108393254333324,0.711520429142857,2,Senior High-Risk Customers
-0.4720105441200659,0.321717248715899,1,Newer / Developing Customers
-0.6808443024759778,0.5386682726865942,1,Newer / Developing Customers
1.254994664723735,-1.092178236475034,0,Loyal Established Customers
-0.5165261252411679,-1.3823903300106564,0,Loyal Established Customers
-0.05362266610800083,0.41072991684905474,1,Newer / Developing Customers
-0.45357200109631973,-1.3853607631530334,0,Loyal Established Customers
1.287662401661044,0.6841264800002849,2,Senior High-Risk Customers
-0.5275785988189959,0.3701238823616521,1,Newer / Developing Customers
2.378678713871024,1.3109681551166934,2,Senior High-Risk Customers
-0.5920267046532505,-0.10104606041899869,1,Newer / Developing Customers
-0.2747881307485382,0.2964662310014533,1,Newer / Developing Customers
-1.1555857148892477,0.4019513326736897,1,Newer / Developing Customers
-0.7230589673250672,-0.11665057096855788,1,Newer / Developing Customers
-1.8592066617417342,0.29719744066041526,1,Newer / Developing Customers
-1.7716284125043704,0.17810615583027647,1,Newer / Developing Customers
0.25658592291260035,-1.35835790880975,0,Loyal Established Customers
1.0503611077743953,-0.9007400616897866,0,Loyal Established Customers
1.5223520190401199,-1.4743923495873332,0,Loyal Established Customers
-1.281418951849579,0.3180739504259651,1,Newer / Developing Customers
2.177391245584452,1.0898187376208064,2,Senior High-Risk Customers
-1.2082455541366004,0.3332292155204112,1,Newer / Developing Customers
-0.21179118101839156,0.47531722185896463,1,Newer / Developing Customers
-0.8290591339074895,-0.6455693316462848,1,Newer / Developing Customers
0.5282428883573487,-0.38260364523011225,0,Loyal Established Customers
-0.03342123405303409,0.44042168105285767,1,Newer / Developing Customers
-0.2953859416625054,-0.6293289530065569,0,Loyal Established Customers
1.2852608693657301,-1.094650720479672,0,Loyal Established Customers
1.3745384580125206,-1.3863328399017993,0,Loyal Established Customers
2.037495030364931,1.4461429270764146,2,Senior High-Risk Customers
-1.8146349679640044,0.4682732136444194,1,Newer / Developing Customers
-0.3213847213822489,0.6409831941799743,1,Newer / Developing Customers
-0.39199885116252453,-0.24779208317312568,1,Newer / Developing Customers
0.21694353563730032,-0.37145925072834907,0,Loyal Established Customers
-0.14693143772214926,0.40396598179403914,1,Newer / Developing Customers
-0.5180124006921591,-1.2987444398941952,0,Loyal Established Customers
-0.8846446594156204,-1.04053346313729,0,Loyal Established Customers
-1.9141730948450322,0.5420491665750045,1,Newer / Developing Customers
0.37111042264467203,-0.8641099449228599,0,Loyal Established Customers
-0.7567745353533365,-1.1927769976526055,0,Loyal Established Customers
0.5484765216950225,2.4936185800348327,2,Senior High-Risk Customers
-1.1210055387025526,0.5017352685087306,1,Newer / Developing Customers
-1.7233198846779065,0.5949783183134618,1,Newer / Developing Customers
-0.9991739619232237,0.03368936250766734,1,Newer / Developing Customers
0.14000241131762164,-0.2920987336252167,0,Loyal Established Customers
0.16844999884560433,0.32523154620211064,1,Newer / Developing Customers
3.1025897685743935,0.5010932671388187,2,Senior High-Risk Customers
0.2988278824228897,-0.98910404585876,0,Loyal Established Customers
0.8206623465076012,-1.0370575884708717,0,Loyal Established Customers
0.03519561782551679,-0.45305167190394474,0,Loyal Established Customers
-0.8317878995304989,-0.9273270894965547,0,Loyal Established Customers
-1.1495206251742562,0.385536999145556,1,Newer / Developing Customers
0.6050987825116577,2.1184218511757735,2,Senior High-Risk Customers
2.6625644013600898,0.8996822364397385,2,Senior High-Risk Customers
0.014873323768522365,0.37144839457716144,1,Newer / Developing Customers
-0.25000828989615764,0.5675308238782985,1,Newer / Developing Customers
-0.5890539841958395,-1.4174876065684991,0,Loyal Established Customers
-1.4883503984676651,0.29382296936163976,1,Newer / Developing Customers
0.1327854886674632,-0.21009277487188716,0,Loyal Established Customers
-0.6381715897889154,2.5340844029993295,2,Senior High-Risk Customers
-0.9590735811930186,0.6209466279412461,1,Newer / Developing Customers
1.376495492575172,-1.2799347999936477,0,Loyal Established Customers
-0.26655064826893105,0.6003117197955874,1,Newer / Developing Customers
0.11262394905702303,0.40813044047384234,1,Newer / Developing Customers
-1.885340690481332,0.6377013787636302,1,Newer / Developing Customers
-0.23908535131376624,-0.614584584638491,0,Loyal Established Customers
0.9597378707313713,-0.6334263908097061,0,Loyal Established Customers
0.16671847323006672,0.40769366728405587,1,Newer / Developing Customers
-0.08842893182243902,0.4854929387127278,1,Newer / Developing Customers
0.22053219858979672,0.0223253552020862,1,Newer / Developing Customers
1.0144980240927008,-0.9824881443937356,0,Loyal Established Customers
-0.24937249809841386,-0.7704930260732775,0,Loyal Established Customers
-0.5226962658519303,-0.45559213069866494,1,Newer / Developing Customers
-1.294670598217217,-0.0614056361694592,1,Newer / Developing Customers
0.6654946215959914,-0.8543795822159781,0,Loyal Established Customers
-0.5818429558985895,0.4671857519421398,1,Newer / Developing Customers
-1.762740817327566,0.6577088544839341,1,Newer / Developing Customers
-0.0822833861627612,-0.026574825090172262,1,Newer / Developing Customers
-1.0188951971888955,-0.6248080969911552,1,Newer / Developing Customers
-0.5067983722703095,0.5658577965062317,1,Newer / Developing Customers
-1.1791604516947474,0.19233674495356745,1,Newer / Developing Customers
-0.9041765822254288,0.25627120308352414,1,Newer / Developing Customers
0.636882482055762,2.396425429774817,2,Senior High-Risk Customers
0.4542320149502085,-0.30524154399194947,0,Loyal Established Customers
2.3290401605190176,0.8575124981928378,2,Senior High-Risk Customers
-1.179335231341394,0.40232268644157726,1,Newer / Developing Customers
-0.08688897463798695,0.07104444396130277,1,Newer / Developing Customers
0.012024046436324834,2.4482813484632753,2,Senior High-Risk Customers
-1.6719630896044797,0.2560591495490845,1,Newer / Developing Customers
0.6606319985079083,2.3960540760069295,2,Senior High-Risk Customers
-0.3608803851791147,0.38183760927782295,1,Newer / Developing Customers
0.11031362894776575,0.32455041161501114,1,Newer / Developing Customers
0.2818425985686676,-0.6868433264034636,0,Loyal Established Customers
-1.460805253210264,0.5673789935462212,1,Newer / Developing Customers
-0.6233957027575475,0.6335041896924704,1,Newer / Developing Customers
-1.0954476708649326,-0.14636434468745815,1,Newer / Developing Customers
1.4376018088308107,2.081910035979233,2,Senior High-Risk Customers
0.059405125101725825,-0.1053908119883668,1,Newer / Developing Customers
-0.46881104802412166,-1.3933385107797223,0,Loyal Established Customers
-1.2454981930761635,0.6281257685066818,1,Newer / Developing Customers
-1.9227837781871813,0.40043881115694085,1,Newer / Developing Customers
2.067796165656199,0.6375301339921935,2,Senior High-Risk Customers
0.011080439406428555,-0.798748005964934,0,Loyal Established Customers
0.19656732393568688,-0.19116507344414216,0,Loyal Established Customers
-0.7669365569065544,0.6240396509629639,1,Newer / Developing Customers
-0.7008068631162783,0.5291739775775601,1,Newer / Developing Customers
1.0024082507200593,-1.3081978777476113,0,Loyal Established Customers
-1.2334945235542527,0.21950089915361443,1,Newer / Developing Customers
0.2576394253092932,-0.0285834089847394,1,Newer / Developing Customers
0.892564421504966,-0.5502533787611337,0,Loyal Established Customers
-0.03665717442933176,-1.0452711566289976,0,Loyal Established Customers
-0.03538734707568135,0.22437188640003003,1,Newer / Developing Customers
-0.8305451734473227,0.4130850523020395,1,Newer / Developing Customers
-0.30954043408531184,-0.009499335332529536,1,Newer / Developing Customers
1.7471772434736406,-1.5217232592660463,0,Loyal Established Customers
0.9027136534000335,-1.3064595203216531,0,Loyal Established Customers
-1.9570048706580194,0.6222302829011375,1,Newer / Developing Customers
1.1184354597069865,-1.2580933940452361,0,Loyal Established Customers
-0.05024109736480834,0.4729706878381602,1,Newer / Developing Customers
-0.7482129310619381,-0.9764212686537891,0,Loyal Established Customers
0.9179606872104542,-0.7906214902181671,0,Loyal Established Customers
1.6075605863703313,-1.5536659846885044,0,Loyal Established Customers
0.9930494686456129,-0.9582625329490003,0,Loyal Established Customers
-0.27896822609667066,2.0486158017391607,2,Senior High-Risk Customers
1.5726120037735334,-1.103248585762795,0,Loyal Established Customers
-1.4754076329097732,0.002633146129139695,1,Newer / Developing Customers
-0.8327190086838611,-0.5369018531403249,1,Newer / Developing Customers
-0.35089666577308753,0.37544463098997216,1,Newer / Developing Customers
-0.7289228159847806,0.5974360859289997,1,Newer / Developing Customers
-0.06594730753195585,-0.16356574867690155,1,Newer / Developing Customers
-0.6390643745118999,-0.20040565049457149,1,Newer / Developing Customers
-1.4974641887023736,-0.1505726346347084,1,Newer / Developing Customers
-0.29045886083526107,0.13475815775663164,1,Newer / Developing Customers
0.037786736748087885,0.015459895847069485,1,Newer / Developing Customers
0.57810160268685,-1.2837569954239874,0,Loyal Established Customers
-1.0235155567632066,-0.8418941382715095,1,Newer / Developing Customers
-0.9022409239696739,-0.9944436071328134,0,Loyal Established Customers
-0.30736804132069645,0.3107604869897382,1,Newer / Developing Customers
1.2982809658741514,1.7681756626961243,2,Senior High-Risk Customers
-1.5335384251519097,0.15407845010883922,1,Newer / Developing Customers
0.04670162658609192,0.20899761379656487,1,Newer / Developing Customers
-0.42025451936487546,0.49479962152124507,1,Newer / Developing Customers
-0.8738049212210762,-0.8307264187896858,1,Newer / Developing Customers
1.5343334585873043,1.3257607328835177,2,Senior High-Risk Customers
0.868376051503067,-0.5998712579451239,0,Loyal Established Customers
1.1463913442397247,-1.3441459069087054,0,Loyal Established Customers
0.17071808753376083,0.48302434601632144,1,Newer / Developing Customers
-0.546216560476808,-0.2676806899129229,1,Newer / Developing Customers
-1.745696738716823,0.38357912348192563,1,Newer / Developing Customers
-0.42977558712717934,-1.5233797494109171,0,Loyal Established Customers
-0.3606770857914657,0.40730816570502654,1,Newer / Developing Customers
0.9844136559978233,0.7902906223433024,2,Senior High-Risk Customers
-1.9429097929841515,0.4685559123783551,1,Newer / Developing Customers
1.443636069484676,-1.2291692699048566,0,Loyal Established Customers
0.34800303200710403,-1.195841663772246,0,Loyal Established Customers
-0.7467351248515877,0.6537314151667668,1,Newer / Developing Customers
0.40888295317520545,-0.18878322854668114,0,Loyal Established Customers
-0.5165218495567041,0.29573221426586654,1,Newer / Developing Customers
0.9027143395108238,-1.5305267759690597,0,Loyal Established Customers
-1.0010394213590454,0.3015852195181147,1,Newer / Developing Customers
0.6037007175803552,-0.299578800974547,0,Loyal Established Customers
1.398729527724535,-1.2080495059128806,0,Loyal Established Customers
1.0711826140657843,2.2511760682606106,2,Senior High-Risk Customers
-1.455454431373672,-0.047598329943809865,1,Newer / Developing Customers
1.231505101786818,0.9049737202553992,2,Senior High-Risk Customers
-0.6590232239540457,-1.3801622074033315,0,Loyal Established Customers
-0.4997484933504944,-1.3407265658405794,0,Loyal Established Customers
1.7393018635190547,0.9421270211222906,2,Senior High-Risk Customers
0.09626715622871623,-1.3595602281466412,0,Loyal Established Customers
-0.7646180482008599,-0.9562529105525298,0,Loyal Established Customers
-0.3888720454916379,-1.5244283912926808,0,Loyal Established Customers
-0.6538779517122967,0.6461821469303991,1,Newer / Developing Customers
1.454176353409696,2.1392578535719875,2,Senior High-Risk Customers
-0.4693767883098072,0.541874773426819,1,Newer / Developing Customers
-0.9499856348244945,0.024697304845326902,1,Newer / Developing Customers
2.886487183523029,0.5085770711182792,2,Senior High-Risk Customers
0.36159225834525166,-0.756032260283686,0,Loyal Established Customers
1.445786321258169,-1.1633796455580552,0,Loyal Established Customers
-0.6323001419139757,0.10148371519283717,1,Newer / Developing Customers
0.0971706355046344,-0.21191761729908365,0,Loyal Established Customers
1.1810558850438286,2.4796293053738037,2,Senior High-Risk Customers
-1.540244549104103,0.10438732852212484,1,Newer / Developing Customers
1.009379449170742,-1.1261657400381693,0,Loyal Established Customers
-0.32478315543842273,2.3512238813740214,2,Senior High-Risk Customers
-1.3623896062708325,-0.39907208180555076,1,Newer / Developing Customers
0.12534249409978362,-1.386037197810754,0,Loyal Established Customers
0.9294324597556396,-1.5029361420020073,0,Loyal Established Customers
0.32510714911795274,-1.0115026448435853,0,Loyal Established Customers
0.5132640003817298,-0.9579355573835954,0,Loyal Established Customers
-1.07398731012491,0.47529011541376553,1,Newer / Developing Customers
0.09287743272947634,0.38843067213151733,1,Newer / Developing Customers
-1.8956177259326172,0.5876704328205467,1,Newer / Developing Customers
1.158514676040058,-1.3764419713396,0,Loyal Established Customers
1.3123926406718591,-1.2568485589058607,0,Loyal Established Customers
-0.4498658261443643,0.5370558652444699,1,Newer / Developing Customers
0.2655142261762773,0.00793386322275455,1,Newer / Developing Customers
-1.1783306822390012,-0.45796688741853037,1,Newer / Developing Customers
-0.29853764720068443,0.2968375847693408,1,Newer / Developing Customers
1.4144009439220477,-1.2704086883154657,0,Loyal Established Customers
1.3210931390628935,-1.55116586258058,0,Loyal Established Customers
0.9712683594596427,-0.4390346576386423,0,Loyal Established Customers
-0.9944807823922989,0.2751973018886764,1,Newer / Developing Customers
0.5937709605519924,-0.6739144108843519,0,Loyal Established Customers
-1.0406556119416948,-0.35537140119875227,1,Newer / Developing Customers
0.6489601966140892,2.5337439371417796,2,Senior High-Risk Customers
-1.198660277067824,-0.36539435906162787,1,Newer / Developing Customers
-1.3428525097560065,0.40968554799929807,1,Newer / Developing Customers
0.222685880917241,-1.0322212986881463,0,Loyal Established Customers
0.8268028534805891,-0.9556630565737879,0,Loyal Established Customers
-0.5752440340758873,-0.652844591948905,1,Newer / Developing Customers
0.22800165712117276,-0.893985430118948,0,Loyal Established Customers
-1.154790876082774,0.5577880093811755,1,Newer / Developing Customers
-0.4393451710749217,0.24089037368740823,1,Newer / Developing Customers
0.5528989190117725,-0.3586697998451385,0,Loyal Established Customers
-0.5683534548898663,2.535693237046453,2,Senior High-Risk Customers
1.1008301166929377,-1.3216552927854353,0,Loyal Established Customers
0.34484224800892965,-0.37932688074102383,0,Loyal Established Customers
-1.8668341302765037,0.5235160545271996,1,Newer / Developing Customers
2.9109043427627865,0.5123134474084841,2,Senior High-Risk Customers
-1.8202380136777228,0.44422095684596624,1,Newer / Developing Customers
-0.8297260905843106,-0.8737443173517839,0,Loyal Established Customers
-1.2290080292318826,0.530940082949898,1,Newer / Developing Customers
-1.1526177972073683,0.6539805760560364,1,Newer / Developing Customers
0.8136628403917768,-1.4133916142456466,0,Loyal Established Customers
0.33090235742695395,-0.3994298194203841,0,Loyal Established Customers
0.4796184677483235,2.1325852234852523,2,Senior High-Risk Customers
0.6521027115232044,-1.246703595759419,0,Loyal Established Customers
1.825111627815688,-1.397496291549754,0,Loyal Established Customers
-0.37188317206374216,0.07550068917595265,1,Newer / Developing Customers
-1.9179600506568781,0.551914815451926,1,Newer / Developing Customers
-1.751661240963362,0.6137201287162084,1,Newer / Developing Customers
1.2869545161360665,-1.4722951106588147,0,Loyal Established Customers
1.144528138928842,2.472512963853999,2,Senior High-Risk Customers
1.2827159618493633,-1.4767426650732762,0,Loyal Established Customers
-1.9777388858005018,0.5129159919139684,1,Newer / Developing Customers
-0.10960450022478962,0.19752395996875266,1,Newer / Developing Customers
0.12618834453292802,0.2876617856396297,1,Newer / Developing Customers
-0.7769531403063908,-1.192065819528349,0,Loyal Established Customers
1.0324069066544386,1.9880044144497258,2,Senior High-Risk Customers
-0.8704847997309733,-0.38044906426691616,1,Newer / Developing Customers
-1.3269726405007662,-0.16773825665571215,1,Newer / Developing Customers
1.2180062416738955,-1.2232595360308978,0,Loyal Established Customers
-0.056598570672498766,-0.34915960901008897,0,Loyal Established Customers
2.189510979488019,1.1117698641825087,2,Senior High-Risk Customers
1.308399405118045,-1.3511929376983793,0,Loyal Established Customers
0.7963641785120714,2.3160038433596024,2,Senior High-Risk Customers
-1.097253277807246,-0.3949051078487838,1,Newer / Developing Customers
-0.4833866072634576,-1.3685750758570123,0,Loyal Established Customers
2.0174018878848625,1.3803214861604656,2,Senior High-Risk Customers
0.9447263910830543,-1.124745744388518,0,Loyal Established Customers
1.4398390684578404,-1.054962136562512,0,Loyal Established Customers
-0.43021782649783763,-1.4779671815203168,0,Loyal Established Customers
-1.6810436806291351,0.3821591278322746,1,Newer / Developing Customers
-0.40986266844703384,-0.4799687992222597,1,Newer / Developing Customers
0.4200910977798526,-0.5291775189598272,0,Loyal Established Customers
-1.3812393365569342,0.6514513634296877,1,Newer / Developing Customers
0.6147588390642276,-0.8221049803651459,0,Loyal Established Customers
0.34460834671261004,-0.9019060521232032,0,Loyal Established Customers
-1.0581257720542627,0.24065592918723877,1,Newer / Developing Customers
1.0603319621260496,-1.392713070769699,0,Loyal Established Customers
1.3915552419620636,-1.3743975901996455,0,Loyal Established Customers
0.938958330293475,-1.0532275606016923,0,Loyal Established Customers
-0.6066271493268697,0.5655161991178719,1,Newer / Developing Customers
-0.5143494567920887,0.6159920365881344,1,Newer / Developing Customers
-0.5765174151238721,0.4910061196086066,1,Newer / Developing Customers
-0.10343201912155064,0.32789259552599853,1,Newer / Developing Customers
0.8452730405642219,-0.8934351548507319,0,Loyal Established Customers
3.0280286889828787,0.5567891229388457,2,Senior High-Risk Customers
0.5991602027047384,2.5106323870007072,2,Senior High-Risk Customers
1.5529385479282145,2.0975038472954566,2,Senior High-Risk Customers
0.1304362579238304,0.35183511123607497,1,Newer / Developing Customers
0.3020034520683176,-1.0809992861017867,0,Loyal Established Customers
1.0204345455672499,-0.7024969132764489,0,Loyal Established Customers
0.9636600379995464,0.5325589831419674,2,Senior High-Risk Customers
-1.9274782149562983,0.6599925000910999,1,Newer / Developing Customers
-1.3725468250485187,-0.1507262227218286,1,Newer / Developing Customers
-1.3390637860949886,-0.045313478714774195,1,Newer / Developing Customers
0.24539232804404837,-1.2683525694402717,0,Loyal Established Customers
0.22800097101038258,-0.6699181744715412,0,Loyal Established Customers
-1.8975838389552644,0.371620638167719,1,Newer / Developing Customers
0.32043307565179074,0.12479702544556837,1,Newer / Developing Customers
-0.5887819681431605,0.375282327742741,1,Newer / Developing Customers
1.5214901553248552,-1.3943188813279535,0,Loyal Established Customers
1.3003115402926264,-1.2987652654303459,0,Loyal Established Customers
-0.04018478054016806,-0.0855349402819578,1,Newer / Developing Customers
-1.1761897895697069,-0.45190303425371275,1,Newer / Developing Customers
0.06451393545289921,0.15270228455879756,1,Newer / Developing Customers
-0.46308560906707247,0.35091348219997137,1,Newer / Developing Customers
-1.0850305836182614,-0.7349959791929053,1,Newer / Developing Customers
-0.6543694426316807,-0.01604603591051646,1,Newer / Developing Customers
1.2009383650742764,-1.513182122604634,0,Loyal Established Customers
-0.8810121240334945,0.16179851645546792,1,Newer / Developing Customers
0.43418491025532874,2.041582918760628,2,Senior High-Risk Customers
0.4249734307469183,-1.3548935320201445,0,Loyal Established Customers
-0.5240809209611019,-0.1619938281290277,1,Newer / Developing Customers
-0.5415722454708033,-0.27157234047097917,1,Newer / Developing Customers
0.19743895222173746,-0.3856540426062529,0,Loyal Established Customers
-1.6570865122134402,0.03786329043901398,1,Newer / Developing Customers
0.0639267486099741,-0.3470588757740612,0,Loyal Established Customers
-1.020725163171135,0.5163900691884736,1,Newer / Developing Customers
1.344463836878206,1.7045277653234174,2,Senior High-Risk Customers
0.2780462836526227,-0.7367034487085257,0,Loyal Established Customers
-1.1377734060224407,0.34565600343592245,1,Newer / Developing Customers
-0.5804885096865637,0.6511319387915544,1,Newer / Developing Customers
-0.27986416072940246,0.38453604291960053,1,Newer / Developing Customers
-1.8842703264947933,0.587396315043706,1,Newer / Developing Customers
-0.5091120782004726,0.5776795684898786,1,Newer / Developing Customers
-0.11596265964327018,-0.40053908123209,0,Loyal Established Customers
-0.45249820973304244,-0.13123617076126348,1,Newer / Developing Customers
-0.09282618222332595,0.015120468491422984,1,Newer / Developing Customers
2.185262379986327,1.2716637942334703,2,Senior High-Risk Customers
-1.5710824199659652,-0.10964092360207842,1,Newer / Developing Customers
0.42455368326192844,-0.027075155301859423,0,Loyal Established Customers
-0.9728787732704849,-0.6872326988156391,1,Newer / Developing Customers
-1.1070848773257231,0.437188073867434,1,Newer / Developing Customers
1.1031702991083279,2.3305829476394506,2,Senior High-Risk Customers
-0.30449871889327224,-0.5933576882334101,0,Loyal Established Customers
0.8779381329651625,-0.9243360463165307,0,Loyal Established Customers
-1.9296191076255922,0.6539286469262822,1,Newer / Developing Customers
0.8100252215899156,-0.9973268207438649,0,Loyal Established Customers
-0.8220858771244365,-1.1357389608790631,0,Loyal Established Customers
-0.9722266198511393,0.24882008349257434,1,Newer / Developing Customers
2.026436267503314,1.1678018847198652,2,Senior High-Risk Customers
-0.35557870851164614,-0.42861332058858137,1,Newer / Developing Customers
1.8962651824359718,1.2961911615583326,2,Senior High-Risk Customers
-1.1348054883405614,0.5976852468182693,1,Newer / Developing Customers
0.9524679041219548,2.119094294962685,2,Senior High-Risk Customers
-0.7832299986496724,0.5126765315095988,1,Newer / Developing Customers
0.7006333963162662,-0.3992103905507194,0,Loyal Established Customers
-1.0474754696220625,0.39867072171137785,1,Newer / Developing Customers
-1.2911504160185925,-0.45991191429119677,1,Newer / Developing Customers
-0.25907416960993024,0.46585445616144877,1,Newer / Developing Customers
-1.9474407755965988,0.6504982049820659,1,Newer / Developing Customers
-1.3063555776255509,-0.12146133528575395,1,Newer / Developing Customers
0.8193732723385826,-0.9588534254296458,0,Loyal Established Customers
0.4186192201197503,-0.9792681533613662,0,Loyal Established Customers
-1.541332128696463,0.42277496937372755,1,Newer / Developing Customers
1.470185042933732,-1.3290207951945099,0,Loyal Established Customers
2.175572461127624,0.6435324142083356,2,Senior High-Risk Customers
2.3827594702301944,0.6665781479267866,2,Senior High-Risk Customers
0.47501361372047535,-0.5576421411421835,0,Loyal Established Customers
-1.0851621322130236,-0.5173298857897216,1,Newer / Developing Customers
1.0329924104998267,-1.3379918116374334,0,Loyal Established Customers
-0.9783684990457078,0.6155600628903044,1,Newer / Developing Customers
-0.3687069163075241,-0.2404618067144807,1,Newer / Developing Customers
-0.8377572933219495,-1.073379778476478,0,Loyal Established Customers
-1.987656266408528,0.5074660808823607,1,Newer / Developing Customers
-0.7010619288097313,-0.6990110365325618,1,Newer / Developing Customers
1.161816069482768,-0.8684737536384195,0,Loyal Established Customers
0.9888132086024385,-0.6599033604738187,0,Loyal Established Customers
1.1035595684267374,-1.2639647905825722,0,Loyal Established Customers
-0.9715589770635281,0.25292781355066674,1,Newer / Developing Customers
1.27453915566042,2.3263332825035015,2,Senior High-Risk Customers
-0.5215448918750974,2.5004398571245257,2,Senior High-Risk Customers
2.1517893862477857,1.001909565760993,2,Senior High-Risk Customers
0.9062388217116961,2.0963225691779814,2,Senior High-Risk Customers
0.2122863237609844,-0.61523914398413,0,Loyal Established Customers
0.016346573650205184,0.37340451768388677,1,Newer / Developing Customers
1.0976203025090276,-0.6476869991102316,0,Loyal Established Customers
-0.9267893958930352,0.1944946038120287,1,Newer / Developing Customers
-1.096241708577228,-0.4733411600219957,1,Newer / Developing Customers
1.489649107582181,-1.1961920708868623,0,Loyal Established Customers
-0.14112074004488234,0.08409375496711909,1,Newer / Developing Customers
1.3339126037353908,2.437438525907486,2,Senior High-Risk Customers
2.5043972586712795,0.5161350301548352,2,Senior High-Risk Customers
-0.9296273731128911,-0.8020747155105513,1,Newer / Developing Customers
0.4393987605576466,-0.55946698356938,0,Loyal Established Customers
1.6771986446112357,-1.5441236312828623,0,Loyal Established Customers
1.581518501262332,-1.243429878205382,0,Loyal Established Customers
-0.20927417570057952,0.4889660063025213,1,Newer / Developing Customers
0.46232193810799777,-1.0298709832022033,0,Loyal Established Customers
2.0323855339029673,1.4121170861766568,2,Senior High-Risk Customers
1.032301940610303,-1.3725024840235855,0,Loyal Established Customers
1.0645673306214802,1.097129779891866,2,Senior High-Risk Customers
-0.19316120624319816,0.6052615116567427,1,Newer / Developing Customers
0.9180082708382385,-1.1523363783555705,0,Loyal Established Customers
0.4699268700240534,-1.5136609285021165,0,Loyal Established Customers
1.846045090147085,1.572962377283327,2,Senior High-Risk Customers
-0.4745129820915606,-1.374817826162236,0,Loyal Established Customers
0.2492660738174149,-0.7679508712576568,0,Loyal Established Customers
-0.5627461291914313,-1.295510301050684,0,Loyal Established Customers
1.3565101048329593,-1.3198320374307415,0,Loyal Established Customers
-1.7488813868222461,0.3658226089802766,1,Newer / Developing Customers
-1.9643722120565443,0.5191032192193513,1,Newer / Developing Customers
1.4220991339624707,2.4458526497232382,2,Senior High-Risk Customers
0.6730969240522741,-0.3889733879059103,0,Loyal Established Customers
-0.506089519990338,2.4482861479552316,2,Senior High-Risk Customers
2.514582379647521,0.6362323312211603,2,Senior High-Risk Customers
0.06191305195954236,-0.2013937822894858,1,Newer / Developing Customers
1.2333113097936765,-1.407619150614953,0,Loyal Established Customers
-1.125112544394494,0.27962162069108537,1,Newer / Developing Customers
-0.3424131784498009,0.3653260397586425,1,Newer / Developing Customers
-1.8526487088857784,0.49487677867838364,1,Newer / Developing Customers
1.82263179389893,0.933003682780421,2,Senior High-Risk Customers
-0.4577314716599172,-1.437327236547448,0,Loyal Established Customers
2.5087239751410837,0.5827154203340196,2,Senior High-Risk Customers
-0.6523871541299775,-0.9560085491552169,0,Loyal Established Customers
0.8355067376925291,-1.345382161090986,0,Loyal Established Customers
-0.5247736529357643,-1.5218943343393674,0,Loyal Established Customers
0.0392768482196168,-1.3626635445911404,0,Loyal Established Customers
-1.361975347672164,0.06564758665541798,1,Newer / Developing Customers
-0.37189087830215717,-0.4822855768635363,1,Newer / Developing Customers
2.477678452315674,0.7126116518351894,2,Senior High-Risk Customers
-0.04526138960863424,2.5029024242320204,2,Senior High-Risk Customers
-0.6665780196739796,-0.15976570552170277,1,Newer / Developing Customers
-0.01696365204245616,0.2501061485283678,1,Newer / Developing Customers
-1.8856765514676845,0.3495300469701153,1,Newer / Developing Customers
-0.5320338835292432,0.5999490568278881,1,Newer / Developing Customers
0.9372569772847239,-1.2333694364620393,0,Loyal Established Customers
-1.8935200643152084,0.5860541340701907,1,Newer / Developing Customers
-2.010362027424545,0.5195300959870796,1,Newer / Developing Customers
0.48734209116496807,-1.2778240259379758,0,Loyal Established Customers
-0.19739907441911123,0.37674670159487417,1,Newer / Developing Customers
0.8972266720679716,-0.8999357812053359,0,Loyal Established Customers
-1.499510434908525,0.02582251094634793,1,Newer / Developing Customers
1.4445700269271744,2.1852027024464387,2,Senior High-Risk Customers
-0.6723809342213957,-1.3296247969843935,0,Loyal Established Customers
0.20896193474122682,1.6409449199299473,2,Senior High-Risk Customers
1.0504010152955177,2.503576665410845,2,Senior High-Risk Customers
-0.4571484014817335,0.40683745766985113,1,Newer / Developing Customers
1.2899308261671512,-0.8865468568843851,0,Loyal Established Customers
-0.5105923482097801,-0.2061300763037427,1,Newer / Developing Customers
-1.6236450185702207,-0.006578450245958607,1,Newer / Developing Customers
0.9947531606309384,-1.5002484075935663,0,Loyal Established Customers
-1.2222497251842062,-0.3472326007817106,1,Newer / Developing Customers
-1.3392010273288402,-0.032700940898744306,1,Newer / Developing Customers
0.6960529739195273,-0.9933159296760966,0,Loyal Established Customers
-0.45715199105540727,-1.4953523422540784,0,Loyal Established Customers
2.078045972564657,1.243845040596565,2,Senior High-Risk Customers
-0.5485279721634422,0.04694780896036746,1,Newer / Developing Customers
0.8015609634717752,-0.9025580961918783,0,Loyal Established Customers
0.019320216129564367,-0.19209579028115675,1,Newer / Developing Customers
-1.436400838895611,0.6067913994969205,1,Newer / Developing Customers
0.30303784840024767,-1.129032395946939,0,Loyal Established Customers
-0.3108650330678002,0.6188109418330114,1,Newer / Developing Customers
1.8422494613418303,1.2990349993308583,2,Senior High-Risk Customers
-1.2440677786187737,0.6254028731558959,1,Newer / Developing Customers
0.007710074891625021,2.3460249286235966,2,Senior High-Risk Customers
0.14763758609080627,0.03936891854748797,1,Newer / Developing Customers
1.6773442781942927,-1.22301715870681,0,Loyal Established Customers
-0.5353457276535291,0.43046359567684583,1,Newer / Developing Customers
1.5088111367769175,-1.5475880080724678,0,Loyal Established Customers
-0.007320428524884296,-0.794079325765212,0,Loyal Established Customers
-0.6627837630903052,0.5622961837255794,1,Newer / Developing Customers
0.031859293733534626,-0.1548795805255414,1,Newer / Developing Customers
1.8041706468204475,-1.3869533545589563,0,Loyal Established Customers
-0.09579547212678571,0.2112257364038898,1,Newer / Developing Customers
-0.50382976847764,0.5938197842411715,1,Newer / Developing Customers
0.6501778631666641,-1.2629729221575279,0,Loyal Established Customers
0.14556519757507227,1.6255607060694155,2,Senior High-Risk Customers
-0.777113208642155,-1.2098562240403785,0,Loyal Established Customers
-0.09955891472592882,0.027427071961464322,1,Newer / Developing Customers
-0.9462996719476879,-0.02475374365302884,1,Newer / Developing Customers
-1.3077113960591573,0.14272698915964493,1,Newer / Developing Customers
0.03185860762274441,0.06918767512186533,1,Newer / Developing Customers
2.654768472140351,0.774491435402411,2,Senior High-Risk Customers
-1.251282237469975,-0.13893420711770937,1,Newer / Developing Customers
0.6883076633149343,-0.5752975283445542,0,Loyal Established Customers
1.2743251696800368,1.6643369887945716,2,Senior High-Risk Customers
-1.3819069793445453,0.6473436333715953,1,Newer / Developing Customers
0.5447822985341931,-1.5167071193241823,0,Loyal Established Customers
-1.9444712050489352,0.40446695350690703,1,Newer / Developing Customers
-0.8426363190415447,0.5355098302429775,1,Newer / Developing Customers
1.3380861291555304,-1.295640315996387,0,Loyal Established Customers
0.7978166445476169,-1.1410464903550517,0,Loyal Established Customers
0.6671939610054173,-1.026970416807967,0,Loyal Established Customers
1.3482940772336844,-1.1451400726020022,0,Loyal Established Customers
-1.2692971596136413,-0.33217668995455235,1,Newer / Developing Customers
1.0268129394007155,2.073603912395949,2,Senior High-Risk Customers
1.160438838285808,-1.1361053892940844,0,Loyal Established Customers
0.8328171934798517,2.0012440638067828,2,Senior High-Risk Customers
0.623455626257107,0.05383997775986037,0,Loyal Established Customers
2.261838122983267,0.7963096057387695,2,Senior High-Risk Customers
-1.0941467914029794,0.4213115638172751,1,Newer / Developing Customers
-1.828899192433632,0.49450542491049615,1,Newer / Developing Customers
0.3175207830523549,-1.183163706534317,0,Loyal Established Customers
0.6175034116615246,-1.2917978018737124,0,Loyal Established Customers
0.27187513003791863,-0.2902721181660297,0,Loyal Established Customers
-0.18782424803191106,0.01660588356297294,1,Newer / Developing Customers
-1.369362176943095,-0.13296970822017953,1,Newer / Developing Customers
1.1670090771085353,2.047521532111776,2,Senior High-Risk Customers
-0.3074666365751515,-0.8453869316157566,0,Loyal Established Customers
-0.6225297671105869,0.23396166494320583,1,Newer / Developing Customers
-0.4512084494532336,-0.4335075894498958,1,Newer / Developing Customers
-0.3131773667763829,0.18249820252184487,1,Newer / Developing Customers
0.43196917941563995,-0.5626573524252376,0,Loyal Established Customers
-1.3371668399370034,-0.3974873124667129,1,Newer / Developing Customers
0.0013672802079998103,-0.027786122384881505,1,Newer / Developing Customers
-0.8490251251017411,0.4652726514817144,1,Newer / Developing Customers
-0.5819795110216511,0.25573103411076303,1,Newer / Developing Customers
1.5707310646194688,0.8874681640349331,2,Senior High-Risk Customers
1.1156402633393836,-1.0479068119733723,0,Loyal Established Customers
-0.13142077597119034,0.5478836505268311,1,Newer / Developing Customers
-0.8148787190450636,-1.1033294187296616,0,Loyal Established Customers
1.6985674302244278,-1.2967630681002378,0,Loyal Established Customers
0.6404436545544899,-1.1446897642850629,0,Loyal Established Customers
1.444498619310731,-1.5333099938116428,0,Loyal Established Customers
1.0325893925395002,2.3358047390012056,2,Senior High-Risk Customers
-1.3365488391095468,0.6405370726710026,1,Newer / Developing Customers
1.1906864998334479,-1.4472952622667863,0,Loyal Established Customers
0.6179634024855873,-0.9437655881902466,0,Loyal Established Customers
-0.7251258149579454,0.4232289525866549,1,Newer / Developing Customers
0.6803061404640176,-1.028765612698729,0,Loyal Established Customers
-0.30085135313084743,0.3086593567529877,1,Newer / Developing Customers
-0.3962980370599708,0.374571039775391,1,Newer / Developing Customers
0.5939134650089231,2.4892190839169794,2,Senior High-Risk Customers
-1.2171336140612041,0.6427880338896576,1,Newer / Developing Customers
0.5047087301071659,-0.1683705090481089,0,Loyal Established Customers
1.0202205595868667,-1.3644932069853786,0,Loyal Established Customers
-0.6485594310652042,-0.11185100709002985,1,Newer / Developing Customers
-1.7572276329116812,0.3633286623955763,1,Newer / Developing Customers
-1.283857795466234,-0.49403499118200117,1,Newer / Developing Customers
-0.19233143678745215,-0.04504212071535533,1,Newer / Developing Customers
0.9676887749671419,-0.7231675088244017,0,Loyal Established Customers
0.0628145960434732,0.32529311915078607,1,Newer / Developing Customers
0.8302545558434375,-0.5991918963900149,0,Loyal Established Customers
-1.6208840667411,0.36530802111435445,1,Newer / Developing Customers
-0.9715563476037552,-0.6962683260593148,1,Newer / Developing Customers
-1.2112057655800643,0.6389862381775537,1,Newer / Developing Customers
-1.4480403074415409,-0.1350460157723748,1,Newer / Developing Customers
1.0527040346329462,1.8552291561454721,2,Senior High-Risk Customers
0.9426582782517843,2.1395685874099324,2,Senior High-Risk Customers
-0.3392285303443776,0.38308255426029153,1,Newer / Developing Customers
-0.021337794697227047,-0.23978936292756942,1,Newer / Developing Customers
0.10817205016768136,0.5425538140976004,1,Newer / Developing Customers
-1.630576043932173,0.4093784080314395,1,Newer / Developing Customers
-0.007801272970123941,2.4261745155382113,2,Senior High-Risk Customers
-0.8844293012136569,-0.826671680723174,1,Newer / Developing Customers
0.5611699749956671,2.3435716387153245,2,Senior High-Risk Customers
-0.4179207603792862,-0.5676805517275059,0,Loyal Established Customers
-0.5358301984452881,0.550088934522826,1,Newer / Developing Customers
0.6677713832775567,-0.4127937555723771,0,Loyal Established Customers
-1.7262739387344812,0.3166273795348538,1,Newer / Developing Customers
-0.24078469072319225,-0.4419937500465025,0,Loyal Established Customers
-0.24636861276192568,-0.5207357365657028,0,Loyal Established Customers
0.9523615658562389,-0.7932780922158131,0,Loyal Established Customers
-0.8356630622584915,0.045340201010199616,1,Newer / Developing Customers
-0.33761403754748975,-1.024904511353808,0,Loyal Established Customers
-0.19144706357629687,-0.27520711953796057,1,Newer / Developing Customers
-0.8269994982770599,0.02728809042035108,1,Newer / Developing Customers
0.39123139875495255,-0.3387647504442907,0,Loyal Established Customers
-1.8651354769778679,0.5749924755826178,1,Newer / Developing Customers
-1.2122045451519319,-0.3431882167042842,1,Newer / Developing Customers
-0.7005884798269503,-0.2031592461606428,1,Newer / Developing Customers
-0.6971706165359977,0.5612436953705927,1,Newer / Developing Customers
0.40801132488915487,0.005705740615429611,0,Loyal Established Customers
0.22720338776074794,0.07051417141059992,1,Newer / Developing Customers
2.4417092220288623,1.1318133481894348,2,Senior High-Risk Customers
-1.7391800505269739,0.3814779932451751,1,Newer / Developing Customers
-0.166224983353258,-0.04955509455171591,1,Newer / Developing Customers
1.8087218191148344,1.6340766147034431,2,Senior High-Risk Customers
-0.7435540663198382,-1.2307018702555135,0,Loyal Established Customers
-1.2349543152772169,0.3653643527353425,1,Newer / Developing Customers
0.44034648425228423,1.343158836974389,2,Senior High-Risk Customers
1.4815527573379237,2.111230446415149,2,Senior High-Risk Customers
0.6944794583073832,-0.22086163713990165,0,Loyal Established Customers
-0.23153358068119692,-0.8887860803678003,0,Loyal Established Customers
1.6257435475541828,0.706423456234126,2,Senior High-Risk Customers
-2.0068139430273653,0.48946697801538913,1,Newer / Developing Customers
0.8977074763946216,-0.874233335646146,0,Loyal Established Customers
-0.5855973200377372,0.39303884224439006,1,Newer / Developing Customers
-0.3674034073857983,-0.6219820378197288,0,Loyal Established Customers
0.4333159193892506,-0.9364974316153123,0,Loyal Established Customers
1.2320406731888527,-1.160037461647068,0,Loyal Established Customers
-0.34088950855058,-1.3708031984643372,0,Loyal Established Customers
-0.9263437259684257,-0.9712542423156053,1,Newer / Developing Customers
-1.8519848475466643,0.5913851761212916,1,Newer / Developing Customers
0.5524888809238213,2.5332732291066042,2,Senior High-Risk Customers
-0.23975207207942922,0.13224892348787337,1,Newer / Developing Customers
-0.4743262907723774,-0.4267565517491439,1,Newer / Developing Customers
-0.4106931240135702,0.39440208879724487,1,Newer / Developing Customers
-1.3944349201561494,0.04757741141843545,1,Newer / Developing Customers
2.342613228988331,1.0208368701880155,2,Senior High-Risk Customers
-1.0437037049240567,-0.16167319786902445,1,Newer / Developing Customers
1.8533157428672915,-1.4036255641364708,0,Loyal Established Customers
0.9438625137684643,-1.3974049865814737,0,Loyal Established Customers
1.1400098389513564,-0.6824555475457642,0,Loyal Established Customers
-0.7266483163883538,-0.2863679212515865,1,Newer / Developing Customers
-1.722049934183873,0.5714638849929836,1,Newer / Developing Customers
1.6360558645492866,0.9782497039498442,2,Senior High-Risk Customers
-0.14758702169544596,0.5882494777228592,1,Newer / Developing Customers
-0.7245470204642255,0.5892711025274314,1,Newer / Developing Customers
1.6201117227886161,-1.3280585489459769,0,Loyal Established Customers
0.6737099630844762,-0.8050042913973106,0,Loyal Established Customers
2.689950850503307,0.7073133448174767,2,Senior High-Risk Customers
-0.27388568847795636,0.6402404866441993,1,Newer / Developing Customers
-1.562360585764015,0.14711781495239584,1,Newer / Developing Customers
0.08953271628828899,0.3528837531178385,1,Newer / Developing Customers
-0.6220496488947271,0.48373136614980244,1,Newer / Developing Customers
-1.9410190972195007,0.5867968416059657,1,Newer / Developing Customers
-0.733472624017787,-0.6483552147001442,1,Newer / Developing Customers
0.5172763596105285,-0.9182809083118239,0,Loyal Established Customers
1.5015704202698532,-1.221991752437099,0,Loyal Established Customers
0.789244308930439,-0.9689934792410376,0,Loyal Established Customers
0.0719391961773964,-0.4972954134673118,0,Loyal Established Customers
-0.4164094845106239,-1.240198149437773,0,Loyal Established Customers
0.20403541024548247,-0.659341347470363,0,Loyal Established Customers
0.1989265998943091,-0.9174344440175274,0,Loyal Established Customers
1.7609101682028578,-1.3817630926087199,0,Loyal Established Customers
-0.026212703752080884,0.024696711907445747,1,Newer / Developing Customers
-0.7990040034599013,-1.140218044705043,0,Loyal Established Customers
-0.7077943104177881,0.34123117778969764,1,Newer / Developing Customers
-1.243779265243953,-0.38831631282895834,1,Newer / Developing Customers
-1.5739957338924353,0.058468466565067816,1,Newer / Developing Customers
-0.06289756168380992,-0.8553244468641347,0,Loyal Established Customers
1.5974689770398376,2.0687991520247415,2,Senior High-Risk Customers
-0.6426983268486518,0.07033135860203954,1,Newer / Developing Customers
-1.8568929558115714,0.2853756686767684,1,Newer / Developing Customers
-0.45142586598756784,0.024832395078208398,1,Newer / Developing Customers
-0.8490207277927961,-0.9290568659654176,0,Loyal Established Customers
0.6283511367386875,-0.5741304750493111,0,Loyal Established Customers
-1.842067466938638,0.5968350871528993,1,Newer / Developing Customers
2.2830927751087233,1.0367596655027917,2,Senior High-Risk Customers
-0.33820115414007235,-0.4468040772717565,1,Newer / Developing Customers
2.324211674946228,1.2495728060351439,2,Senior High-Risk Customers
1.5495445648617054,-1.4020855700008379,0,Loyal Established Customers
-0.29812669584948676,-0.021616342428828796,1,Newer / Developing Customers
1.1868894988066123,-1.2730881289244416,0,Loyal Established Customers
-0.052963696313798395,0.13104462007775675,1,Newer / Developing Customers
-1.9274782149562983,0.6599925000910999,1,Newer / Developing Customers
0.014647920351569435,0.32192809662846866,1,Newer / Developing Customers
0.31174399469732633,-0.19336166663994886,0,Loyal Established Customers
-0.18869519020717143,-0.012972402922323038,1,Newer / Developing Customers
1.131094668469149,-0.8260672819325675,0,Loyal Established Customers
-1.756536476911367,0.17377207913432174,1,Newer / Developing Customers
0.11898828347261556,-1.0104118191519755,0,Loyal Established Customers
-1.2877798557112206,0.6162799318147494,1,Newer / Developing Customers
0.910801798869656,-1.4088131761523788,0,Loyal Established Customers
-0.8668280748643494,0.5812937519014656,1,Newer / Developing Customers
-0.8735698858269475,0.4839486006268309,1,Newer / Developing Customers
-0.24422840620342184,-0.2906046277534785,1,Newer / Developing Customers
0.137862890869908,-0.7462970980848477,0,Loyal Established Customers
-1.5443083237441595,-0.11004616738034662,1,Newer / Developing Customers
0.47063850431071064,-0.7735444133880219,0,Loyal Established Customers
1.105195180887713,-0.9414115360741734,0,Loyal Established Customers
-1.4073690127206322,0.622560261480326,1,Newer / Developing Customers
-0.04916669528696327,-0.043162513264587886,1,Newer / Developing Customers
1.6448959162168961,-1.4263889961217087,0,Loyal Established Customers
-1.3027808846779618,-0.21352217831420006,1,Newer / Developing Customers
-0.02881366158180839,-1.2817952437290727,0,Loyal Established Customers
-0.14330358349107372,0.10231668919498908,1,Newer / Developing Customers
-0.03264481520053297,-1.0056165075572263,0,Loyal Established Customers
1.1512984395006898,-1.518503268233677,0,Loyal Established Customers
-0.086683381006809,0.3993217272781497,1,Newer / Developing Customers
0.20621688147009337,-0.22942977040341966,0,Loyal Established Customers
2.0180142408062745,1.1883578383164717,2,Senior High-Risk Customers
1.660134963144698,-1.41841124849502,0,Loyal Established Customers
-0.2983313674587163,0.40104761243878106,1,Newer / Developing Customers
1.2721869144307152,-1.5142961839082967,0,Loyal Established Customers
-0.08397634682230712,0.12700230944156332,1,Newer / Developing Customers
1.812678814141063,0.5252639970848937,2,Senior High-Risk Customers
1.5749780383782008,1.6331975908378316,2,Senior High-Risk Customers
1.0889949229325917,2.1948807390228438,2,Senior High-Risk Customers
-1.695048744717512,0.3529389007598798,1,Newer / Developing Customers
-1.0419989389715765,0.3306297391451987,1,Newer / Developing Customers
-1.0563819671108612,0.5388520141539649,1,Newer / Developing Customers
-1.7508474998448933,0.14977281432744907,1,Newer / Developing Customers
1.3545752112614298,-1.1717598793634267,0,Loyal Established Customers
-0.4274703504376572,0.17859705254245317,1,Newer / Developing Customers
-0.5092688309656734,-0.6133742312795396,1,Newer / Developing Customers
-1.1071201588695416,0.21539277209479923,1,Newer / Developing Customers
-1.873429621545255,0.5232101201812112,1,Newer / Developing Customers
0.0199751139920709,-0.15231203056256992,1,Newer / Developing Customers
0.7932772695859643,-1.2928232081434234,0,Loyal Established Customers
-0.5462193049199687,0.628588332676704,1,Newer / Developing Customers
1.0835979745414308,-1.5474523249017051,0,Loyal Established Customers
-0.33649507692922465,-0.9565575944416403,0,Loyal Established Customers
2.8664486447983695,0.862894263751823,2,Senior High-Risk Customers
0.06265553291754833,2.4008903657896545,2,Senior High-Risk Customers
0.7755433583314726,-1.0599795422382021,0,Loyal Established Customers
2.979387587714205,0.5087079547970854,2,Senior High-Risk Customers
0.620491139129179,-1.31852554385952,0,Loyal Established Customers
-0.031148106678187935,0.004752185167085032,1,Newer / Developing Customers
-0.8358707142220401,0.38926468463557273,1,Newer / Developing Customers
-0.013333053368219768,-0.9478121666603091,0,Loyal Established Customers
0.5520648738715623,-1.3864887117495635,0,Loyal Established Customers
-0.6212548100882535,0.6395680428572881,1,Newer / Developing Customers
-1.8422047081724897,0.6094476249689292,1,Newer / Developing Customers
-1.163281056640534,0.4904872033425109,1,Newer / Developing Customers
-0.7251670796240524,0.22344848433193587,1,Newer / Developing Customers
0.025125875120141535,0.08149427859190667,1,Newer / Developing Customers
0.05493979517648914,0.2887758469432921,1,Newer / Developing Customers
0.39190041376414425,-0.7827915316810117,0,Loyal Established Customers
-0.5468245160892748,-1.4700465595160617,0,Loyal Established Customers
-0.5283976369489625,0.6320187746209204,1,Newer / Developing Customers
2.5689251343394295,0.7157187983081262,2,Senior High-Risk Customers
0.5545912382935736,-1.313114156124023,0,Loyal Established Customers
-0.5470321680528235,-1.1261220758906882,0,Loyal Established Customers
0.028020433876394975,-0.436487110393184,0,Loyal Established Customers
1.3291789455559417,-0.931391767906393,0,Loyal Established Customers
-0.6746994429270904,0.25066776453110085,1,Newer / Developing Customers
-1.1890666955104074,-0.37566317827558476,1,Newer / Developing Customers
-0.2820016228447455,-0.7418640884822506,0,Loyal Established Customers
0.9163488686063846,-1.356765041608605,0,Loyal Established Customers
1.1124646936939557,-0.9560115717303456,0,Loyal Established Customers
-0.4374317225447292,-0.5628616435451567,0,Loyal Established Customers
-0.23301094722762103,0.4536613304099144,1,Newer / Developing Customers
-0.5122085641227946,0.6220558897529521,1,Newer / Developing Customers
-0.8195409696080692,-0.7536470162854588,1,Newer / Developing Customers
1.0204366038996202,-1.3746986802186691,0,Loyal Established Customers
-0.11658546324625793,0.12990732316204148,1,Newer / Developing Customers
-0.39183637359984347,0.1257321652489022,1,Newer / Developing Customers
-1.3804179594503934,-0.3325712793344926,1,Newer / Developing Customers
1.27574270506631,-0.9865730358404979,0,Loyal Established Customers
-1.8583789506183588,0.3190955752305374,1,Newer / Developing Customers
-0.8814600113101971,-1.0227769486356408,0,Loyal Established Customers
-1.7082419190898106,0.1047987926586256,1,Newer / Developing Customers
1.0286784389551271,-1.4402482314771126,0,Loyal Established Customers
1.0501219557155252,-0.8710115472218632,0,Loyal Established Customers
-0.832053018762034,-0.034733628224727135,1,Newer / Developing Customers
-0.43125867847108335,0.6365972127141881,1,Newer / Developing Customers
-0.45417430880274223,-1.3577385997744627,0,Loyal Established Customers
0.5700228163214266,-1.121677568411278,0,Loyal Established Customers
-1.1570746578919642,-0.6656513389493216,1,Newer / Developing Customers
0.4611267108009709,1.5388927511189683,2,Senior High-Risk Customers
-1.8876150429359804,0.5518493960300271,1,Newer / Developing Customers
-1.733209970624733,0.3034634265776916,1,Newer / Developing Customers
-1.884646439143311,0.5798113837649671,1,Newer / Developing Customers
-1.218845012284945,0.6269876424947338,1,Newer / Developing Customers
1.1048295189207709,-1.2874792239030506,0,Loyal Established Customers
-0.8230924845591999,0.3967523799232649,1,Newer / Developing Customers
0.7120592380994514,-1.247870649054662,0,Loyal Established Customers
-0.9546148659288203,-0.7292148247620232,1,Newer / Developing Customers
-1.0784056058535145,-0.7732267861418021,1,Newer / Developing Customers
0.10242839500942785,-0.8059814434332551,0,Loyal Established Customers
-0.00504096713320348,-0.2238280443166823,1,Newer / Developing Customers
-1.8566896564239221,0.3108462251039719,1,Newer / Developing Customers
-0.6004738974287768,0.6112347013544608,1,Newer / Developing Customers
-0.5883863414082283,-1.4133798765104069,0,Loyal Established Customers
-1.7203606399894364,0.563214534866418,1,Newer / Developing Customers
-0.41877122426820323,0.3324142601625473,1,Newer / Developing Customers
0.2212662871985974,2.2908904928891447,2,Senior High-Risk Customers
-0.20630351357553936,-0.1552737729047589,1,Newer / Developing Customers
2.27454093538811,0.7059884356012447,2,Senior High-Risk Customers
0.11082048549332554,1.824454288754567,2,Senior High-Risk Customers
-0.8398981859912436,-1.0794436316412956,0,Loyal Established Customers
-0.7152275580249039,0.48336859333900994,1,Newer / Developing Customers
-0.24126254685391318,0.6336263825710883,1,Newer / Developing Customers
1.8111871266951858,0.353930348051509,2,Senior High-Risk Customers
0.30496999752861637,-0.3808355314246265,0,Loyal Established Customers
0.03543226356499729,-0.8267415231113922,0,Loyal Established Customers
1.27387494342676,1.2018892742083753,2,Senior High-Risk Customers
0.12388806963865998,0.039740272315375455,1,Newer / Developing Customers
-0.3956333746266787,0.29993929859124685,1,Newer / Developing Customers
-0.42449307365157873,0.49035206710678336,1,Newer / Developing Customers
-1.02452147808718,0.4665299468834115,1,Newer / Developing Customers
1.5681523986457764,-1.5266114781785265,0,Loyal Established Customers
-0.7752592897832867,0.4278813910589167,1,Newer / Developing Customers
0.01932227446193501,-0.8642975572233766,0,Loyal Established Customers
-1.0128816503236118,0.27986598208839836,1,Newer / Developing Customers
0.7759593785011127,2.3519221161411688,2,Senior High-Risk Customers
-1.3409783906999335,0.027108771919299703,1,Newer / Developing Customers
0.5128854623891,2.2482034407255975,2,Senior High-Risk Customers
-0.24444650884854638,0.3918026124220324,1,Newer / Developing Customers
0.9477999609198595,2.2637231418197334,2,Senior High-Risk Customers
1.4341822926740742,1.8155675893055032,2,Senior High-Risk Customers
-1.259362396056979,0.4712797311898132,1,Newer / Developing Customers
0.9788727202482962,-0.6458302302707942,0,Loyal Established Customers
-1.3214961098502802,-0.23577923922189126,1,Newer / Developing Customers
-0.7690774495758484,0.6179757977981462,1,Newer / Developing Customers
0.9835838865420773,1.4405942547154,2,Senior High-Risk Customers
0.29941027481337573,-0.8773090869105807,0,Loyal Established Customers
1.5326969277079217,-1.2865786604462863,0,Loyal Established Customers
-0.7457312618599851,0.017509096954065793,1,Newer / Developing Customers
1.9652342256676838,1.7497602962006957,2,Senior High-Risk Customers
1.4411951675356502,-1.3690764445706025,0,Loyal Established Customers
0.8502091296011193,-1.0975578837577782,0,Loyal Established Customers
-1.1969707022291836,-0.42356969275088535,1,Newer / Developing Customers
-0.16428871756014787,-0.6457617639138438,0,Loyal Established Customers
0.14252877573963288,-0.21872417799967636,0,Loyal Established Customers
0.48749872894678126,-0.13969734318891222,0,Loyal Established Customers
-0.5922293179301094,-0.35058387249360895,1,Newer / Developing Customers
-0.23220437337855557,0.17751648424844865,1,Newer / Developing Customers
2.4330187688528175,1.2617891673987311,2,Senior High-Risk Customers
-0.34389304299252194,-0.5926248771196932,0,Loyal Established Customers
0.04522107593258064,-0.5248860474343642,0,Loyal Established Customers
-0.8863376648082119,0.13797814878900114,1,Newer / Developing Customers
-0.9589906614493753,-0.721049841360455,1,Newer / Developing Customers
-1.1392979657852198,0.30826089653990124,1,Newer / Developing Customers
1.0117370722635801,-1.3543746157540488,0,Loyal Established Customers
-0.9134864084505104,-0.20364285155008183,1,Newer / Developing Customers
-0.7963750504251743,0.6484102695377241,1,Newer / Developing Customers
1.1518863124544052,-1.242809363548225,0,Loyal Established Customers
0.4727109998496331,-0.08343590396152567,0,Loyal Established Customers
0.8898125481358405,-0.8124880953767711,0,Loyal Established Customers
-0.41917592522606667,0.18045342438116788,1,Newer / Developing Customers
0.8120355947095846,2.253644660957017,2,Senior High-Risk Customers
-1.3844239846623574,0.6336948489280386,1,Newer / Developing Customers
1.4386355637849961,1.2330097043869321,2,Senior High-Risk Customers
0.8740985869972326,-0.981876320536767,0,Loyal Established Customers
-0.7467351248515877,0.6537314151667668,1,Newer / Developing Customers
3.0741823541351407,0.4817519832983318,2,Senior High-Risk Customers
0.5550817072842169,1.3016474190631802,2,Senior High-Risk Customers
-1.1810640125137706,-0.41148421506610433,1,Newer / Developing Customers
-0.34434779137712673,0.46347221426326485,1,Newer / Developing Customers
-0.22241418878939181,0.03123744863066321,1,Newer / Developing Customers
0.5314993194140492,-1.14429358783262,0,Loyal Established Customers
0.26572958437824085,0.2217956456368704,1,Newer / Developing Customers
-0.05271409357335263,-0.23716665094030426,1,Newer / Developing Customers
-1.0799679846732921,-0.5633225058031512,1,Newer / Developing Customers
0.9396944772346464,0.5431358101431458,2,Senior High-Risk Customers
1.4063647024977195,-0.8765818537401756,0,Loyal Established Customers
-0.4181136266955814,0.5008634746860628,1,Newer / Developing Customers
-1.7300665871854166,0.12143947282462167,1,Newer / Developing Customers
1.1593758536445327,-1.2324481839515729,0,Loyal Established Customers
2.4548042306146867,0.3731662520357961,2,Senior High-Risk Customers
0.9923931985615261,-0.5499117813727739,0,Loyal Established Customers
0.9783631160189264,0.5563160048277682,2,Senior High-Risk Customers
-1.2823724867702366,-0.3036876420883637,1,Newer / Developing Customers
0.6895866922689637,-0.4891602069203567,0,Loyal Established Customers
-1.1942420515895624,-0.1947390519209703,1,Newer / Developing Customers
0.4921694165920376,-1.1805952126355879,0,Loyal Established Customers
-1.6817435096228581,0.2879226842641389,1,Newer / Developing Customers
-1.2904827732309814,-0.45580418423310437,1,Newer / Developing Customers
-0.16783817417890787,-0.16756413464734005,1,Newer / Developing Customers
0.16634801681068578,-0.32634022192950046,0,Loyal Established Customers
1.249057457138396,-1.148102211944914,0,Loyal Established Customers
1.1103160947862465,-1.5198616909346527,0,Loyal Established Customers
-1.5577409123004942,0.588271111880157,1,Newer / Developing Customers
-0.5048634786987799,0.41778563843891703,1,Newer / Developing Customers
0.17348407804957133,0.2614485216766511,1,Newer / Developing Customers
-0.8557772541523053,-0.6731599656133372,1,Newer / Developing Customers
0.1111427122927216,-0.10168596510968012,1,Newer / Developing Customers
0.09934440049083029,-0.3397923062716293,0,Loyal Established Customers
0.20425214066902653,-0.8936140763510605,0,Loyal Established Customers
-0.12465174059773468,-0.7186977733176071,0,Loyal Established Customers
2.1547894901357765,1.344067522653383,2,Senior High-Risk Customers
-1.8819124227577513,0.3092614557651341,1,Newer / Developing Customers
-1.0092554489583203,0.4762771843468537,1,Newer / Developing Customers
0.6412616011070797,-1.0083761288122095,0,Loyal Established Customers
1.187952483447888,-1.1767453342669534,0,Loyal Established Customers
-0.764621478754811,0.16408336768450357,1,Newer / Developing Customers
-0.8750392996880928,-0.8124850728016423,1,Newer / Developing Customers
-1.2178012568488157,0.6386803038315652,1,Newer / Developing Customers
0.8764457594084949,-0.8716024397025086,0,Loyal Established Customers
-1.4807236160436856,0.29157161114226215,1,Newer / Developing Customers
-0.12445756440312654,0.22205550575947616,1,Newer / Developing Customers
0.30513983043516624,-0.4774606278153278,0,Loyal Established Customers
-0.07420391368654768,-0.4127215077502882,0,Loyal Established Customers
1.9787332491005825,1.3671412914758427,2,Senior High-Risk Customers
0.4407427560880964,-0.03703804016982772,0,Loyal Established Customers
0.07594110472461922,-0.1191580078454029,1,Newer / Developing Customers
-1.3589381845521875,0.007325061940914403,1,Newer / Developing Customers
-0.5286116229293456,-0.029977519088008935,1,Newer / Developing Customers
1.9831771611073052,0.7248576353752885,2,Senior High-Risk Customers
0.17942059952412015,0.5414397527939379,1,Newer / Developing Customers
2.7572192268370586,0.7566733479520863,2,Senior High-Risk Customers
-0.9715680555235237,0.1432760588059911,1,Newer / Developing Customers
-0.7794911062685682,0.08627115406655975,1,Newer / Developing Customers
0.671822653140731,-1.0186470214673993,0,Loyal Established Customers
-1.2332622766396195,-0.5391540199808498,1,Newer / Developing Customers
0.5537588314178551,2.509758795786126,2,Senior High-Risk Customers
-0.06758097664394902,-1.211247887147875,0,Loyal Established Customers
0.12128924447767378,-0.9865575614751277,0,Loyal Established Customers
-1.2771257490744214,-0.2822743390046359,1,Newer / Developing Customers
-0.826093274557981,0.27866167867828173,1,Newer / Developing Customers
-0.023274227833152267,-0.7096717808098776,0,Loyal Established Customers
0.2129509861942767,-0.6898708851682743,0,Loyal Established Customers
-1.054316279623703,0.48826161174344623,1,Newer / Developing Customers
-0.99130246830371,-0.7129669609439768,1,Newer / Developing Customers
0.7169640629521854,-0.7911808532872942,0,Loyal Established Customers
0.47101170517325264,-0.9357795467640924,0,Loyal Established Customers
-1.4671933731596702,0.27307455913755135,1,Newer / Developing Customers
-0.7169077737593451,0.6012696982102513,1,Newer / Developing Customers
0.8966439126657443,1.529791422292196,2,Senior High-Risk Customers
-1.444400136071342,0.547210635444962,1,Newer / Developing Customers
0.3897984317292257,-1.434363299812623,0,Loyal Established Customers
1.3539638250950117,-1.2537894707295318,0,Loyal Established Customers
-1.950625423702022,0.6327416904804168,1,Newer / Developing Customers
-0.1954594228050956,-0.31486176860973175,1,Newer / Developing Customers
-0.18847983200520785,0.20088937949179286,1,Newer / Developing Customers
-1.755753696919208,0.14121752985489502,1,Newer / Developing Customers
0.8431321478949279,-0.8994990080155495,0,Loyal Established Customers
-0.5108013723949091,0.585928918616444,1,Newer / Developing Customers
-1.5078559948871697,-0.20073869128575905,1,Newer / Developing Customers
0.28571565823124395,0.03762562742655746,1,Newer / Developing Customers
-0.05489625090875373,-0.44301097235984094,0,Loyal Established Customers
-1.948019289446115,0.4345300714785974,1,Newer / Developing Customers
-1.5799798389947681,0.14019212358518426,1,Newer / Developing Customers
0.8270225642584522,-1.1111963142122494,0,Loyal Established Customers
0.6569320505495991,-0.7967420720046956,0,Loyal Established Customers
-1.3840478720138396,0.6412797802067776,1,Newer / Developing Customers
-0.25607337961114923,0.5839451574064322,1,Newer / Developing Customers
-1.0905458263665175,0.23158597983767265,1,Newer / Developing Customers
0.5326988591783862,-0.8364960753437547,0,Loyal Established Customers
1.0908128388592186,-0.9572565167128141,0,Loyal Established Customers
-0.5568144104924141,0.55295171959845,1,Newer / Developing Customers
-1.1276550666853389,-0.07023796642783708,1,Newer / Developing Customers
1.598447123028774,-1.293627464267951,0,Loyal Established Customers
-1.1526499834134798,0.5638518625459932,1,Newer / Developing Customers
-0.39242012988881747,-1.4943652733209902,0,Loyal Established Customers
0.898501629090305,-0.4943294032912539,0,Loyal Established Customers
2.562288378404572,0.5156323957074188,2,Senior High-Risk Customers
1.7599192772888164,2.016339553344467,2,Senior High-Risk Customers
-1.1045358531446148,-0.5251235154234023,1,Newer / Developing Customers
0.5390577047076568,-0.4625002897903188,0,Loyal Established Customers
-0.5047853617306679,0.6442599586690627,1,Newer / Developing Customers
1.1118020895930338,-1.553581597488422,0,Loyal Established Customers
-0.9077274998351493,-0.7620611401012112,1,Newer / Developing Customers
2.0336441116934774,0.9761441712218601,2,Senior High-Risk Customers
1.298001220183369,-1.3823452942891772,0,Loyal Established Customers
1.632266569760867,1.7102431033316778,2,Senior High-Risk Customers
1.7138516354359021,1.5632237207769797,2,Senior High-Risk Customers
0.549683456921818,-0.9146895391516441,0,Loyal Established Customers
0.9281897253493707,-0.8869112928840749,0,Loyal Established Customers
-0.39058960110226837,-0.9561208212518538,0,Loyal Established Customers
-0.5120763294172423,0.18032254070236173,1,Newer / Developing Customers
-1.932587711418262,0.6259666591913424,1,Newer / Developing Customers
0.5843493699475024,2.460951161836051,2,Senior High-Risk Customers
1.160172064672587,-1.5247460185389006,0,Loyal Established Customers
-0.9766657290823307,-0.6773670499387175,1,Newer / Developing Customers
-1.4168290236412764,-0.04209828717436124,1,Newer / Developing Customers
-1.709953317313551,0.08899840126370187,1,Newer / Developing Customers
-0.1602884618787092,0.23043613656557052,1,Newer / Developing Customers
1.3045591730393253,-1.1846659562712087,0,Loyal Established Customers
1.6684291077120847,-1.3666288930936132,0,Loyal Established Customers
0.4981066241773766,-1.124671237165708,0,Loyal Established Customers
1.2959357447720712,-1.2906002820287774,0,Loyal Established Customers
0.29223440475346374,-0.636677269752413,0,Loyal Established Customers
-1.8876150429359804,0.5518493960300271,1,Newer / Developing Customers
0.3359357505201309,-0.2391455882984368,0,Loyal Established Customers
1.5801959606122145,-1.2873213679820614,0,Loyal Established Customers
0.0178432997827723,-0.04872412898271198,1,Newer / Developing Customers
-0.4101045566259721,-1.5104082530812364,0,Loyal Established Customers
-0.3651262402376464,-0.3545374832608425,1,Newer / Developing Customers
-1.390112961728831,0.6576941137349113,1,Newer / Developing Customers
-1.9063302681082992,0.5295923351223359,1,Newer / Developing Customers
-1.4512158770869688,-0.0431507755293482,1,Newer / Developing Customers
-1.82824090875022,0.43888738378660497,1,Newer / Developing Customers
0.0473850763479908,-0.5383452355041788,0,Loyal Established Customers
1.2062913963027624,2.4455380450521473,2,Senior High-Risk Customers
0.060270374637896265,-0.2808660810902246,0,Loyal Established Customers
-0.6651179473068115,-0.3555551426661229,1,Newer / Developing Customers
-1.3171714517128463,0.5030029178995132,1,Newer / Developing Customers
-1.5126638790332323,-0.17216276141760908,1,Newer / Developing Customers
0.41988642617062316,-0.10651356409221746,0,Loyal Established Customers
0.9821217558425382,2.3085854588020407,2,Senior High-Risk Customers
0.38912667227687303,-0.09406749598627498,0,Loyal Established Customers
1.1653104238098995,1.9960451110563577,2,Senior High-Risk Customers
-1.3153381784831364,0.14497834737902263,1,Newer / Developing Customers
0.7776124680494894,-0.2744692319692275,0,Loyal Established Customers
0.12714949926346067,1.9305443208754975,2,Senior High-Risk Customers
0.42371963812171837,-1.0548940672062843,0,Loyal Established Customers
-0.938073193666837,-0.5379284650319056,1,Newer / Developing Customers
-0.020468117720358725,2.514223731800964,2,Senior High-Risk Customers
-0.37188454428532264,0.5236352004707661,1,Newer / Developing Customers
-0.7591449481043249,0.0960423851183245,1,Newer / Developing Customers
-0.9179633543489225,0.549966741644208,1,Newer / Developing Customers
-1.2979556175832627,0.555908401930408,1,Newer / Developing Customers
-1.7226376921542004,0.3486970973278861,1,Newer / Developing Customers
1.0098314531121857,-1.2859938088315006,0,Loyal Established Customers
-0.19760237380676032,0.3512761451676706,1,Newer / Developing Customers
0.9105934607953172,-0.8408214368795984,0,Loyal Established Customers
-1.436814411383489,-0.08199552461145498,1,Newer / Developing Customers
1.4209016525305045,1.465853370292153,2,Senior High-Risk Customers
1.1132188649615076,2.239225530874399,2,Senior High-Risk Customers
-0.4995331351485309,-1.1268647834264633,0,Loyal Established Customers
-0.23323905035468936,0.27547557765629294,1,Newer / Developing Customers
-1.9582805137911432,0.440691160634462,1,Newer / Developing Customers
0.18832846923449942,-0.046876050943462776,1,Newer / Developing Customers
0.4368744544680061,-1.3050433061371407,0,Loyal Established Customers
0.20276678723998362,-0.059026948050142795,1,Newer / Developing Customers
-0.4260082197381184,-0.6893941515441869,0,Loyal Established Customers
-0.9461900060192399,0.29862468279779564,1,Newer / Developing Customers
1.012420146690645,2.396241688307446,2,Senior High-Risk Customers
-0.736351711015997,0.37017846142573513,1,Newer / Developing Customers
0.6407542142298035,2.5440944175050957,2,Senior High-Risk Customers
0.35775134015574145,-0.36543802320910856,0,Loyal Established Customers
0.21652851235440687,0.2664637329597053,1,Newer / Developing Customers
1.0524236028313738,-1.0712245451924225,0,Loyal Established Customers
-1.8888849934300143,0.5753638293505053,1,Newer / Developing Customers
-0.988689894500807,0.23408206042991042,1,Newer / Developing Customers
-0.09452346330038125,-0.4844904638588085,0,Loyal Established Customers
0.005174731916410859,-0.5404760122773639,0,Loyal Established Customers
-1.7621385096211437,0.6300866911053635,1,Newer / Developing Customers
0.5523516396899696,2.545885766922634,2,Senior High-Risk Customers
-1.5733843477260172,0.14049805793117282,1,Newer / Developing Customers
-0.47875702526458574,0.41327266460255635,1,Newer / Developing Customers
-0.3371308687269684,0.38146625550993546,1,Newer / Developing Customers
-1.6490838292168037,0.002042253648494391,1,Newer / Developing Customers
1.4640408694956344,-1.265087542686423,0,Loyal Established Customers
-1.1373311666517822,0.30024343554532207,1,Newer / Developing Customers
-0.6859537989379415,0.5046424317868367,1,Newer / Developing Customers
2.164274096007505,1.5939956357989788,2,Senior High-Risk Customers
0.37840344866361714,-1.0723742938983791,0,Loyal Established Customers
1.4403242253603898,-1.3986547310558988,0,Loyal Established Customers
-0.290211316427186,0.4387486536807908,1,Newer / Developing Customers
-0.015358621258395086,2.5482495727007217,2,Senior High-Risk Customers
0.7235652468600264,-0.585821363354152,0,Loyal Established Customers
0.2084410529955747,0.14475013314302418,1,Newer / Developing Customers
0.5049063368557252,-0.3479535082080591,0,Loyal Established Customers
-0.45476286786724773,-1.4093652488125081,0,Loyal Established Customers
-0.7809598516291452,-0.001732435618410473,1,Newer / Developing Customers
-0.3652568668104599,0.614069848326798,1,Newer / Developing Customers
0.003723638102445838,2.4684398101424763,2,Senior High-Risk Customers
-0.049090591918176565,-0.1694209034867775,1,Newer / Developing Customers
-1.3827779215198057,0.6177653468862994,1,Newer / Developing Customers
1.4125816557738409,2.3298630787150056,2,Senior High-Risk Customers
2.0633408809459515,0.8673553084584293,2,Senior High-Risk Customers
0.22807443695919682,2.37639275484432,2,Senior High-Risk Customers
0.5278381873994853,-0.5345644810114917,0,Loyal Established Customers
1.1043768288685367,-0.9035838994623119,0,Loyal Established Customers
0.037580457006119866,-0.08875013182237074,1,Newer / Developing Customers
-0.5256544365732458,0.6104604644071675,1,Newer / Developing Customers
1.5481948445337759,-1.106984962053,0,Loyal Established Customers
0.5551770529149183,-0.3652184844963507,0,Loyal Established Customers
-1.3588186947717404,-0.3987322574491815,1,Newer / Developing Customers
-1.4293241840825717,-0.29570160066220946,1,Newer / Developing Customers
0.49479066338834954,0.05024683556769009,0,Loyal Established Customers
1.4366644655674068,-1.2370601355295843,0,Loyal Established Customers
0.11262600738939374,-0.26407132646837783,0,Loyal Established Customers
0.8305021153281082,2.461200347085243,2,Senior High-Risk Customers
-0.5871163909141945,-1.4368943098308853,0,Loyal Established Customers
0.37171837825713894,0.3382559246802785,1,Newer / Developing Customers
0.5353348557404262,2.53395051722048,2,Senior High-Risk Customers
1.1472190553631,-1.3222477723385833,0,Loyal Established Customers
1.1837762583176326,2.427668052831991,2,Senior High-Risk Customers
0.36289645337776766,-1.3616197470363416,0,Loyal Established Customers
-1.2009650195213797,-0.29684794935366005,1,Newer / Developing Customers
0.5017394402037062,0.027734758864357903,0,Loyal Established Customers
-0.9030686350930495,-1.0163417417029357,0,Loyal Established Customers
-0.3415854673264255,0.38722417432876466,1,Newer / Developing Customers
0.8266749713509366,-0.8833247475757745,0,Loyal Established Customers
0.8130998445492521,-0.37444735262873224,0,Loyal Established Customers
1.3540372910438263,1.7925214585863294,2,Senior High-Risk Customers
1.4375297151035769,-1.412535404631442,0,Loyal Established Customers
2.4160026710140645,1.0257866620491707,2,Senior High-Risk Customers
-0.29023312220206415,-1.0677244107943005,0,Loyal Established Customers
-0.1503704654102353,-1.0660428024651385,0,Loyal Established Customers
0.8719988670474528,-0.30805825484419047,0,Loyal Established Customers
0.23096888869226184,-0.41788893108919484,0,Loyal Established Customers
-0.11063986331171366,0.5195503090240037,1,Newer / Developing Customers
-1.6426986896217164,0.21760721681492753,1,Newer / Developing Customers
0.37111812888308704,-0.3063236788833709,0,Loyal Established Customers
2.5941243874605564,0.9109678809663111,2,Senior High-Risk Customers
1.929138612911251,0.6972985308197542,2,Senior High-Risk Customers
-1.205255768336575,-0.3657002934076164,1,Newer / Developing Customers
-1.2868291437020645,0.3742720436726856,1,Newer / Developing Customers
0.6590836745446728,-1.179086958952708,0,Loyal Established Customers
-0.9143229911039005,-0.7623670744471998,1,Newer / Developing Customers
-1.338849800114605,0.6166828149941552,1,Newer / Developing Customers
-0.47003369977163895,0.14935830325589686,1,Newer / Developing Customers
0.04225315825070136,-0.7769152908167107,0,Loyal Established Customers
0.24131242513848333,0.2180592693466655,1,Newer / Developing Customers
1.5148762264919093,-1.5640023416006015,0,Loyal Established Customers
-1.8019734202252677,0.17817157525217542,1,Newer / Developing Customers
-0.3000427480722348,-1.047250118347053,0,Loyal Established Customers
-1.3307689554168114,-0.21759837896077422,1,Newer / Developing Customers
-0.42322312315754496,0.4668376337863051,1,Newer / Developing Customers
0.6866090100162987,-0.6267739493999721,0,Loyal Established Customers
-0.6250943560561834,0.5820277686370523,1,Newer / Developing Customers
0.8957840002596618,-1.3386371733390683,0,Loyal Established Customers
-1.0012470733225936,0.6455097031434879,1,Newer / Developing Customers
-0.5076167242894858,0.6036854331180931,1,Newer / Developing Customers
1.6126828277574,-1.5553161734492413,0,Loyal Established Customers
0.0430674383381818,-0.4952738709386875,0,Loyal Established Customers
0.7965242468478357,2.333794247871632,2,Senior High-Risk Customers
1.8473150406411185,1.5494479439628486,2,Senior High-Risk Customers
0.09563205054176274,-0.24560363384247202,0,Loyal Established Customers
-1.0010038045989826,-0.7286223452088755,1,Newer / Developing Customers
0.07061121137400236,0.22641666454070708,1,Newer / Developing Customers
-1.4665102138809698,-0.24719990105812295,1,Newer / Developing Customers
1.670064266369887,1.6938450115310042,2,Senior High-Risk Customers
-0.07398718326300367,-0.6469942366309855,0,Loyal Established Customers
-1.6030617126593034,0.14467120741116415,1,Newer / Developing Customers
-0.6322563397346886,-0.1678305055597504,1,Newer / Developing Customers
0.3058751395093135,0.0916041790230481,1,Newer / Developing Customers
-0.7444626835875318,0.442129174928401,1,Newer / Developing Customers
-1.0122930912591062,0.3314926311264437,1,Newer / Developing Customers
1.221703209277886,1.8907971407384905,2,Senior High-Risk Customers
-1.5682738845090598,-0.0994693403791683,1,Newer / Developing Customers
1.3785323796771243,-1.5160557167566875,0,Loyal Established Customers
1.8445205303843055,1.5355672703873056,2,Senior High-Risk Customers
-1.5763529515186865,0.1125360701962329,1,Newer / Developing Customers
-1.098386031800473,0.6409312650502201,1,Newer / Developing Customers
0.9383382711336481,-1.4190501787971879,0,Loyal Established Customers
-1.6832167595045409,0.2859665611574136,1,Newer / Developing Customers
-1.9822460745560435,0.45126798763564024,1,Newer / Developing Customers
0.004270917424248712,-0.4361157566252965,0,Loyal Established Customers
-1.6023712427697796,0.1791818797973162,1,Newer / Developing Customers
0.6671590303561448,-0.2208301077283834,0,Loyal Established Customers
0.49496955969973755,-1.5041426398047602,0,Loyal Established Customers
1.5568980426349257,-1.2726368109227908,0,Loyal Established Customers
1.2358283151114886,-1.393970366171396,0,Loyal Established Customers
2.055466721456712,1.6317052579980837,2,Senior High-Risk Customers
-0.4980288353711587,0.3883630583169823,1,Newer / Developing Customers
-0.5472516429195283,0.004419675579636212,1,Newer / Developing Customers
0.46483055107660465,-1.349941209150729,0,Loyal Established Customers
2.546785422892028,0.929500993014116,2,Senior High-Risk Customers
0.4385703633234809,-0.3572978624920955,0,Loyal Established Customers
-1.6374429884492936,0.29574515762297615,1,Newer / Developing Customers
-0.2874909431533818,0.3867874011389782,1,Newer / Developing Customers
-0.4690419403273964,0.349679236450839,1,Newer / Developing Customers
0.9915675457705212,-1.2440116828851162,0,Loyal Established Customers
-0.5810155254194177,0.539009870074954,1,Newer / Developing Customers
-0.759297310201674,0.6360382466457838,1,Newer / Developing Customers
-1.3787286652559567,-0.3408206294610581,1,Newer / Developing Customers
-1.3617809645475751,0.5792265321501814,1,Newer / Developing Customers
-0.5446569261001909,0.41868405233805334,1,Newer / Developing Customers
0.49430756481817073,-0.2782623368811432,0,Loyal Established Customers
-0.6982287984017413,-1.1035698888187429,0,Loyal Established Customers
-1.38680745162138,-0.17874120244834896,1,Newer / Developing Customers
-0.5610529647791173,0.5485041651839881,1,Newer / Developing Customers
2.1659775073486265,1.1019357447171054,2,Senior High-Risk Customers
-1.508302913892976,0.11998718978718262,1,Newer / Developing Customers
-1.1757083438653124,0.3746666330526259,1,Newer / Developing Customers
-0.6182841479632133,-0.004671736349992177,1,Newer / Developing Customers
-0.31989735435388095,0.1591287763313918,1,Newer / Developing Customers
-1.8496279105646165,0.5872435560528183,1,Newer / Developing Customers
-0.3438957874356829,0.3036441454699335,1,Newer / Developing Customers
1.3533689621454243,2.012480984175644,2,Senior High-Risk Customers
1.8171532049160732,1.67324643228882,2,Senior High-Risk Customers
1.6568465417795495,0.8355008615442858,2,Senior High-Risk Customers
0.6912225370375557,2.347246442056854,2,Senior High-Risk Customers
0.5872130076960362,-0.8715937489023204,0,Loyal Established Customers
-1.186202861969305,0.5127566916805206,1,Newer / Developing Customers
-0.037751584829557774,-0.5034140316557004,0,Loyal Established Customers
1.7604679288321998,-1.3363505247181195,0,Loyal Established Customers
-0.03351008234692546,0.6023561009355416,1,Newer / Developing Customers
0.2864991243341933,-0.21899617750027595,0,Loyal Established Customers
0.8989987913154215,2.1978515691659437,2,Senior High-Risk Customers
-0.754715585833697,-0.2958523199385624,1,Newer / Developing Customers
1.572023551732216,1.1214250621475834,2,Senior High-Risk Customers
-0.20317961566778892,1.9752112025764623,2,Senior High-Risk Customers
-0.3515754277428429,-0.49861042626148583,1,Newer / Developing Customers
0.900815335020468,-0.5061511752749007,0,Loyal Established Customers
-0.9170873734869726,-0.013917267570479432,1,Newer / Developing Customers
-0.48663820488144977,0.3957690924553154,1,Newer / Developing Customers
0.3221237420678078,-0.33158683597581057,0,Loyal Established Customers
-0.3913941342291851,0.08031959735830177,1,Newer / Developing Customers
-1.7522922299855739,0.38327318913593716,1,Newer / Developing Customers
-1.8359087437644455,0.28251288360114446,1,Newer / Developing Customers
1.3293872836302802,-1.4993835071791732,0,Loyal Established Customers
-0.5474921588768861,-1.474154289574154,0,Loyal Established Customers
1.7159281406163776,-1.3673716006293881,0,Loyal Established Customers
0.07023647094706484,-0.2293027780328452,0,Loyal Established Customers
0.5590843721925725,2.533579163452593,2,Senior High-Risk Customers
0.0006339847331777101,-0.2441182187709221,1,Newer / Developing Customers
-0.740670035136596,0.6373170816386331,1,Newer / Developing Customers
-0.7951050999311405,0.6248958362172459,1,Newer / Developing Customers
0.7941518782263338,-1.4085727060632975,0,Loyal Established Customers
1.9980188078490726,1.312802085344801,2,Senior High-Risk Customers
1.3718489137998429,1.960293384995969,2,Senior High-Risk Customers
1.3425400416441975,-1.0773309791678094,0,Loyal Established Customers
-1.7816447921514387,0.3595922861053714,1,Newer / Developing Customers
-1.4694797844286334,-0.001168649582964136,1,Newer / Developing Customers
0.2862965110573345,-0.4685339895748862,0,Loyal Established Customers
-0.552762409785404,-1.3019032793385346,0,Loyal Established Customers
-0.37997268975494497,0.6259888563014916,1,Newer / Developing Customers
-0.23449694203440857,0.48738123696368346,1,Newer / Developing Customers
2.4306303317754483,0.9517348183097544,2,Senior High-Risk Customers
-0.32905139625075486,-0.004680427150180369,1,Newer / Developing Customers
-1.2675985063150055,-0.2807002688991342,1,Newer / Developing Customers
-1.5377503708882032,0.08763317063762188,1,Newer / Developing Customers
0.47571522040236525,-1.0856814809535762,0,Loyal Established Customers
-0.6864005946372673,-1.0781415610363938,0,Loyal Established Customers
1.2660406826602473,-0.7781611644579897,0,Loyal Established Customers
-0.7252132910302562,0.1370288611745255,1,Newer / Developing Customers
0.018286225264220836,-0.31820395252071915,0,Loyal Established Customers
1.053091245618985,-1.0671168151343302,0,Loyal Established Customers
0.0950948164349493,2.4946104484598774,2,Senior High-Risk Customers
0.30304857972602717,-1.5174411360597688,0,Loyal Established Customers
1.2681061580715451,-0.869906176718389,0,Loyal Established Customers
-0.44824259010372497,0.49072342087467086,1,Newer / Developing Customers
0.04730462040330463,-0.042691805229412495,1,Newer / Developing Customers
0.6011871428164942,-1.4335638636551378,0,Loyal Established Customers
-0.15132674477405358,-0.7915353723898404,0,Loyal Established Customers
1.8896730769881263,1.200483426369866,2,Senior High-Risk Customers
-1.2941190198112622,-0.48787390202613673,1,Newer / Developing Customers
1.1667990560366595,-1.210244115035462,0,Loyal Established Customers
0.9245675959157752,-1.4027915516324154,0,Loyal Established Customers
-0.4668889441107423,-0.4808001617919864,1,Newer / Developing Customers
-1.2929719449185813,-0.009929215114041025,1,Newer / Developing Customers
1.9990618771744115,1.5485620023290392,2,Senior High-Risk Customers
-0.6700540363437087,-0.1514324137590769,1,Newer / Developing Customers
-0.6904008950517515,-0.9294049841212523,0,Loyal Established Customers
1.6432700427562845,1.7925127677861412,2,Senior High-Risk Customers
0.9491880545431817,-1.3735846189150067,0,Loyal Established Customers
-0.12993203672124198,-0.3821052786165649,0,Loyal Established Customers
-0.5449393092109458,0.44073241489080267,1,Newer / Developing Customers
0.8577702593378879,-1.312033608305104,0,Loyal Established Customers
-1.8613475544110285,0.29113358749559753,1,Newer / Developing Customers
-1.5875960970229488,0.18120907527405244,1,Newer / Developing Customers
-0.9707375999569873,-0.7310948292135134,1,Newer / Developing Customers
0.9205360074818302,-1.5270963340248436,0,Loyal Established Customers
0.9470457896523072,-0.9315139607850108,0,Loyal Established Customers
-1.7648671602607648,0.4012560502754485,1,Newer / Developing Customers
0.528739364471675,2.5336445828744916,2,Senior High-Risk Customers
-0.24022375321303818,-0.8087362447211961,0,Loyal Established Customers
-1.0591870720138155,-0.5916558473059786,1,Newer / Developing Customers
-0.5343348445343016,0.5760947991510408,1,Newer / Developing Customers
-0.593933696026225,0.41546925779836313,1,Newer / Developing Customers
-1.6166354672394072,0.20541409106339314,1,Newer / Developing Customers
0.944887831640399,-1.5550898511713016,0,Loyal Established Customers
-1.3404730361552444,0.663015259363954,1,Newer / Developing Customers
2.4605344723472675,0.5489474554836423,2,Senior High-Risk Customers
1.6494132941724335,0.9776382770935982,2,Senior High-Risk Customers
-0.7258219774865589,0.18366472461334912,1,Newer / Developing Customers
0.7168338865790039,-1.0216492711789242,0,Loyal Established Customers
2.2372126256691707,1.3605649687213446,2,Senior High-Risk Customers
-1.1964899426355795,0.6270672302028601,1,Newer / Developing Customers
-1.7917131626352334,0.4460037253064096,1,Newer / Developing Customers
-0.6509975101027283,0.6120112989006163,1,Newer / Developing Customers
-0.2835101542702469,-0.9656155133616108,0,Loyal Established Customers
1.9410431559556698,1.571476962211777,2,Senior High-Risk Customers
-1.6424588514520564,-0.0361885533004024,1,Newer / Developing Customers
-0.35280159881369133,0.2197581822651138,1,Newer / Developing Customers
-0.4163814149692536,0.19433409795671086,1,Newer / Developing Customers
0.30855934659190304,-0.21111818114159792,0,Loyal Established Customers
-0.14499453055129438,0.6086265341790601,1,Newer / Developing Customers
-0.22580648885836366,0.3574054177543873,1,Newer / Developing Customers
-0.51438095688741,0.30179606743068427,1,Newer / Developing Customers
0.012722385884238963,0.5297260258777668,1,Newer / Developing Customers
0.5961915989120689,2.4826703992657673,2,Senior High-Risk Customers
0.6758515418645605,-1.0230076938798998,0,Loyal Established Customers
-0.7429709961416544,0.6134628239617856,1,Newer / Developing Customers
-0.282616034098528,0.12230132630396309,1,Newer / Developing Customers
-1.8836292922575915,0.6535017701585539,1,Newer / Developing Customers
2.2102912060367057,1.307503778327088,2,Senior High-Risk Customers
-0.33202068615421465,0.19142484076228647,1,Newer / Developing Customers
1.207882781353534,1.0570740206726799,2,Senior High-Risk Customers
-1.8271308145160896,0.4387371558039777,1,Newer / Developing Customers
-0.33329063664824843,0.2149392740827647,1,Newer / Developing Customers
-0.2503809719907245,-0.5603903856374741,0,Loyal Established Customers
0.9604699010078013,2.307340513819572,2,Senior High-Risk Customers
-1.2164515365208861,0.3435796958837272,1,Newer / Developing Customers
1.7091725810118623,-1.3854679394874063,0,Loyal Established Customers
-0.11867004472231837,-1.1561552742477217,0,Loyal Established Customers
-2.0231402570873853,0.5120424006993874,1,Newer / Developing Customers
0.8334077038535395,-0.8956313510458158,0,Loyal Established Customers
1.069204215076366,-0.9508213097801089,0,Loyal Established Customers
-0.9351080204281186,0.6103698009400679,1,Newer / Developing Customers
1.376011021783413,-1.1603094611476672,0,Loyal Established Customers
0.1800789279405779,-0.539112765724509,0,Loyal Established Customers
-1.225841818690654,0.3793190715248877,1,Newer / Developing Customers
1.7687858672564927,-1.5281584661987517,0,Loyal Established Customers
1.4821336101640146,1.6050708294137046,2,Senior High-Risk Customers
1.5535422278562172,1.6217471726220718,2,Senior High-Risk Customers
-1.9205056442840354,0.39389012650572874,1,Newer / Developing Customers
-0.6271920176735927,0.5836440673874085,1,Newer / Developing Customers
0.9948145230323925,2.3826057731299386,2,Senior High-Risk Customers
1.503461802145294,-1.3278180788568956,0,Loyal Established Customers
-0.2836185248685502,0.31038913322185074,1,Newer / Developing Customers
-0.2610067242048856,-0.10820113627614886,1,Newer / Developing Customers
0.4802943153105693,-1.0683759079279407,0,Loyal Established Customers
0.9070879133790327,1.6443622685827417,2,Senior High-Risk Customers
0.13719456197150648,-0.5263375724955334,0,Loyal Established Customers
1.1731074061521696,-0.6443535059994324,0,Loyal Established Customers
2.45462945096804,0.5831521935238059,2,Senior High-Risk Customers
0.01874347996821519,-1.0303397071641534,0,Loyal Established Customers
-0.42349024766531246,-0.949738606310729,0,Loyal Established Customers
-1.4890093682618675,0.5735082661329379,1,Newer / Developing Customers
0.5519823595945056,-0.21863351453257668,0,Loyal Established Customers
1.343625692683477,0.5886150479125233,2,Senior High-Risk Customers
-0.10152639997015661,0.25951178860345014,1,Newer / Developing Customers
-1.5867410912383733,-0.08295777085998779,1,Newer / Developing Customers
0.45065380267928795,-1.0375089064725225,0,Loyal Established Customers
-0.060136609854688966,-0.48343797550382156,0,Loyal Established Customers
-0.5980883638142911,-1.2049680051278986,0,Loyal Established Customers
-0.5262567442796684,0.6380826277857381,1,Newer / Developing Customers
1.5692596195487765,0.6707991195450342,2,Senior High-Risk Customers
0.7634297911019247,-1.1420989787100386,0,Loyal Established Customers
-0.020748549521931295,-0.41222996953693075,0,Loyal Established Customers
0.33739856733045986,-1.331204048032484,0,Loyal Established Customers
-1.2334655760272684,-0.5646245764080533,1,Newer / Developing Customers
-1.7298778375338628,0.39729898029549326,1,Newer / Developing Customers
-0.7616521888513512,-0.03202190022796322,1,Newer / Developing Customers
-0.35918104576968873,0.20924677468583444,1,Newer / Developing Customers
-0.15607171336688416,-1.2715893734950592,0,Loyal Established Customers
1.0852858965142866,-1.107567163733457,0,Loyal Established Customers
2.587316237699957,0.8254656190111356,2,Senior High-Risk Customers
-0.16041497178678135,-0.1453600657312293,1,Newer / Developing Customers
-0.7414933936840721,0.2460239070159341,1,Newer / Developing Customers
-0.35279679603815983,-1.3487126072667335,0,Loyal Established Customers
-0.721524163810693,0.00943611295964581,1,Newer / Developing Customers
0.07452994808822634,2.5127383167294144,2,Senior High-Risk Customers
-0.6253334997919607,-1.3446807078115515,0,Loyal Established Customers
1.1474337274542732,-0.8843187342770601,0,Loyal Established Customers
1.7604585697280006,-1.396076295900103,0,Loyal Established Customers
-0.8922721279503899,-0.8142148492705054,1,Newer / Developing Customers
0.8085439848256142,-1.5071432263273878,0,Loyal Established Customers
0.8460362902917697,2.4114537024986884,2,Senior High-Risk Customers
-1.1020188478268027,-0.5114747309798456,1,Newer / Developing Customers
-1.3373765502329222,0.6186389381008806,1,Newer / Developing Customers
-0.4460688251175291,0.36284873190212524,1,Newer / Developing Customers
0.24798635875259545,-0.6300209370344475,0,Loyal Established Customers
1.0026152165728175,-1.428055105725578,0,Loyal Established Customers
2.1704193610229794,1.131853855558771,2,Senior High-Risk Customers
0.8853053593802994,-0.8741360996550992,0,Loyal Established Customers
-0.33605296069894985,0.291187314017265,1,Newer / Developing Customers
1.0552636383836003,-0.7468569928120624,0,Loyal Established Customers
0.9669983050776183,-0.7576781812105537,0,Loyal Established Customers
-0.8580588186094024,0.4537249972749083,1,Newer / Developing Customers
-1.5744426528982416,0.3791943476380094,1,Newer / Developing Customers
-1.161562128808323,-0.525954877993129,1,Newer / Developing Customers
-0.006524903607620421,-0.8623099047051332,0,Loyal Established Customers
-1.2864791655690264,0.1786328345108928,1,Newer / Developing Customers
-1.7744369479612758,0.16793457260736638,1,Newer / Developing Customers
0.3572990555700937,-0.15568397085308502,0,Loyal Established Customers
0.3316683255978791,-1.5069852514803304,0,Loyal Established Customers
0.8351020367346658,-1.4973429968723653,0,Loyal Established Customers
0.15339162168029322,-0.02844017488670477,1,Newer / Developing Customers
0.3052196002690622,-0.7490468024426874,0,Loyal Established Customers
-0.10663315198895928,-0.6707830748859342,0,Loyal Established Customers
0.19709365355775058,0.1450242509198649,1,Newer / Developing Customers
-0.1524156746110503,-0.08577930167927084,1,Newer / Developing Customers
-1.0068165606086201,0.2634516485602646,1,Newer / Developing Customers
-1.3604584238974575,0.6231180219268604,1,Newer / Developing Customers
-1.3233568898170507,0.36715570215288096,1,Newer / Developing Customers
0.9882190317636413,2.38229983878395,2,Senior High-Risk Customers
2.5828609529897095,1.055290793477371,2,Senior High-Risk Customers
0.4934386809752811,-0.9800423903086594,0,Loyal Established Customers
-0.0684643128497679,-0.1772145331204582,1,Newer / Developing Customers
-0.5074136286546047,-1.368435611221111,0,Loyal Established Customers
0.9163139379571122,-0.5506247325290211,0,Loyal Established Customers
-1.7470548513939579,0.3449607210376812,1,Newer / Developing Customers
-1.6021915715782211,0.3453896325235121,1,Newer / Developing Customers
-1.7281004741627695,0.3374892674774492,1,Newer / Developing Customers
-1.062129052823066,0.31065303486014323,1,Newer / Developing Customers
-0.1187159052339761,-0.21463928655291398,1,Newer / Developing Customers
-1.655627812067853,0.2902083645894073,1,Newer / Developing Customers
-0.6716847716927822,-1.0900605690110874,0,Loyal Established Customers
2.1568549655470743,1.2523225103929831,2,Senior High-Risk Customers
0.9969654609166761,2.2243281418293335,2,Senior High-Risk Customers
0.30283886943010796,-0.5013148854921752,0,Loyal Established Customers
-1.8464954569876855,0.5405952809149727,1,Newer / Developing Customers
1.3874884790074886,0.5558026225837159,2,Senior High-Risk Customers
0.8745102244592206,-1.524397503382343,0,Loyal Established Customers
-0.6227927089403349,0.38181477066649294,1,Newer / Developing Customers
0.6961710914783942,-0.951238737771379,0,Loyal Established Customers
-0.8439358262819171,-0.480300589556569,1,Newer / Developing Customers
1.1065596723147282,-0.921806833690182,0,Loyal Established Customers
1.0211900890563825,2.044605678033482,2,Senior High-Risk Customers
1.1244984910896076,-0.6023059606311494,0,Loyal Established Customers
-0.8318439945769048,-0.8267926231449136,1,Newer / Developing Customers
-0.6734204139730611,0.33680508595529823,1,Newer / Developing Customers
1.4947629566200438,-1.531561270039682,0,Loyal Established Customers
1.5417559748686407,1.5720320574470352,2,Senior High-Risk Customers
0.1302459851857826,1.8861679996124239,2,Senior High-Risk Customers
1.2903703658276937,-1.0606248795799145,0,Loyal Established Customers
-1.6664399287080456,0.49877046395454255,1,Newer / Developing Customers
-1.7126965176892677,0.1105567114774548,1,Newer / Developing Customers
1.7688579609837265,1.9662869744119231,2,Senior High-Risk Customers
-1.3216233058691427,-0.3875081858712844,1,Newer / Developing Customers
-0.8163740729560501,-1.1293352833578763,0,Loyal Established Customers
-0.6942013266325379,0.3651384274581256,1,Newer / Developing Customers
-1.2402311808467732,-0.41837943080064877,1,Newer / Developing Customers
-0.56856949920262,2.5458987102797432,2,Senior High-Risk Customers
-1.3802140186849994,0.49376649883985957,1,Newer / Developing Customers
0.09719511547233092,-0.6795751698285293,0,Loyal Established Customers
-1.1806878998652528,-0.4038992837873654,1,Newer / Developing Customers
-1.138601803256606,0.5478251245132071,1,Newer / Developing Customers
1.5178532226337844,-1.202321343473579,0,Loyal Established Customers
0.5009576966151771,1.3406209335478518,2,Senior High-Risk Customers
1.06120290430131,-1.3631347842844028,0,Loyal Established Customers
1.034624038889671,-1.05060524561515,0,Loyal Established Customers
1.0925114921578545,-0.9057800956573959,0,Loyal Established Customers
1.6410996013008514,-1.4762491184267708,0,Loyal Established Customers
-0.5747666603031885,0.49319413184731825,1,Newer / Developing Customers
0.24729653024081644,0.13633561232654903,1,Newer / Developing Customers
-1.8588305490932164,0.3047823719391542,1,Newer / Developing Customers
0.8106921782667368,-0.7691518350383659,0,Loyal Established Customers
1.2821543382284188,-0.8859329147511751,0,Loyal Established Customers
0.2067963620746034,-0.28745487611005,0,Loyal Established Customers
-0.26122276851763937,-0.097995663042858,1,Newer / Developing Customers
2.3930715065810944,0.9883303792051968,2,Senior High-Risk Customers
-0.643734376046366,0.6164249633046973,1,Newer / Developing Customers
0.09847414442636013,-0.5934378484043319,0,Loyal Established Customers
1.114563727532945,-1.4057623817755154,0,Loyal Established Customers
-0.7574462948056891,0.14751880617374266,1,Newer / Developing Customers
0.7208029228093249,-0.5095733234196517,0,Loyal Established Customers
-0.3556053314950652,-1.3588841904896436,0,Loyal Established Customers
1.4324916262580571,2.2719514507268825,2,Senior High-Risk Customers
-0.18803823401229416,-0.6453904101459563,0,Loyal Established Customers
2.599050711926668,0.8212606529619962,2,Senior High-Risk Customers
2.187447562409092,0.5313131095006886,2,Senior High-Risk Customers
-0.43488149401546916,0.3447842096132547,1,Newer / Developing Customers
-0.7391840403298086,0.6035971750848641,1,Newer / Developing Customers
-1.9563372278704083,0.6263380129592299,1,Newer / Developing Customers
-0.48320892415392724,0.5476960382263142,1,Newer / Developing Customers
-1.2253489555496895,0.5934127430709901,1,Newer / Developing Customers
-1.6030990525354927,0.5950776725807497,1,Newer / Developing Customers
-0.019618539971864635,-0.5517973198463076,0,Loyal Established Customers
-0.7508466868721966,-1.1965787933647092,0,Loyal Established Customers
2.0441206942404686,1.1838448644801114,2,Senior High-Risk Customers
-0.2211465325388869,-0.2950837115794584,1,Newer / Developing Customers
-1.2396131800193166,0.6196449543370668,1,Newer / Developing Customers
-1.332470353158608,0.6271942225734345,1,Newer / Developing Customers
0.8599104658963916,-1.0819024994928794,0,Loyal Established Customers
-0.6566717758583195,0.4082342177074494,1,Newer / Developing Customers
0.4149829735394695,-1.0113378711543983,0,Loyal Established Customers
-1.347548645639855,0.4129396238113689,1,Newer / Developing Customers
-2.0250778503690303,0.5314491039617734,1,Newer / Developing Customers
-1.5201541063341502,0.0415433146331454,1,Newer / Developing Customers
1.069205587297947,-1.3989558210749227,0,Loyal Established Customers
-1.5273942517138126,0.09014519760075251,1,Newer / Developing Customers
-1.9711902920487452,0.6508695587499533,1,Newer / Developing Customers
0.9869843789306213,-0.9418481994208667,0,Loyal Established Customers
0.3467807394772255,-0.5816462298009354,0,Loyal Established Customers
-0.5344042677253833,2.4050302333012223,2,Senior High-Risk Customers
-0.6250175665766065,0.2317021227674559,1,Newer / Developing Customers
-1.0220568566176191,-0.5895490641211162,1,Newer / Developing Customers
1.3126694595000696,-1.0325494141264677,0,Loyal Established Customers
0.9315827115291327,-1.437146517655206,0,Loyal Established Customers
-0.3381924811466634,-0.1630110504423662,1,Newer / Developing Customers
-1.9029093797299819,0.34780027050125223,1,Newer / Developing Customers
-0.03284175344852403,0.3823965753462273,1,Newer / Developing Customers
-1.851567415036854,0.3091960363432351,1,Newer / Developing Customers
-1.347311313789585,-0.18481748304348516,1,Newer / Developing Customers
0.4720470682601765,-1.257805895819344,0,Loyal Established Customers
-1.2171402287222426,-0.31320675988195296,1,Newer / Developing Customers
-0.8992816792812036,-1.0262073905798572,0,Loyal Established Customers
-0.955446693716937,0.5932905745522948,1,Newer / Developing Customers
1.701158182135258,1.7132706620964882,2,Senior High-Risk Customers
-0.6295489546556404,0.5877856874558814,1,Newer / Developing Customers
0.812829396510722,1.605612982459691,2,Senior High-Risk Customers
-0.5390021016256068,0.4966563903606825,1,Newer / Developing Customers
-0.7875014252532774,0.6421675192325005,1,Newer / Developing Customers
1.5643973483958389,-1.3766911322288693,0,Loyal Established Customers
1.9002775416647708,1.3358458106301039,2,Senior High-Risk Customers
-0.45797611260510895,0.38493932309972895,1,Newer / Developing Customers
-0.3710607033798245,-1.3067304813203493,0,Loyal Established Customers
0.33082556794737705,-0.049104173550787715,0,Loyal Established Customers
-1.49026069708811,0.027164691919863267,1,Newer / Developing Customers
-0.44819604348127695,-0.6748598224675435,0,Loyal Established Customers
-1.9705226492611336,0.6549772888080457,1,Newer / Developing Customers
-0.054288936674031604,-0.041512324503851096,1,Newer / Developing Customers
2.6418310723283973,0.566300689805163,2,Senior High-Risk Customers
1.2801882252057717,-1.1019827094040031,0,Loyal Established Customers
0.7662345289931377,2.529931045195617,2,Senior High-Risk Customers
1.9685561150069595,1.754904272886315,2,Senior High-Risk Customers
-1.5358494313719575,0.29456567689741475,1,Newer / Developing Customers
-0.3839750037687545,0.42199272276429733,1,Newer / Developing Customers
-0.722857726269789,0.581021752400866,1,Newer / Developing Customers
-1.9489140254782815,0.6485420818753406,1,Newer / Developing Customers
1.5253934026708134,1.8239478231108748,2,Senior High-Risk Customers
0.6949859796366988,2.5310451064992794,2,Senior High-Risk Customers
-1.8748368132731406,0.5593370913177192,1,Newer / Developing Customers
0.36645018568099164,-0.16169483202632232,0,Loyal Established Customers
-0.8159175126859387,0.3390332085626232,1,Newer / Developing Customers
1.563189727058253,2.2556842426050148,2,Senior High-Risk Customers
2.1361515284779644,0.7062629503788082,2,Senior High-Risk Customers
-0.8091484773124829,-0.9275482152818149,0,Loyal Established Customers
0.5702959473511707,1.0728485948024131,2,Senior High-Risk Customers
-1.7439031905888243,0.44372866065633904,1,Newer / Developing Customers
3.147571796160874,0.4867017751594871,2,Senior High-Risk Customers
-0.6428305615542039,0.5120647076526299,1,Newer / Developing Customers
1.7061948987591973,-1.523081681967022,0,Loyal Established Customers
1.7116281500212112,0.9649765615831295,2,Senior High-Risk Customers
-0.44457802753521,-1.239341964183491,0,Loyal Established Customers
-1.4896203489616986,0.317337402682118,1,Newer / Developing Customers
-0.4348096663311464,-1.4595967248854576,0,Loyal Established Customers
-1.4449305376251016,0.5304903675708397,1,Newer / Developing Customers
0.056910260775036,0.13543060154354292,1,Newer / Developing Customers
0.4949990014626884,-0.5177449037050897,0,Loyal Established Customers
0.8755818820939049,-1.1442616818954647,0,Loyal Established Customers
-0.4384625209798931,-0.5690757246926017,1,Newer / Developing Customers
-1.3098279744215704,-0.22814131595157183,1,Newer / Developing Customers
0.6161015693962854,2.424758771277644,2,Senior High-Risk Customers
1.7495315430357161,1.6467044402035313,2,Senior High-Risk Customers
0.9361415900619352,2.1416697176466832,2,Senior High-Risk Customers
0.895813457099208,2.404162310311701,2,Senior High-Risk Customers
-1.8419738334794373,0.2989272171292782,1,Newer / Developing Customers
0.0699918383249657,-0.36347320930219496,0,Loyal Established Customers
-0.5555764341286311,0.4804631826178089,1,Newer / Developing Customers
-0.03135644475252665,0.5727439244398651,1,Newer / Developing Customers
-1.1734281516297957,-0.30408381854080635,1,Newer / Developing Customers
-1.8681040807705376,0.5470304878476779,1,Newer / Developing Customers
-1.2495819760386007,0.4394161964747589,1,Newer / Developing Customers
-1.0347726572172187,0.30834955157385296,1,Newer / Developing Customers
-0.7612264342426783,-1.0583536240288476,0,Loyal Established Customers
-0.40816696334432706,-1.5298149563436225,0,Loyal Established Customers
-0.4090477469818086,0.6025398424029124,1,Newer / Developing Customers
0.2345481925405591,-0.08383009634074318,0,Loyal Established Customers
-1.0608591023290321,0.28713860153966503,1,Newer / Developing Customers
-0.6180778682212452,0.09953829131944802,1,Newer / Developing Customers
2.563567407358601,0.6017697171316163,2,Senior High-Risk Customers
1.8311685127560455,1.7911582363933976,2,Senior High-Risk Customers
0.6184585063783331,2.420617151209171,2,Senior High-Risk Customers
-0.5264672997061004,-1.144249944160225,0,Loyal Established Customers
-0.5739704492751344,0.20089629725999053,1,Newer / Developing Customers
-0.5010212330207346,0.6039913674640817,1,Newer / Developing Customers
-0.4891686236249348,-0.7906337460712501,0,Loyal Established Customers
-1.5377604161031928,0.2519746551030449,1,Newer / Developing Customers
0.9427874255798289,-0.6572045298313184,0,Loyal Established Customers
0.9678910898006028,1.9768118722833468,2,Senior High-Risk Customers
-1.2431612644164964,0.6497080723087572,1,Newer / Developing Customers
0.9669912849499934,-1.5395317028974498,0,Loyal Established Customers
0.22800028489959234,-0.4458509188241347,0,Loyal Established Customers
-1.1062630947525958,-0.7209758409814611,1,Newer / Developing Customers
0.8327541782126133,-1.3835496220592163,0,Loyal Established Customers
-0.08013382050005824,0.26328205490403583,1,Newer / Developing Customers
-1.5519309007340176,0.4924661407006435,1,Newer / Developing Customers
-0.7983363606722901,-1.1361103146469507,0,Loyal Established Customers
-0.08768587177683128,0.5874095341960375,1,Newer / Developing Customers
0.7574905251842149,-0.525821187237698,0,Loyal Established Customers
-0.5955427701871335,-1.0469433161817012,0,Loyal Established Customers
0.053467917516386784,-0.1613147874582466,1,Newer / Developing Customers
-0.581146997122744,-1.290841620850962,0,Loyal Established Customers
-0.7489593769284514,-0.9829360632946206,0,Loyal Established Customers
0.17348545027115186,-0.18668598961816227,0,Loyal Established Customers
1.2746992239961843,2.3441236870155313,2,Senior High-Risk Customers
1.5793776085930382,-1.2494937313702,0,Loyal Established Customers
-0.6278576021288331,-0.0926654296129043,1,Newer / Developing Customers
-1.250028208933617,0.5360748219002938,1,Newer / Developing Customers
-1.9520986735837047,0.6307855673736915,1,Newer / Developing Customers
-1.8997247316245587,0.3655567850029013,1,Newer / Developing Customers
-1.7195420073260563,0.4754609146918644,1,Newer / Developing Customers
0.567871192326353,-0.7393326814632658,0,Loyal Established Customers
-1.0998813857114595,0.6149254004220056,1,Newer / Developing Customers
-0.1488646784278948,0.0539776450038483,1,Newer / Developing Customers
-1.8834084627795282,0.5073228467843262,1,Newer / Developing Customers
-0.27033554574840624,-0.0620243982697112,1,Newer / Developing Customers
-0.697403831721527,-0.18540273165899374,1,Newer / Developing Customers
1.685423064559716,-1.385096585719519,0,Loyal Established Customers
-1.7657381024360252,0.3716777637901525,1,Newer / Developing Customers
0.6648041517064677,-0.8888902546021302,0,Loyal Established Customers
0.004758315078579635,2.3704807167346322,2,Senior High-Risk Customers
0.5170288152024534,-1.2222714042359837,0,Loyal Established Customers
-0.7979458215941574,0.5245955394842924,1,Newer / Developing Customers
-1.8220876568521267,0.4846058860231939,1,Newer / Developing Customers
1.609108927943789,0.5889777108802225,2,Senior High-Risk Customers
-0.0014657352166021938,0.42969984692165414,1,Newer / Developing Customers
-0.5983741774789969,-0.06258336433811551,1,Newer / Developing Customers
2.036836746681519,1.501760968200306,2,Senior High-Risk Customers
-1.8425015353230814,0.4108724040600845,1,Newer / Developing Customers
-1.4860400783584078,0.3774029982204709,1,Newer / Developing Customers
-1.39335233265908,0.2923375542900898,1,Newer / Developing Customers
-0.3201462709835366,0.303272791702046,1,Newer / Developing Customers
-0.5909509303538247,-1.0653137728165605,0,Loyal Established Customers
1.2496369377429062,-1.2061273176515444,0,Loyal Established Customers
0.2595797630340992,-0.9442591348367518,0,Loyal Established Customers
0.5312128643715986,-0.8027761687899857,0,Loyal Established Customers
0.5522000567730435,-0.7268994826233729,0,Loyal Established Customers
-1.2454749703466592,0.661529844292404,1,Newer / Developing Customers
-1.1053669948219413,0.5733146282435092,1,Newer / Developing Customers
-1.1534673588386677,0.15054385440537843,1,Newer / Developing Customers
1.0554035793275678,-0.6308040758231637,0,Loyal Established Customers
2.6495190347344204,0.6244126775137545,2,Senior High-Risk Customers
0.30645599233540394,-0.4145554379783956,0,Loyal Established Customers
-0.4949541552237148,-1.1624863274211825,0,Loyal Established Customers
-1.0879991874109312,-0.762957966927845,1,Newer / Developing Customers
1.8372657886771484,1.8648726163753073,2,Senior High-Risk Customers
0.9235039251637095,-1.275067090642497,0,Loyal Established Customers
0.7068631392505379,1.7466240348494118,2,Senior High-Risk Customers
0.6792753420288538,-1.0349796938461737,0,Loyal Established Customers
-0.26204277340259985,0.4378924684265089,1,Newer / Developing Customers
-1.1940722186830124,-0.29136414831167157,1,Newer / Developing Customers
-0.7669365569065544,0.6240396509629639,1,Newer / Developing Customers
-0.9351073343173284,0.386302545292661,1,Newer / Developing Customers
0.711028913699217,-1.5193065956993947,0,Loyal Established Customers
-1.01147542535072,0.517732250161989,1,Newer / Developing Customers
0.06809557827777074,-0.23536663119766293,0,Loyal Established Customers
-0.6412173707285539,0.630073747748254,1,Newer / Developing Customers
-1.6297101082852126,0.009835883282175113,1,Newer / Developing Customers
1.6773358858450873,-1.5567361690988923,0,Loyal Established Customers
-1.6772098273002953,0.2346458464653568,1,Newer / Developing Customers
-0.23402251645763866,0.5320973825831264,1,Newer / Developing Customers
0.5662230708514306,-0.051201412479306506,0,Loyal Established Customers
0.40190775340606266,1.2934514736602143,2,Senior High-Risk Customers
2.7938453685857016,0.7299881217687629,2,Senior High-Risk Customers
-1.8704610177525853,0.551172107916151,1,Newer / Developing Customers
-1.2707831544204287,-0.29845678340078324,1,Newer / Developing Customers
0.16647727116191874,-0.8468130422223272,0,Loyal Established Customers
-0.0582131337197291,-0.019034137810899653,1,Newer / Developing Customers
0.47747688896823925,2.3505886259678412,2,Senior High-Risk Customers
1.366281165747138,-1.4114213433277794,0,Loyal Established Customers
-0.5769068668616922,0.2630630230350939,1,Newer / Developing Customers
-0.25799856378564,2.296141967707204,2,Senior High-Risk Customers
0.6783708414259014,-0.7065521825466996,0,Loyal Established Customers
-1.70928567452594,0.09310613132179427,1,Newer / Developing Customers
-1.3196921234957677,0.6346819178611267,1,Newer / Developing Customers
0.935367609008608,-0.7748103995899072,0,Loyal Established Customers
-0.415389655525011,0.3946550311516529,1,Newer / Developing Customers
1.4837587975138358,-1.3897636788467385,0,Loyal Established Customers
-0.8460464760940823,0.3288931547512313,1,Newer / Developing Customers
1.0744838250890831,-1.063346548833745,0,Loyal Established Customers
-1.262939686305951,0.4899536068936968,1,Newer / Developing Customers
0.5716465575426587,2.5512723319735757,2,Senior High-Risk Customers
-1.3081370720943952,0.2904833164589128,1,Newer / Developing Customers
1.1074182124992302,2.3947562732358962,2,Senior High-Risk Customers
-0.7928269660279947,0.6183471515660337,1,Newer / Developing Customers
-0.8131894248506268,-1.111578768856227,0,Loyal Established Customers
1.6370530894801631,-1.4139321646690401,0,Loyal Established Customers
-1.4242907909893945,-0.13541736954026226,1,Newer / Developing Customers
-0.07074450508528442,0.5015359184729741,1,Newer / Developing Customers
-0.11725308842364712,-1.3066977462869611,0,Loyal Established Customers
-0.2529293100610428,0.17785394800595541,1,Newer / Developing Customers
-0.6457991653468734,0.48410271991769,1,Newer / Developing Customers
-1.3390658444273589,0.6268882882274459,1,Newer / Developing Customers
-0.3503047911380189,-0.7461921152293706,0,Loyal Established Customers
0.3770476302300111,-0.8081859694529802,0,Loyal Established Customers
-1.5617159316531035,0.09820999763880017,1,Newer / Developing Customers
1.712572606481873,1.4770863993527823,2,Senior High-Risk Customers
0.9640310735065292,-1.2337746802403073,0,Loyal Established Customers
1.824563662383095,1.7311265308654253,2,Senior High-Risk Customers
-0.4535251035793256,-1.5230083956430298,0,Loyal Established Customers
1.5185838806886336,2.186580072450513,2,Senior High-Risk Customers
-0.22774840255751816,-0.276375945865194,1,Newer / Developing Customers
1.4192744807553215,-1.0867602518556672,0,Loyal Established Customers
1.1673785366411695,-1.2682692207420927,0,Loyal Established Customers
-1.4415096492467847,0.34869830294975607,1,Newer / Developing Customers
1.2738829303093788,1.7097495566851724,2,Senior High-Risk Customers
-1.1439567857942743,-0.4623929792529298,1,Newer / Developing Customers
0.207433114349141,1.4928434024838277,2,Senior High-Risk Customers
-1.2016561755216935,-0.10729136609240536,1,Newer / Developing Customers
-0.18930891535016356,0.6271257562164841,1,Newer / Developing Customers
-1.12762983035651,0.3158988198102206,1,Newer / Developing Customers
-0.15278818936280203,-0.14761142395060703,1,Newer / Developing Customers
0.956020791294666,0.5205603874591476,2,Senior High-Risk Customers
-0.4393367787257165,0.5746093840794908,1,Newer / Developing Customers
1.7551799264702774,-1.5575442960565662,0,Loyal Established Customers
-1.771008353344543,0.543928774025772,1,Newer / Developing Customers
-0.5828776328747234,0.5651448453499844,1,Newer / Developing Customers
0.08090939504422373,2.5232497243086933,2,Senior High-Risk Customers
0.30068861765661475,-0.5671045098389765,0,Loyal Established Customers
-1.3131979719246325,0.375109456191247,1,Newer / Developing Customers
-0.042076741503210925,2.5206589387336695,2,Senior High-Risk Customers
-1.6855830555907878,0.23038241004390306,1,Newer / Developing Customers
0.7117545330673769,2.4630571159246806,2,Senior High-Risk Customers
0.27905544365572355,-1.1708733447917359,0,Loyal Established Customers
0.6407542142298035,2.5440944175050957,2,Senior High-Risk Customers
-1.221798126709349,-0.33291939749032734,1,Newer / Developing Customers
-1.2913507672103126,0.6159401074583802,1,Newer / Developing Customers
1.1693446496638167,-1.052219426089265,0,Loyal Established Customers
-1.023299512450453,-0.8520996115048004,1,Newer / Developing Customers
-1.603969994710753,0.5654993860954538,1,Newer / Developing Customers
-1.522257460590649,-0.16189394220365225,1,Newer / Developing Customers
0.9027230125042327,-1.2467337491396697,0,Loyal Established Customers
0.12923740427028366,-0.18002965690019676,0,Loyal Established Customers
-0.1856609337272911,0.227213951140565,1,Newer / Developing Customers
0.17666445047053078,-1.3989175080982228,0,Loyal Established Customers
1.0234997230548495,2.35225296253972,2,Senior High-Risk Customers
-0.07694780017305444,-0.16709594188912857,1,Newer / Developing Customers
3.120411436545399,0.5045237090830351,2,Senior High-Risk Customers
0.4065280745255282,-0.8568433754204279,0,Loyal Established Customers
0.9782815237638182,2.4751124402292115,2,Senior High-Risk Customers
-0.5387988022379577,0.5221269467878861,1,Newer / Developing Customers
-0.5896294714420889,-0.800356160850137,0,Loyal Established Customers
0.7608848835855574,-1.5241909233036426,0,Loyal Established Customers
0.8314751492585842,-1.4696869434834139,0,Loyal Established Customers
-1.7925841048104938,0.41642543882111366,1,Newer / Developing Customers
-0.43889248102268746,-0.14300495075332995,1,Newer / Developing Customers
1.088876617799154,-1.3859843247452417,0,Loyal Established Customers
-0.6760367692244614,-0.5178432680337738,1,Newer / Developing Customers
0.20782870007416293,0.3367137809870178,1,Newer / Developing Customers
-0.03836119330780866,-1.2077194064013337,0,Loyal Established Customers
0.6185471670976538,-1.280105140536881,0,Loyal Established Customers
-0.8808604480469355,-0.15413008942458464,1,Newer / Developing Customers
-0.707557619945262,-1.0573931508123053,0,Loyal Established Customers
-1.8274131976268442,0.4607855183567271,1,Newer / Developing Customers
-1.683884402292152,0.2818588310993212,1,Newer / Developing Customers
1.3896427851024558,1.7346205298315422,2,Senior High-Risk Customers
-0.07501524557809919,0.40695965054846905,1,Newer / Developing Customers
1.472646259849125,2.2514117388577355,2,Senior High-Risk Customers
0.331698568455008,-0.6917276540077117,0,Loyal Established Customers
-0.6681366872956026,-1.120123686982778,0,Loyal Established Customers
0.05642510387248653,0.4791231960369297,1,Newer / Developing Customers
-1.1863401032031566,0.5253692294965505,1,Newer / Developing Customers
1.092296820066681,-1.343709133718919,0,Loyal Established Customers
-0.7109698800632159,0.4331264180327243,1,Newer / Developing Customers
-0.9543324828180654,-0.7512631873147727,1,Newer / Developing Customers
0.9120717493636897,-1.4323276094728572,0,Loyal Established Customers
-1.3526654428736475,-0.35301375521259254,1,Newer / Developing Customers
-0.3305387632791229,0.47717399069840205,1,Newer / Developing Customers
-0.5275792849297861,0.594191138009059,1,Newer / Developing Customers
1.995275607473356,1.334360395558554,2,Senior High-Risk Customers
-1.0647012694336424,-0.7776425239871159,1,Newer / Developing Customers
0.9180488493935554,-0.7284886544534445,0,Loyal Established Customers
0.8614279607985006,-0.8014264368891983,0,Loyal Established Customers
0.29495700370245365,-0.2947512019920096,0,Loyal Established Customers
1.0859073278956943,-1.189879056832775,0,Loyal Established Customers
0.5831664958753482,-0.8092767951445897,0,Loyal Established Customers
-0.6936189342420517,0.47693338640630467,1,Newer / Developing Customers
-1.4732667402404789,0.008696999293957425,1,Newer / Developing Customers
-0.6672903400714268,-0.6758149649883906,1,Newer / Developing Customers
0.7867993973398607,2.51180317692608,2,Senior High-Risk Customers
-0.5812295113998008,-0.12298642363397522,1,Newer / Developing Customers
-1.291143801357554,0.49608287948041346,1,Newer / Developing Customers
0.2826832978867991,-1.4725226373907863,0,Loyal Established Customers
0.06067576170654976,-0.35297250095625177,0,Loyal Established Customers
0.0547146900139619,-1.243167773959003,0,Loyal Established Customers
-1.3182849317678822,0.5985549467246186,1,Newer / Developing Customers
-1.6855361580737935,0.09273477755390677,1,Newer / Developing Customers
-1.9566905134170138,0.6491560240085505,1,Newer / Developing Customers
-0.6172460404331285,-1.2229671079948703,0,Loyal Established Customers
-1.2741564591709618,-0.47837960691710263,1,Newer / Developing Customers
1.542055023671578,-1.4124467495974902,0,Loyal Established Customers
0.881735820102788,-1.3226104353062824,0,Loyal Established Customers
-1.1420981088929198,0.6318083237090736,1,Newer / Developing Customers
-0.5729260077282149,-0.011478297050584889,1,Newer / Developing Customers
1.2999347799881638,1.2850979492993189,2,Senior High-Risk Customers
-1.3782358021149923,-0.12672695791495592,1,Newer / Developing Customers
0.2954847055460978,-0.40669638892281595,0,Loyal Established Customers
0.07468901121415128,0.4371410700905457,1,Newer / Developing Customers
-0.4003013178287741,0.4445681454482955,1,Newer / Developing Customers
-0.34455338500830474,0.13519493094641807,1,Newer / Developing Customers
-2.0065978987146122,0.47926150478209834,1,Newer / Developing Customers
0.7714333722852121,-1.3608326612980841,0,Loyal Established Customers
-1.9052113074900339,0.5979392520345037,1,Newer / Developing Customers
0.5914536203151103,-1.5393479614300793,0,Loyal Established Customers
0.1580699156571722,2.191922852236853,2,Senior High-Risk Customers
0.09206045293188062,-0.021876202551434583,1,Newer / Developing Customers
0.7835531061887795,-1.3388815347363816,0,Loyal Established Customers
1.280349665763116,-1.5323268161867867,0,Loyal Established Customers
0.14401682887879108,-0.9246458514956654,0,Loyal Established Customers
-0.09304359875766022,0.47346045301952716,1,Newer / Developing Customers
-1.3642225526073908,0.6633866131318416,1,Newer / Developing Customers
-0.9921322377594562,-0.06266332857187903,1,Newer / Developing Customers
-0.6714819225047652,0.13448573689538654,1,Newer / Developing Customers
-0.613798049268435,0.3037663139886287,1,Newer / Developing Customers
0.03609647579865738,0.29770248518373366,1,Newer / Developing Customers
1.0628254542311595,-1.1853999730067952,0,Loyal Established Customers
0.16924689598444864,-0.19113354403262398,0,Loyal Established Customers
-1.8838546956745446,0.6039814722098612,1,Newer / Developing Customers
-1.7728983629984039,0.2016205891507547,1,Newer / Developing Customers
1.2595764593420542,-0.9462072086444696,0,Loyal Established Customers
2.4486593710657996,0.6611667601912896,2,Senior High-Risk Customers
-1.2037815964329441,0.38719706788356567,1,Newer / Developing Customers
2.4558665291451724,0.6935763023406911,2,Senior High-Risk Customers
1.1957484126676268,-1.0515545332296254,0,Loyal Established Customers
0.6968464405044204,-0.3893447416737978,0,Loyal Established Customers
-0.4779238252548885,-1.3573672460065753,0,Loyal Established Customers
0.9582994595523682,-0.9614213723933401,0,Loyal Established Customers
1.6799242987793428,2.1754253116027464,2,Senior High-Risk Customers
2.3388169140722868,0.9709767478829534,2,Senior High-Risk Customers
-0.8871626314884264,-0.7801890083707478,1,Newer / Developing Customers
-1.0017209277719616,0.32379918485628356,1,Newer / Developing Customers
1.4583827214902878,2.053576694476406,2,Senior High-Risk Customers
-1.6068258413692367,0.1849397986161454,1,Newer / Developing Customers
0.9356451139476089,-0.7745785104579209,0,Loyal Established Customers
0.842595319254701,1.666573802202085,2,Senior High-Risk Customers
-0.648188974645823,0.6221828821235265,1,Newer / Developing Customers
0.7642561300037196,-0.6720663328451028,0,Loyal Established Customers
-1.688128649217945,0.07235772109770591,1,Newer / Developing Customers
-0.7355477937495277,0.6356668928778964,1,Newer / Developing Customers
0.9652996517789825,-0.8091546022659719,0,Loyal Established Customers
0.6624910871540494,-0.07620126087133472,0,Loyal Established Customers
-1.2366438901158574,0.4235396864246,1,Newer / Developing Customers
-0.48867234754024125,-0.2643790133712715,1,Newer / Developing Customers
0.21735029492753427,-0.8917001818891894,0,Loyal Established Customers
-1.5288629970743894,0.00214160791578228,1,Newer / Developing Customers
-1.4406198047595296,-0.24150740166119272,1,Newer / Developing Customers
1.3136726363808822,-1.4447044766917623,0,Loyal Established Customers
-0.6774478857422647,-1.1319032303215701,0,Loyal Established Customers
1.8638265850293614,0.9784038232407032,2,Senior High-Risk Customers
0.9604753898941231,0.5148024686403183,2,Senior High-Risk Customers
1.7003325293442528,1.0191707605841465,2,Senior High-Risk Customers
-0.9677692768085214,-0.6532068579158815,1,Newer / Developing Customers
-0.48813394664880105,-0.8885928394790944,0,Loyal Established Customers
1.489521911563318,-1.3479210175362555,0,Loyal Established Customers
-1.3613421109978225,0.6292157651020588,1,Newer / Developing Customers
-0.5828776328747234,0.5651448453499844,1,Newer / Developing Customers
-1.2245880260654536,0.07931960671102738,1,Newer / Developing Customers
0.034959095226419795,-1.3725192970460036,0,Loyal Established Customers
0.780177743105876,-0.8466025913104804,0,Loyal Established Customers
2.222166307318174,1.195284473619441,2,Senior High-Risk Customers
-0.6892901147068313,-1.1536224677512865,0,Loyal Established Customers
0.48222985025984366,-0.4155808442481064,0,Loyal Established Customers
-0.19717867753045798,-0.0028538116909933783,1,Newer / Developing Customers
1.1310970074457232,-1.54819503243748,0,Loyal Established Customers
-0.16110750000867566,0.4923310288248387,1,Newer / Developing Customers
1.7820036988700187,1.606485980736391,2,Senior High-Risk Customers
0.5812275303721228,-0.3417355805873907,0,Loyal Established Customers
0.19937654550338246,-0.40506074586863877,0,Loyal Established Customers
0.5518212381362101,2.5291654990485117,2,Senior High-Risk Customers
-0.41043940460838313,-1.3182127161052564,0,Loyal Established Customers
1.2149825355895976,2.0914949701954444,2,Senior High-Risk Customers
1.7434125356761054,1.018912884534766,2,Senior High-Risk Customers
1.021461921771555,-1.5323835448084973,0,Loyal Established Customers
-0.29387974921357835,0.3165502223777152,1,Newer / Developing Customers
-0.5845993855963825,-1.4232455253873284,0,Loyal Established Customers
1.8087211330040445,1.85814387035085,2,Senior High-Risk Customers
-1.862754746138914,0.3272605586321056,1,Newer / Developing Customers
0.3550645403862249,2.0849191790990336,2,Senior High-Risk Customers
-1.2204548172896894,0.4135768015566316,1,Newer / Developing Customers
0.05961277706527435,-0.4493152956137399,0,Loyal Established Customers
-0.014972447277692879,-1.1779647537838922,0,Loyal Established Customers
-1.0994263566826512,-0.4910976745236448,1,Newer / Developing Customers
1.3997732831606644,-1.1963568445760493,0,Loyal Established Customers
1.4304826253599683,-1.4271545422688137,0,Loyal Established Customers
1.8639839089219645,1.8924632503423595,2,Senior High-Risk Customers
-1.2890470617620937,-0.25647465745439924,1,Newer / Developing Customers
1.5274910642882227,1.8223315243605185,2,Senior High-Risk Customers
1.697537317900054,-1.5270444048950893,0,Loyal Established Customers
-0.9297545691317536,-0.9538036621599445,0,Loyal Established Customers
1.0270629091529027,-0.8361295210678237,0,Loyal Established Customers
-0.12383613302171924,0.13974361266015817,1,Newer / Developing Customers
2.2719676734491054,0.7702615124657007,2,Senior High-Risk Customers
0.552653432936068,-1.3348620627115182,0,Loyal Established Customers
1.9252956363893703,1.7600945348365513,2,Senior High-Risk Customers
1.2668368936883017,-1.0704589990453177,0,Loyal Established Customers
2.4373952504841623,1.0295569283497563,2,Senior High-Risk Customers
1.1444523787364989,-0.8766046923515056,0,Loyal Established Customers
2.8126923544286426,0.5757336991231514,2,Senior High-Risk Customers
1.869094091494718,1.7024218355947105,2,Senior High-Risk Customers
-0.9582042149921068,-0.8989321750450519,1,Newer / Developing Customers
0.8355039932493682,-0.44911313850135864,0,Loyal Established Customers
1.343435463787154,-1.515410245211959,0,Loyal Established Customers
2.1904134217586004,1.455544119825255,2,Senior High-Risk Customers
-0.3057434330584767,-0.1837064686748742,1,Newer / Developing Customers
1.6611577688810883,1.8340263039735913,2,Senior High-Risk Customers
-0.27540048366994996,0.4884298788454469,1,Newer / Developing Customers
-0.838763214645923,0.23504430667844328,1,Newer / Developing Customers
-0.159653075547552,-0.9334464413012904,0,Loyal Established Customers
0.2110049558303808,0.02075128509658456,1,Newer / Developing Customers
-0.5531909088372379,0.6206974670519765,1,Newer / Developing Customers
-0.6857329518496561,-1.0740338309783015,0,Loyal Established Customers
-0.6810755040621821,0.1447545561093434,1,Newer / Developing Customers
0.5636249318012346,-1.301566501917217,0,Loyal Established Customers
0.4807445415638463,-0.6059281933417439,0,Loyal Established Customers
0.5121975851865033,0.06605792619595004,0,Loyal Established Customers
-1.5901619796166906,0.09883429376109579,1,Newer / Developing Customers
-0.8276095122218975,-0.5028760122405673,1,Newer / Developing Customers
-0.3205982749249805,0.4631008604953774,1,Newer / Developing Customers
1.0304498720917867,1.881606374541574,2,Senior High-Risk Customers
-0.7258215272869268,-1.0154110248659212,0,Loyal Established Customers
-0.19909841382853738,0.5493375361868631,1,Newer / Developing Customers
-0.012432669430008765,0.06816385592465708,1,Newer / Developing Customers
0.9641911418422935,-1.2159842757282775,0,Loyal Established Customers
1.3856173482659346,-1.2062543100221186,0,Loyal Established Customers
-1.045741199563364,-0.5800604219601941,1,Newer / Developing Customers
2.3455720682102155,1.1632143588256858,2,Senior High-Risk Customers
0.7626835411330747,0.4337371075959712,2,Senior High-Risk Customers
-1.3663634452766846,0.6573227599670238,1,Newer / Developing Customers
-0.7978667378710517,0.47707662050433935,1,Newer / Developing Customers
1.2075271469913593,1.9791621877692898,2,Senior High-Risk Customers
1.4524230220192802,0.7152469101788415,2,Senior High-Risk Customers
-1.6295728670513605,-0.0027766545338547624,1,Newer / Developing Customers
1.611817578221229,-1.3798409043473836,0,Loyal Established Customers
-0.5662913652994742,2.539350025628531,2,Senior High-Risk Customers
-0.14907027205907267,-0.2742996383129987,1,Newer / Developing Customers
0.30559417335318456,-1.3594164471135717,0,Loyal Established Customers
-0.5641581236948483,0.3090874596176714,1,Newer / Developing Customers
-1.3931116933952414,-0.13259835445229204,1,Newer / Developing Customers
-0.46561197348908373,0.2775389265744311,1,Newer / Developing Customers
-0.6866432922334763,0.01899611464820842,1,Newer / Developing Customers
1.3659103339929235,2.352503920820903,2,Senior High-Risk Customers
-0.8749121036692303,-0.6607561261522491,1,Newer / Developing Customers
-1.437030455696243,-0.07179005137816416,1,Newer / Developing Customers
0.5656346188101135,2.1734722354310727,2,Senior High-Risk Customers
0.22862034405941922,-0.08002830062863933,0,Loyal Established Customers
-1.988311164271035,0.467682321163774,1,Newer / Developing Customers
-1.8528125586700397,0.5694870415511692,1,Newer / Developing Customers
0.5573193178057928,-0.8072891426263463,0,Loyal Established Customers
1.0860578192352435,2.4811147204453534,2,Senior High-Risk Customers
2.7839373470818742,0.7842639819191388,2,Senior High-Risk Customers
1.1904610964164948,-1.4968155602154791,0,Loyal Established Customers
1.4996654872292488,-1.3776782011619575,0,Loyal Established Customers
-0.2092825504395627,-1.2772503434804712,0,Loyal Established Customers
-1.1030505444486174,-0.3347761663297648,1,Newer / Developing Customers
1.3100447821498067,-1.143055184092712,0,Loyal Established Customers
2.7989649102626544,0.5996724782030974,2,Senior High-Risk Customers
1.3751876632359372,-1.5516026357703665,0,Loyal Established Customers
0.19561241679344907,-0.3647921546636575,0,Loyal Established Customers
-0.025868091198884266,-0.28191432597126537,0,Loyal Established Customers
0.26559032954506395,-0.11832452699943505,0,Loyal Established Customers
-1.4103216945556265,-0.10392518859309538,1,Newer / Developing Customers
-0.6694214857801573,0.6362030203349707,1,Newer / Developing Customers
-0.14970145040104357,-1.5100695837018598,0,Loyal Established Customers
1.1909210872405573,-1.1487833465320134,0,Loyal Established Customers
-0.5875634330603846,0.17698904759156256,1,Newer / Developing Customers
-1.6562916734069666,0.1936999671464995,1,Newer / Developing Customers
3.006557306433878,0.550611792055521,2,Senior High-Risk Customers
-1.356219869610754,0.627565576341322,1,Newer / Developing Customers
0.07240886371168026,0.0909570442894225,1,Newer / Developing Customers
-0.35931348422800885,-1.3466114770299826,0,Loyal Established Customers
-0.5381311594503465,0.5262346768459785,1,Newer / Developing Customers
-1.1541326626497046,-0.575691626157626,1,Newer / Developing Customers
-1.146552707492377,0.6375662425279027,1,Newer / Developing Customers
-0.8776764860523024,0.0876936807244711,1,Newer / Developing Customers
-0.3637680828274659,-1.3408535582111534,0,Loyal Established Customers
-1.1985365818532556,-0.17119072859011134,1,Newer / Developing Customers
0.6771002048210774,-0.45897049357881464,0,Loyal Established Customers
-0.3654722250124235,0.40020806591268204,1,Newer / Developing Customers
2.4085751482044286,0.35039452625109285,2,Senior High-Risk Customers
-1.8310025466901312,0.29106816807369856,1,Newer / Developing Customers
-1.9245180035128344,0.35423547743395745,1,Newer / Developing Customers
0.39107133041918835,-0.3565551549563205,0,Loyal Established Customers
-0.3591762429941571,-1.3592240148460126,0,Loyal Established Customers
-1.0939434920153306,0.44678212024447866,1,Newer / Developing Customers
-1.0665221122228408,-0.5517270804573667,1,Newer / Developing Customers
-0.41720912609262906,0.17243596338658868,1,Newer / Developing Customers
0.6814148624765674,-0.5807813293865426,0,Loyal Established Customers
1.0074452417100024,-1.2021608376182613,0,Loyal Established Customers
-1.5332957722887461,0.0818752518187927,1,Newer / Developing Customers
0.7629784732712708,-1.206338165564114,0,Loyal Established Customers
0.4719098270263248,-1.245193358003314,0,Loyal Established Customers
-1.8547520631422771,0.29143952184158606,1,Newer / Developing Customers
-0.5046426316104944,-1.160890624326221,0,Loyal Established Customers
-1.6484289313542972,0.04182601336708121,1,Newer / Developing Customers
0.2508899959688443,-1.0383505712748629,0,Loyal Established Customers
-1.8180964348976385,0.2262175543633772,1,Newer / Developing Customers
-1.9371795512515706,0.6443371158262015,1,Newer / Developing Customers
0.4586822609737659,0.05839557724179814,0,Loyal Established Customers
1.3675568088802619,-1.229882221061104,0,Loyal Established Customers
-1.6641345001437,0.20615679859916813,1,Newer / Developing Customers
0.6546233833061258,-1.3783825957210327,0,Loyal Established Customers
0.37840207644203677,-0.6242397826035657,0,Loyal Established Customers
1.1352040131376646,-1.3260813846198347,0,Loyal Established Customers
-0.5313691442045155,-1.522200268685356,0,Loyal Established Customers
-1.3602983555616932,0.6409084264388901,1,Newer / Developing Customers
-1.9164077170520897,0.5063520195786982,1,Newer / Developing Customers
1.42745754705409,2.335734475252342,2,Senior High-Risk Customers
-1.2455631325297607,0.5993970085276815,1,Newer / Developing Customers
-2.026108860880055,0.48408041296444737,1,Newer / Developing Customers
-1.6208740215261104,0.20096653664893144,1,Newer / Developing Customers
-0.1623727627105659,-1.1055524444068847,0,Loyal Established Customers
0.7934835493279324,-1.188613180473983,0,Loyal Established Customers
-0.08458869974371898,0.318965957285557,1,Newer / Developing Customers
-0.8714199146976582,0.5996642085363246,1,Newer / Developing Customers
-0.6753788910076358,-0.3993200370729504,1,Newer / Developing Customers
-1.8077312372632517,0.3383813360711835,1,Newer / Developing Customers
-1.8636256883141744,0.2976822721468097,1,Newer / Developing Customers
0.03120370976023787,0.0294039154032785,1,Newer / Developing Customers
1.2305580642029708,-1.2217193559357769,0,Loyal Established Customers
1.1318273848563694,1.8906323670493035,2,Senior High-Risk Customers
0.9358919873214895,2.5098809886647437,2,Senior High-Risk Customers
-0.46775218004758756,0.04740781776220662,1,Newer / Developing Customers
-0.48103515916773154,0.4198213492537685,1,Newer / Developing Customers
-0.2596592981204847,-0.70610847111363,0,Loyal Established Customers
1.060954262037658,2.123398615279112,2,Senior High-Risk Customers
0.6525257216887165,-1.3767662969706764,0,Loyal Established Customers
1.041000100024763,-0.9446920371933921,0,Loyal Established Customers
-1.7228776453072485,0.5495657504228614,1,Newer / Developing Customers
0.26720585934728824,-0.722443237408723,0,Loyal Established Customers
2.077605105415579,0.8411230971923523,2,Senior High-Risk Customers
0.013393459225801263,-0.5865025223011742,0,Loyal Established Customers
-0.507546313559789,0.2723734873087496,1,Newer / Developing Customers
1.7532423331886324,-1.53813759279418,0,Loyal Established Customers
-0.04851316964603712,0.4447557577488123,1,Newer / Developing Customers
-1.2178005707380253,0.4146130481841584,1,Newer / Developing Customers
-0.9624427692788101,-0.9033797294595134,1,Newer / Developing Customers
-0.4410565516884402,-1.2074073570984258,0,Loyal Established Customers
-1.563866869537387,0.2564876289394055,1,Newer / Developing Customers
-1.8211929208199602,0.2705938756264508,1,Newer / Developing Customers
-1.642482645308963,0.20740174358163666,1,Newer / Developing Customers
0.7946306242206131,-0.710668493561887,0,Loyal Established Customers
-1.584774978215726,0.13309202379283974,1,Newer / Developing Customers
-0.710758111434926,-1.2552015994770895,0,Loyal Established Customers
2.7565321427684406,0.6267608747234563,2,Senior High-Risk Customers
0.33190690652934685,-1.2597193932804918,0,Loyal Established Customers
1.9330053385569927,0.41584670731547285,2,Senior High-Risk Customers
-0.47199844057270585,-0.5148260026917441,1,Newer / Developing Customers
1.3866919327631906,2.1001033236706688,2,Senior High-Risk Customers
-1.9066973022968217,0.6316591585882726,1,Newer / Developing Customers
1.5407850731775445,-1.3889323162770117,0,Loyal Established Customers
-0.6910243847655295,-0.17489132407971436,1,Newer / Developing Customers
0.8473790945308365,-0.5613324432090055,0,Loyal Established Customers
-1.066563376888948,-0.7515075487120858,1,Newer / Developing Customers
1.1518856263436152,-1.0187421079008183,0,Loyal Established Customers
1.143422054336265,-1.1480406389962385,0,Loyal Established Customers
-0.13125727708147517,-0.5546622231981726,0,Loyal Established Customers
1.0449953939109475,-1.522549425343094,0,Loyal Established Customers
-1.1488623414908439,0.32991895802166477,1,Newer / Developing Customers
-1.527366957052613,-0.19591978310340985,1,Newer / Developing Customers
0.9911169140506576,-1.5323181253865983,0,Loyal Established Customers
-1.0228228247885442,0.5180063679388297,1,Newer / Developing Customers
-1.2860875364294198,-0.33816442446413497,1,Newer / Developing Customers
2.2035262873279917,1.2296816682870861,2,Senior High-Risk Customers
-0.6745309822421209,0.6021771794352131,1,Newer / Developing Customers
1.0509396216239115,-0.684771928186318,0,Loyal Established Customers
-0.6789577893893466,-0.9075201439061166,0,Loyal Established Customers
-1.0741908454237175,-0.5251889348453013,1,Newer / Developing Customers
1.2401187734434855,-1.0980496330123701,0,Loyal Established Customers
-1.8450222071060027,0.542551404021698,1,Newer / Developing Customers
0.31128537609484397,-0.9895283916182277,0,Loyal Established Customers
0.11134463945879017,0.37191910261233685,1,Newer / Developing Customers
-0.7703517204873916,-0.011697835763342705,1,Newer / Developing Customers
0.6050253165628436,-0.9278890781400877,0,Loyal Established Customers
2.1793359037267668,0.827331078650761,2,Senior High-Risk Customers
-1.2404080188257907,0.46380827762958116,1,Newer / Developing Customers
1.0089271645850943,-0.9164116876821452,0,Loyal Established Customers
-0.4667225417581435,0.5429110200543458,1,Newer / Developing Customers
1.8667945027112403,1.2304330666230496,2,Senior High-Risk Customers
-0.36653315132132824,-0.36833649568702637,1,Newer / Developing Customers
-1.3857171578858951,0.6238052064627946,1,Newer / Developing Customers
0.23757075075069356,1.7867764831246098,2,Senior High-Risk Customers
-0.9693949766481179,0.2394686254808521,1,Newer / Developing Customers
-0.30279395294079203,-0.10105475121918686,1,Newer / Developing Customers
-1.7535678731186977,0.20173406686926165,1,Newer / Developing Customers
0.39946685145703725,1.153544298994468,2,Senior High-Risk Customers
-1.0368800834054137,0.42438135122694015,1,Newer / Developing Customers
1.5401643279069273,-1.5306876788251005,0,Loyal Established Customers
-1.3799693860629003,0.6279369301092095,1,Newer / Developing Customers
-0.3265264040503242,0.5168286397701733,1,Newer / Developing Customers
0.9153271189747665,2.5280088569342807,2,Senior High-Risk Customers
-0.484529361738629,-1.1933316958871407,0,Loyal Established Customers
0.604164138958369,-1.071882865528115,0,Loyal Established Customers
0.5398726709059276,-0.40492612555970237,0,Loyal Established Customers
-0.6481834857595014,-1.1703551630557274,0,Loyal Established Customers
2.123371240482754,1.3709770220333357,2,Senior High-Risk Customers
-0.018609715185007848,0.2660356505701071,1,Newer / Developing Customers
-0.32038223061222676,0.4528953872620866,1,Newer / Developing Customers
-0.46561060126750325,-0.17059558472038236,1,Newer / Developing Customers
-1.0266945569625858,0.37033738020855045,1,Newer / Developing Customers
-0.17512982797627263,-0.40743429696663436,1,Newer / Developing Customers
-1.8293507909084892,0.48019222161911296,1,Newer / Developing Customers
0.8539739444218428,-1.3618937306101662,0,Loyal Established Customers
-1.7487441455883945,0.35321007116424674,1,Newer / Developing Customers
-1.9120228430715391,0.6078387909218058,1,Newer / Developing Customers
-1.9798797784697961,0.5068521387491507,1,Newer / Developing Customers
1.189858102599282,-1.2451261411895016,0,Loyal Established Customers
-0.42405083428092033,0.444939499216183,1,Newer / Developing Customers
1.6856300304124745,-1.5049538136974856,0,Loyal Established Customers
-0.33922921645516785,0.6071498099076984,1,Newer / Developing Customers
0.6370150599377578,-1.520683965703468,0,Loyal Established Customers
1.0185740846995284,2.217892934896628,2,Senior High-Risk Customers
-1.3854835834827273,0.44195025342807237,1,Newer / Developing Customers
0.3450569201001029,0.05860215732049879,1,Newer / Developing Customers
-1.8085698782490125,0.4518588801162856,1,Newer / Developing Customers
-1.2060540376970001,0.5987993081219317,1,Newer / Developing Customers
0.6264269744929375,-0.8144670570948265,0,Loyal Established Customers
-0.7888191631278636,-0.9701947600760258,0,Loyal Established Customers
0.10734708348746688,-0.37561334306214894,0,Loyal Established Customers
0.7422066390717895,-1.0683530693166108,0,Loyal Established Customers
-0.7353913149874373,-1.2487325025340037,0,Loyal Established Customers
3.0981351699749364,0.5068511859576479,2,Senior High-Risk Customers
0.9810471713452823,-0.9977721748907463,0,Loyal Established Customers
0.3483939303028754,-0.46363718970531137,0,Loyal Established Customers
-1.3862791083999912,0.5101808323679934,1,Newer / Developing Customers
-0.7094858988557535,0.04667380102661984,1,Newer / Developing Customers
2.024963017621631,1.1658457616131397,2,Senior High-Risk Customers
1.1958674039118549,2.3052432748910534,2,Senior High-Risk Customers
-0.5097669760629788,0.5378958087712916,1,Newer / Developing Customers
0.45126244440254504,-0.05921029251679063,0,Loyal Established Customers
-0.5719803423659479,2.563349290435404,2,Senior High-Risk Customers
-1.1013512050391912,-0.5073670009217532,1,Newer / Developing Customers
1.949916781127567,1.5652342119065534,2,Senior High-Risk Customers
-1.9416664510405273,0.5070392041146325,1,Newer / Developing Customers
-1.9334154225416373,0.6040685246212203,1,Newer / Developing Customers
-0.11047636442199843,-0.582995564701,0,Loyal Established Customers
0.688759947900582,-0.7850515807005777,0,Loyal Established Customers
-1.81387243034703,0.4810540598215067,1,Newer / Developing Customers
1.1912978859998655,-1.3652656709006812,0,Loyal Established Customers
0.20701103416577676,0.15047416195147262,1,Newer / Developing Customers
-0.6296861958894922,0.6003982252719113,1,Newer / Developing Customers
-1.2896705514758713,0.4980390025871388,1,Newer / Developing Customers
0.6137227898665133,-0.27601137566248823,0,Loyal Established Customers
1.1607928099432039,-1.382990655990812,0,Loyal Established Customers
1.6249836435289513,0.5520890849048411,2,Senior High-Risk Customers
-0.6969636506832393,0.441386467392626,1,Newer / Developing Customers
-0.8364873428279157,-1.0968942117969565,0,Loyal Established Customers
-0.2153442272108252,-0.9486749487984608,0,Loyal Established Customers
1.0435291641568893,-0.7426520267629232,0,Loyal Established Customers
-1.9281458577439095,0.6558847700330075,1,Newer / Developing Customers
-1.8585161918522108,0.3317081130465673,1,Newer / Developing Customers
1.4795397467982823,2.0328282842523175,2,Senior High-Risk Customers
-0.7438419383169147,0.5838845374764897,1,Newer / Developing Customers
-0.3740226925114558,-0.37869767528367854,1,Newer / Developing Customers
-1.8583705582691534,0.6528145856226197,1,Newer / Developing Customers
-0.48005584639416793,-0.8266050108443969,0,Loyal Established Customers
0.6041620806259983,-0.3996810985858948,0,Loyal Established Customers
-0.6293329103428867,0.5775802142225908,1,Newer / Developing Customers
-0.4223172503330122,-0.3097243888079824,1,Newer / Developing Customers
-1.660962596963381,0.2595893427613115,1,Newer / Developing Customers
-0.5051026224345572,-1.5089228380096864,0,Loyal Established Customers
-1.6293054073273492,0.16179671906355464,1,Newer / Developing Customers
-0.36683102380034865,0.5856569191158444,1,Newer / Developing Customers
-0.41876916593583263,-0.3397875067796728,1,Newer / Developing Customers
-1.0508956718895894,0.35639553068505475,1,Newer / Developing Customers
1.2847135900439275,1.8099048462881007,2,Senior High-Risk Customers
1.3413680370666743,1.5248368309390845,2,Senior High-Risk Customers
2.4113354139227594,0.9463482532588128,2,Senior High-Risk Customers
0.3556011331152937,-1.4561621249504657,0,Loyal Established Customers
1.5407753086067584,-1.274516815374281,0,Loyal Established Customers
-0.6310540555271906,-0.7563020156605121,0,Loyal Established Customers
1.4286232176147782,-1.272354112188855,0,Loyal Established Customers
1.0501219557155252,-0.8710115472218632,0,Loyal Established Customers
0.9195328306010178,-1.114941271459549,0,Loyal Established Customers
-0.6679331519967954,-0.11964463672371062,1,Newer / Developing Customers
-1.3710608302417313,-0.18444612927559767,1,Newer / Developing Customers
1.3330430785147565,0.9347912507328213,2,Senior High-Risk Customers
2.397395523340783,0.9262453145794524,2,Senior High-Risk Customers
1.028727354685902,0.9958586559532852,2,Senior High-Risk Customers
0.7456154239027467,-0.41360188253005103,0,Loyal Established Customers
-1.1318368845478917,0.6256472345532091,1,Newer / Developing Customers
1.9707312522147356,1.178895072618956,2,Senior High-Risk Customers
1.245465470655137,1.8547497573101084,2,Senior High-Risk Customers
-0.5413137492233991,-0.1637236045978907,1,Newer / Developing Customers
-1.3583607622800482,0.6215017231765043,1,Newer / Developing Customers
1.6595326554382757,-1.3907890851164493,0,Loyal Established Customers
-0.6971699304252074,0.33717643972318573,1,Newer / Developing Customers
-0.7229940007486467,0.319641051006797,1,Newer / Developing Customers
-0.7724459515508498,-1.1304178152500202,0,Loyal Established Customers
0.2966783167601867,-1.2789609258529684,0,Loyal Established Customers
1.1287860012256754,-1.4077078056489045,0,Loyal Established Customers
0.7891563343219086,2.5076615568576073,2,Senior High-Risk Customers
1.6759260566972296,1.6519601215756665,2,Senior High-Risk Customers
-0.6536696136379581,0.07819040765761928,1,Newer / Developing Customers
0.14037715174455914,0.1636207089483357,1,Newer / Developing Customers
1.1318260126347885,2.338766878344117,2,Senior High-Risk Customers
-1.431945554185364,0.37696622503068444,1,Newer / Developing Customers
-0.267980667098729,0.6060357486040359,1,Newer / Developing Customers
0.863992549744097,-1.1494925405830447,0,Loyal Established Customers
0.7149391811728002,2.4808136304263297,2,Senior High-Risk Customers
0.12388806963865998,0.039740272315375455,1,Newer / Developing Customers
-0.970040796050629,0.309336620506941,1,Newer / Developing Customers
-1.1711292489571083,0.3919722060782612,1,Newer / Developing Customers
-0.7264581945152195,-0.45864292507552834,1,Newer / Developing Customers
1.316714706122366,1.6295684403590391,2,Senior High-Risk Customers
-1.025179761770592,0.5221479880073029,1,Newer / Developing Customers
1.5311152520541889,1.6660100161666385,2,Senior High-Risk Customers
-0.4232196926035938,-0.6534986444507282,0,Loyal Established Customers
1.1564800296898872,2.0099680132767554,2,Senior High-Risk Customers
-0.34810215551627455,0.3893253045655151,1,Newer / Developing Customers
1.0153159706452906,-0.8461745089208822,0,Loyal Established Customers
0.1585011181422568,0.005585666013052874,1,Newer / Developing Customers
0.22118709645230328,0.06210911492067303,1,Newer / Developing Customers
0.9941922231207841,-1.133505912918872,0,Loyal Established Customers
0.10169030770370044,2.494916382805866,2,Senior High-Risk Customers
-1.8675017730641152,0.5194083244691072,1,Newer / Developing Customers
0.8538000333053971,2.4465157900259724,2,Senior High-Risk Customers
0.14533558808041164,-0.788353694334171,0,Loyal Established Customers
-1.4338458075908194,-0.05403353687651508,1,Newer / Developing Customers
0.5686779537499892,2.5233103442386358,2,Senior High-Risk Customers
-0.3080468032904518,-0.5632945702617197,0,Loyal Established Customers
-1.8628483795981148,0.6251684286557266,1,Newer / Developing Customers
-1.9311144615365792,0.6279227822980677,1,Newer / Developing Customers
0.8037189214836835,-0.27898220580558813,0,Loyal Established Customers
0.43176152745209145,-0.2187328687998646,0,Loyal Established Customers
1.5372671317307014,2.159863029698041,2,Senior High-Risk Customers
0.060222104899321616,0.3049160626945851,1,Newer / Developing Customers
0.5111217354908553,-0.5158648992535995,0,Loyal Established Customers
0.1270951393794091,0.2620410012297989,1,Newer / Developing Customers
2.921499448335232,0.5879500604867384,2,Senior High-Risk Customers
-1.241710841636726,0.621261253087423,1,Newer / Developing Customers
-0.49892421278107013,-0.19849215303342332,1,Newer / Developing Customers
0.8465520695182512,-0.8072978334265344,0,Loyal Established Customers
2.3097318116304337,1.111869218449797,2,Senior High-Risk Customers
-0.4530449853634658,-1.273238694436433,0,Loyal Established Customers
1.619444080001005,-1.3321662790040691,0,Loyal Established Customers
0.07027071548554709,-0.811375831465022,0,Loyal Established Customers
-0.9113571317543919,0.1618639358773669,1,Newer / Developing Customers
0.6204890807968082,-0.6463237769172996,0,Loyal Established Customers
-0.9052095277623435,-1.0224055948677535,0,Loyal Established Customers
0.7795828801562887,2.4196678635946953,2,Senior High-Risk Customers
1.001203329092589,2.452842951891202,2,Senior High-Risk Customers
-1.8763982253379248,0.49524813244627114,1,Newer / Developing Customers
0.9502227315193155,-1.4715437123228514,0,Loyal Established Customers
0.4393816952150324,-1.1769790207908528,0,Loyal Established Customers
-0.35727736181028186,-0.4800897416439995,1,Newer / Developing Customers
-0.4993723807019765,-1.3331416345618403,0,Loyal Established Customers
-0.4484586344164788,0.5009288941079618,1,Newer / Developing Customers
-0.24765974526331497,0.22967019341774275,1,Newer / Developing Customers
2.7143495721788704,0.5416721951810224,2,Senior High-Risk Customers
-1.8274398061772543,0.5227832434134828,1,Newer / Developing Customers
-1.297876533860157,0.5083894829504548,1,Newer / Developing Customers
-0.8659258363465357,-1.0725235932221961,0,Loyal Established Customers
0.7651284444005604,-1.0906225576546205,0,Loyal Established Customers
1.1282011834910777,1.694221164790848,2,Senior High-Risk Customers
-1.088685732510537,-0.1472817058896928,1,Newer / Developing Customers
-0.7385206732266612,-1.0704176391335665,0,Loyal Established Customers
-0.22285699113045693,-0.9924402041808357,0,Loyal Established Customers
1.3248256786939008,1.5576177268563733,2,Senior High-Risk Customers
1.3878897895299906,-1.4178565502604847,0,Loyal Established Customers
1.023189163379536,-1.3365312192504388,0,Loyal Established Customers
-0.6706857114767111,-0.15781209769194135,1,Newer / Developing Customers
-0.38759644709155977,-0.3179547916314495,1,Newer / Developing Customers
2.7195010194177307,0.5514112486880921,2,Senior High-Risk Customers
0.9269861759434809,2.4259950254599243,2,Senior High-Risk Customers
-0.2747881307485382,0.2964662310014533,1,Newer / Developing Customers
-0.9024513203763833,0.24574989908218653,1,Newer / Developing Customers
-0.9484706924907228,-0.7931480772701098,1,Newer / Developing Customers
-0.11130040908026459,-0.7502214836762922,0,Loyal Established Customers
0.828899142876418,-0.5091448440293306,0,Loyal Established Customers
1.6598016698032785,2.148140611981682,2,Senior High-Risk Customers
1.7300206256033186,0.6265888709913252,2,Senior High-Risk Customers
-0.31464924443648523,-0.2675924318796939,1,Newer / Developing Customers
-1.425085629795868,-0.2912540462477479,1,Newer / Developing Customers
1.31354040167533,-1.0029711276411715,0,Loyal Established Customers
-0.17215283183439786,-0.04575329883961208,1,Newer / Developing Customers
-0.6650940831995626,0.4787161548667483,1,Newer / Developing Customers
0.8654725213100064,2.0847586732437153,2,Senior High-Risk Customers
0.04773836189459632,-0.5611632465534995,0,Loyal Established Customers
-0.6236204200637102,0.35991663609637076,1,Newer / Developing Customers
-0.5409342060209299,-1.2764749515561855,0,Loyal Established Customers
1.2486262546533116,1.0382349742788866,2,Senior High-Risk Customers
0.6228376254296508,-0.9841844073778551,0,Loyal Established Customers
-1.9998423391100961,0.4973578436401166,1,Newer / Developing Customers
0.18304753173324737,-0.5111507779895691,0,Loyal Established Customers
-1.3767910719743117,-0.360227332723444,1,Newer / Developing Customers
1.8161409495752654,1.9757497401094386,2,Senior High-Risk Customers
-1.5665662677338164,0.008731718400570805,1,Newer / Developing Customers
0.39634226743849654,-0.7528734208393464,0,Loyal Established Customers
-1.4595386099637007,-0.2393090354333955,1,Newer / Developing Customers
1.2867461780617275,-0.9043033713860341,0,Loyal Established Customers
1.997200455829896,1.3506297219566625,2,Senior High-Risk Customers
-1.7987887721198446,0.19592808975382447,1,Newer / Developing Customers
0.91756534535679,-0.8828565548175631,0,Loyal Established Customers
-0.2448839901767186,-0.10632113182465863,1,Newer / Developing Customers
-1.4764513883459025,-0.009059515207691639,1,Newer / Developing Customers
1.3811570570273877,-1.4055499467904433,0,Loyal Established Customers
-1.3373765502329222,0.6186389381008806,1,Newer / Developing Customers
1.7513460731414372,-1.4100310146896484,0,Loyal Established Customers
2.462706179001093,1.0932745334533167,2,Senior High-Risk Customers
-0.4838665217265493,0.3792468237027987,1,Newer / Developing Customers
2.122931745555256,0.5201205673343097,2,Senior High-Risk Customers
3.0701507657011957,0.35744720090590365,2,Senior High-Risk Customers
0.483093086196689,-0.9437888238022994,0,Loyal Established Customers
1.732406318237527,1.832912242669929,2,Senior High-Risk Customers
2.5406874608601346,1.0798538686796129,2,Senior High-Risk Customers
-1.0226878456398314,-0.8199960037013874,1,Newer / Developing Customers
-1.2552489794567676,-0.34820342798733844,1,Newer / Developing Customers
-1.909665906089491,0.6036971708533329,1,Newer / Developing Customers
0.5777116472576503,2.534857998445442,2,Senior High-Risk Customers
0.11837019779352412,2.222454559967478,2,Senior High-Risk Customers
1.7047535544394221,-1.384983108001012,0,Loyal Established Customers
-1.7235086343294608,0.31911881084259014,1,Newer / Developing Customers
1.1468290999339001,2.4963672215308463,2,Senior High-Risk Customers
-0.16997906684820197,-0.17362798781215777,1,Newer / Developing Customers
-0.38672481880550924,-0.5124437607935602,1,Newer / Developing Customers
-0.7468105421095843,0.55592254974155,1,Newer / Developing Customers
1.2543705959223552,2.1627029761623353,2,Senior High-Risk Customers
0.18177822261695833,0.3132308770780578,1,Newer / Developing Customers
2.4537249503650878,0.9115797048232801,2,Senior High-Risk Customers
1.5567268759616408,1.639503687123721,2,Senior High-Risk Customers
0.7920073190919306,-1.269308774822945,0,Loyal Established Customers
-1.852235057824465,0.3050883062851427,1,Newer / Developing Customers
-1.954412379513868,0.6426073393573384,1,Newer / Developing Customers
-1.0691558680330995,-0.7718846051682867,1,Newer / Developing Customers
0.009410541759953234,0.36024056472672455,1,Newer / Developing Customers
-0.3835549819177609,2.436563730238873,2,Senior High-Risk Customers
-0.016229563433655437,2.518671286215426,2,Senior High-Risk Customers
0.9677524763451704,2.437558921394191,2,Senior High-Risk Customers
-0.5643693652320705,-1.249177856680885,0,Loyal Established Customers
0.9316142116244541,-1.122950548497756,0,Loyal Established Customers
-1.9067765010033155,0.6262509605478708,1,Newer / Developing Customers
0.8523274695345043,2.2204924112718407,2,Senior High-Risk Customers
0.033127185895197704,0.4938077530962005,1,Newer / Developing Customers
-1.607318704510201,-0.029153872929956824,1,Newer / Developing Customers
-1.487075082227693,-0.2290720327885864,1,Newer / Developing Customers
0.21591821776536577,-0.21377438613852112,0,Loyal Established Customers
1.3357198330692834,-1.3512244671098976,0,Loyal Established Customers
0.5249045142560882,-1.3686667778260153,0,Loyal Established Customers
-1.1980513547003633,0.5629782713314122,1,Newer / Developing Customers
-0.6337911432490628,-0.2939171894879542,1,Newer / Developing Customers
-1.4249483885620164,-0.30386658406377776,1,Newer / Developing Customers
-0.5826615885619695,0.5549393721166933,1,Newer / Developing Customers
0.48527524353209006,-0.7379445023827627,0,Loyal Established Customers
1.1023573912424278,1.6008070164666137,2,Senior High-Risk Customers
1.02364435975116,-1.3764652069516525,0,Loyal Established Customers
1.4667748858811942,-1.5356374706862557,0,Loyal Established Customers
1.3227252726333307,2.4555030481963565,2,Senior High-Risk Customers
1.0063456978714544,2.352930250653596,2,Senior High-Risk Customers
1.0041082315072298,-0.6799214905924507,0,Loyal Established Customers
-1.0536573098295006,0.20857631497214837,1,Newer / Developing Customers
0.8703330860657189,-0.4934732180369719,0,Loyal Established Customers
2.1174662191035263,1.405181760073499,2,Senior High-Risk Customers
0.4287929236594219,-0.2466948565348045,0,Loyal Established Customers
-0.6144844024932173,-1.075147892281964,0,Loyal Established Customers
1.2851236281318785,-1.082038182663642,0,Loyal Established Customers
-0.2983618462270034,-1.3892184788657007,0,Loyal Established Customers
0.9388667661112707,0.5212376755730236,2,Senior High-Risk Customers
-0.2835003896994613,-1.080031014264342,0,Loyal Established Customers
0.5722260381471688,2.4932472262669454,2,Senior High-Risk Customers
1.14856373700434,-1.0238860845864375,0,Loyal Established Customers
-1.034773343328009,0.5324168072212597,1,Newer / Developing Customers
1.1746249457873241,-1.3888119207903071,0,Loyal Established Customers
0.4989819189285364,-1.464487990732989,0,Loyal Established Customers
0.6315588925902269,-0.5758970017822944,0,Loyal Established Customers
1.42143286339644,1.9936104083703323,2,Senior High-Risk Customers
-0.7310637086540747,0.5913722327641819,1,Newer / Developing Customers
-1.035394088598626,0.390661444673171,1,Newer / Developing Customers
-1.2813149462822375,0.5602587203538228,1,Newer / Developing Customers
0.13212990469416647,-0.025809278943067275,1,Newer / Developing Customers
-0.7962430516307804,-0.7683315733447296,1,Newer / Developing Customers
-0.1613228582106393,0.2784692464107229,1,Newer / Developing Customers
-0.48556586113597533,0.5518376582947876,1,Newer / Developing Customers
1.0972330915229889,2.2746589721695707,2,Senior High-Risk Customers
1.169030292422811,-1.0791451671966779,0,Loyal Established Customers
-1.0761520669014533,-0.3650450352839232,1,Newer / Developing Customers
0.5588129486006528,-1.3610843775555366,0,Loyal Established Customers
1.2982333822463668,2.1298905508335277,2,Senior High-Risk Customers
-0.3193185598601611,0.3251709262721682,1,Newer / Developing Customers
2.239518625360919,0.7909569306982086,2,Senior High-Risk Customers
0.12004920978152031,-0.24186725755226712,0,Loyal Established Customers
-1.8964886681078776,0.5580921463352507,1,Newer / Developing Customers
0.8506295023466589,1.9449487345690153,2,Senior High-Risk Customers
-1.5400697694574563,-0.10559861296588496,1,Newer / Developing Customers
1.4823811545720895,1.9090613253378639,2,Senior High-Risk Customers
-0.9433800983407541,-0.13933824527410762,1,Newer / Developing Customers
1.2641829662356865,1.2459596611254604,2,Senior High-Risk Customers
2.8053765434247633,0.7003125992924201,2,Senior High-Risk Customers
-1.769473549830169,0.6700154579539754,1,Newer / Developing Customers
-1.057412079435235,0.3085706773591133,1,Newer / Developing Customers
-0.023520918787622067,-0.17164044513700738,1,Newer / Developing Customers
0.16062220251880288,2.4273669384530447,2,Senior High-Risk Customers
1.528362006463483,1.8519098108458147,2,Senior High-Risk Customers
-0.7654505620997669,0.590319744409195,1,Newer / Developing Customers
-1.898251481742876,0.3675129081096266,1,Newer / Developing Customers
-1.1778555705514413,-0.6373179974464941,1,Newer / Developing Customers
-1.145226094910563,0.36198867581469707,1,Newer / Developing Customers
1.8184985726681036,1.747540864393559,2,Senior High-Risk Customers
-1.4020265832332455,-0.32613607240178744,1,Newer / Developing Customers
1.2865029176612088,-1.4866083139501978,0,Loyal Established Customers
-0.647280402111175,-0.02571368566583241,1,Newer / Developing Customers
-1.604374009557826,0.18947129466666743,1,Newer / Developing Customers
-1.7213677416601665,0.32518266400740786,1,Newer / Developing Customers
1.4271463012679866,-1.1289824508904098,0,Loyal Established Customers
0.8809060506470416,-0.6723068029341841,0,Loyal Established Customers
1.3976203316770555,-1.3908119237277792,0,Loyal Established Customers
-0.8886513707383749,0.14979992077264803,1,Newer / Developing Customers
1.0471547241444363,-1.347108046251617,0,Loyal Established Customers
-0.6503298673151171,0.6161190289587087,1,Newer / Developing Customers
-0.349591098518991,-0.6782773670574961,0,Loyal Established Customers
0.060877688872618435,0.12063256676576525,1,Newer / Developing Customers
1.4850616203247715,-1.5472166543045802,0,Loyal Established Customers
1.7083770560945983,-1.3172373605474854,0,Loyal Established Customers
1.7131050663680032,0.8216049002846849,2,Senior High-Risk Customers
-0.44700517671034895,-0.6508553368080688,0,Loyal Established Customers
1.5571811118564707,-1.5187524291229464,0,Loyal Established Customers
2.3211660457628236,0.5969279703379371,2,Senior High-Risk Customers
-0.8456008061694729,-0.8368556913764025,1,Newer / Developing Customers
-0.6058199164898374,-0.34225876468735533,1,Newer / Developing Customers
-0.17215420405597837,0.4023812124552013,1,Newer / Developing Customers
0.059404438990935615,0.11867644365903991,1,Newer / Developing Customers
1.5486464430086335,-1.0926717587616166,0,Loyal Established Customers
-0.9773368024238932,0.43886149824022347,1,Newer / Developing Customers
0.5556186061747863,-0.18656379673954437,0,Loyal Established Customers
1.6088489744285597,-1.4078028920823233,0,Loyal Established Customers
-0.10433562153785206,0.4734074610279467,1,Newer / Developing Customers
-0.7109826249883205,0.4688024476932187,1,Newer / Developing Customers
-0.9484643584738884,0.21277270006419252,1,Newer / Developing Customers
-1.4945221934601136,-0.060612921843012806,1,Newer / Developing Customers
-1.4005601768492428,0.483995267788095,1,Newer / Developing Customers
1.148980037818184,2.338089590230241,2,Senior High-Risk Customers
0.3261270228366111,-0.40158394164871497,0,Loyal Established Customers
1.6981251908537693,-1.2513505002096372,0,Loyal Established Customers
1.4782960155052667,-1.4009715086971755,0,Loyal Established Customers
-0.6441745570846537,-0.01036423574692242,1,Newer / Developing Customers
-1.5977921478615755,0.19648745282295155,1,Newer / Developing Customers
-0.7623198316389624,-0.0361296302860556,1,Newer / Developing Customers
0.43576114175578545,-0.14340219006759894,0,Loyal Established Customers
1.9073440726893858,1.4762696914380133,2,Senior High-Risk Customers
0.19237635327676803,-0.5573275159960067,0,Loyal Established Customers
-0.5576099354096777,0.6211822985383709,1,Newer / Developing Customers
1.4407472355259023,-1.5287174322671562,0,Loyal Established Customers
0.11121675732913758,0.44425741161035043,1,Newer / Developing Customers
2.295114882194829,0.7975123220763838,2,Senior High-Risk Customers
1.0324710874060625,-1.2450603247668799,0,Loyal Established Customers
-1.6504910209446892,0.038169224785002516,1,Newer / Developing Customers
-0.8876089875238261,0.6096270934042929,1,Newer / Developing Customers
-1.0583397580346459,-0.4213403645216905,1,Newer / Developing Customers
-0.40223342222409747,-1.3285631964685722,0,Loyal Established Customers
-1.8095254715020408,0.502299054544177,1,Newer / Developing Customers
0.06532320901207997,0.00522289320226043,1,Newer / Developing Customers
-1.7346959654315208,0.3371833331314607,1,Newer / Developing Customers
2.499125635541181,1.1365205516852677,2,Senior High-Risk Customers
-0.3027734570442267,-0.6038789922347476,0,Loyal Established Customers
1.0651257291254272,-0.9374784596825407,0,Loyal Established Customers
0.5350474038112287,-1.1743567058043105,0,Loyal Established Customers
-0.3644291556870844,0.6359679828969201,1,Newer / Developing Customers
-0.5033781700027824,0.6081329875325546,1,Newer / Developing Customers
1.030377092253763,-1.388771810421694,0,Loyal Established Customers
-0.6698925957863641,-0.5817765205418605,1,Newer / Developing Customers
0.4588905990481047,-0.5095961620309817,0,Loyal Established Customers
0.658247571072092,-1.5347041039149125,0,Loyal Established Customers
2.6195206531660444,0.6705997695092778,2,Senior High-Risk Customers
-1.784378122426208,0.4060749584577976,1,Newer / Developing Customers
-0.42314221701322674,-1.2278915459677315,0,Loyal Established Customers
-1.7330827746058706,0.4551923732270847,1,Newer / Developing Customers
-1.1884577731429466,0.5527094521174551,1,Newer / Developing Customers
0.09184578084070721,-0.4598052406129572,0,Loyal Established Customers
-1.8530534098436413,0.34291594289700417,1,Newer / Developing Customers
2.2251349111108434,1.223246461354381,2,Senior High-Risk Customers
1.0889550154114693,-1.209435988077788,0,Loyal Established Customers
-1.5591989263352914,0.11185878208235686,1,Newer / Developing Customers
0.8193910237919869,-0.5654086438555798,0,Loyal Established Customers
-0.7122441062417136,-1.2214816929233203,0,Loyal Established Customers
-0.018637213598975872,-1.445490969492138,0,Loyal Established Customers
-1.0158509402270715,0.4759712500008651,1,Newer / Developing Customers
1.4617288101530557,1.640989102195271,2,Senior High-Risk Customers
0.23240592764968449,0.35824056178925245,1,Newer / Developing Customers
1.2899231199287358,-1.444333122923875,0,Loyal Established Customers
-0.39844191008358404,0.28976771536833673,1,Newer / Developing Customers
-1.1257717948329002,0.6092329010250754,1,Newer / Developing Customers
-1.121314451790282,-0.29279404038338075,1,Newer / Developing Customers
1.1332379001150175,-1.5421311792726622,0,Loyal Established Customers
1.3745377719017302,-1.1622655842543927,0,Loyal Established Customers
-0.7525359810666334,-1.188329443238144,0,Loyal Established Customers
-0.8464004477514782,0.575778421447959,1,Newer / Developing Customers
1.1798616382681502,-1.2030571332411564,0,Loyal Established Customers
-0.8653470418528159,-0.9064814432814194,1,Newer / Developing Customers
0.7859093570600372,-1.1189558991574478,0,Loyal Established Customers
2.2296662991898772,0.867162896665956,2,Senior High-Risk Customers
-1.3723314668465552,0.06313555969228726,1,Newer / Developing Customers
0.9651277989949074,2.3270531514279464,2,Senior High-Risk Customers
-0.21703654649262644,0.005769407480423518,1,Newer / Developing Customers
-0.6117366457888331,0.5314903582181141,1,Newer / Developing Customers
-0.636685594982128,2.500364496445561,2,Senior High-Risk Customers
-0.572278860837169,0.4954536740230683,1,Newer / Developing Customers
-1.9762528909937145,0.4791960853601994,1,Newer / Developing Customers
-0.5398250099734507,-1.093712533741287,0,Loyal Established Customers
1.062276802687776,2.1672901050557907,2,Senior High-Risk Customers
-0.8082775351372226,-0.8979699287965189,0,Loyal Established Customers
1.8103882862073588,1.5954243222488182,2,Senior High-Risk Customers
0.994329464354636,-1.146118450734902,0,Loyal Established Customers
-0.6717506313099738,-0.8751106017567151,0,Loyal Established Customers
0.6493795938062393,-0.29847332062797943,0,Loyal Established Customers
-1.3840478720138396,0.6412797802067776,1,Newer / Developing Customers
1.1548465238978696,-1.5485663862053676,0,Loyal Established Customers
-1.0405028989497995,0.13256834812600668,1,Newer / Developing Customers
0.8838676343120864,-1.4261983368861404,0,Loyal Established Customers
-0.7720446811469376,0.14187929876839286,1,Newer / Developing Customers
0.32064911996454465,0.11459155221227753,1,Newer / Developing Customers
1.5720982828794225,1.4433011832202076,2,Senior High-Risk Customers
-1.7345211857848737,0.12719739164345084,1,Newer / Developing Customers
-0.4230163932159448,-0.6280280880235247,0,Loyal Established Customers
-0.4103176974758424,0.6260542757233906,1,Newer / Developing Customers
-0.7325785038460682,0.4395616249654295,1,Newer / Developing Customers
-0.606385938935629,-0.13641408229227162,1,Newer / Developing Customers
1.7633657372122067,0.9686814084618163,2,Senior High-Risk Customers
-0.39123543811500155,0.5462445131651452,1,Newer / Developing Customers
0.2390021497622714,-0.8904552369067209,0,Loyal Established Customers
-1.198502953175221,0.5486650680400288,1,Newer / Developing Customers
0.4949463369702335,-1.5375467155904825,0,Loyal Established Customers
-1.6463349362019977,0.1855374990218952,1,Newer / Developing Customers
1.2047018076734197,-1.3293834581622088,0,Loyal Established Customers
-1.9588314060863077,0.6430921708437328,1,Newer / Developing Customers
0.5303851532482232,-0.8246743033601078,0,Loyal Established Customers
-1.4600895022588656,-0.036908025224124584,1,Newer / Developing Customers
0.9952031062400118,-0.9878747094446773,0,Loyal Established Customers
0.10949698436641389,-1.3377593295675658,0,Loyal Established Customers
-0.630000553130498,0.5734724841644984,1,Newer / Developing Customers
-0.5536374686254057,0.012921968060609808,1,Newer / Developing Customers
-0.7652904937640026,0.6081101489212246,1,Newer / Developing Customers
-0.19530072669091195,0.1510631471971115,1,Newer / Developing Customers
-0.9453015337535653,0.15655348948166029,1,Newer / Developing Customers
0.5539621308055042,2.5352293522133293,2,Senior High-Risk Customers
-0.4484565760841081,-0.1712728728342584,1,Newer / Developing Customers
1.4218107152782795,-0.9884613340914535,0,Loyal Established Customers
-0.985132731643632,0.3136706972028957,1,Newer / Developing Customers
1.2806371176923137,2.1759804068380046,2,Senior High-Risk Customers
-0.7527436330301819,-0.8444049596127701,0,Loyal Established Customers
0.15715849483338748,-0.964977788681313,0,Loyal Established Customers
2.7433777318887396,0.7027688415695978,2,Senior High-Risk Customers
-0.9344497367447064,0.5547517598161765,1,Newer / Developing Customers
0.44102524622203954,2.2172138942258472,2,Senior High-Risk Customers
-1.8797715300884574,0.3153253089299518,1,Newer / Developing Customers
1.3073871497772371,-1.0486896298777606,0,Loyal Established Customers
-0.04405788493578988,0.21493058328257642,1,Newer / Developing Customers
-0.7736692894091572,0.6363462544330052,1,Newer / Developing Customers
-1.1249176644788736,-0.436189695270148,1,Newer / Developing Customers
-1.4130760317237088,0.48018313381820193,1,Newer / Developing Customers
2.1649323796909172,1.5383775946750877,2,Senior High-Risk Customers
-1.1516153064373462,0.46589276913814875,1,Newer / Developing Customers
-1.2881818122259232,-0.43194992655625697,1,Newer / Developing Customers
-1.6586488910332182,0.24776757077766462,1,Newer / Developing Customers
-0.00673255557116895,-0.51838542107976,0,Loyal Established Customers
-0.516074807410514,-1.3181511431565813,0,Loyal Established Customers
0.08396460122384311,-0.47730881276019804,0,Loyal Established Customers
1.618251948031685,1.3682640435796938,2,Senior High-Risk Customers
-1.9804400298691602,0.649527377776438,1,Newer / Developing Customers
-0.05787554129415731,-1.1074986973765066,0,Loyal Established Customers
-0.6110776759946308,0.2518050614468161,1,Newer / Developing Customers
-0.8930710834216049,0.3743520079064491,1,Newer / Developing Customers
-0.45283305771545335,0.06095936621471653,1,Newer / Developing Customers
-1.660962596963381,0.2595893427613115,1,Newer / Developing Customers
-0.635481359465448,-1.0366090775458456,0,Loyal Established Customers
1.4074721593118769,2.2958372378152485,2,Senior High-Risk Customers
0.22565448470991056,-1.004259310953206,0,Loyal Established Customers
0.7748599085695737,-0.31263669293745827,0,Loyal Established Customers
-0.051266415236742975,0.6306555524279883,1,Newer / Developing Customers
0.8510032822968027,-0.7176539514028856,0,Loyal Established Customers
1.1128331001040586,-1.5062129064910958,0,Loyal Established Customers
0.3534802487683803,-1.4879499019858318,0,Loyal Established Customers
-1.2172701691842658,0.4313333160582807,1,Newer / Developing Customers
-1.6692014516645686,0.4038783652619909,1,Newer / Developing Customers
1.77975348758069,-1.390689730849161,0,Loyal Established Customers
-1.7300526171805095,0.6072849217835031,1,Newer / Developing Customers
-0.03789493871725389,-0.9316280097984757,0,Loyal Established Customers
-0.37140737426539183,-0.3279176764994179,1,Newer / Developing Customers
0.24918727073851282,-0.7703579358403959,0,Loyal Established Customers
-0.22283788506569416,0.3853674054893272,1,Newer / Developing Customers
-1.0901555694484908,0.16292323215745838,1,Newer / Developing Customers
2.4448191389870795,0.8276937416184605,2,Senior High-Risk Customers
-0.8252860417209487,-0.6291132851269453,1,Newer / Developing Customers
-1.4391527122647365,0.34455668288128294,1,Newer / Developing Customers
-0.93466509494667,0.3408899774020606,1,Newer / Developing Customers
-0.7095077493636771,-0.43486478605391593,1,Newer / Developing Customers
1.0064101592672823,-0.9300604721257019,0,Loyal Established Customers
0.017833254567782925,0.11561735548271104,1,Newer / Developing Customers
1.4866721114403059,-1.5578730690138847,0,Loyal Established Customers
1.2914771365310616,2.3358614676229164,2,Senior High-Risk Customers
-0.0890284950857006,-0.38315392049832836,0,Loyal Established Customers
-1.236434865930728,-0.3685193084955867,1,Newer / Developing Customers
-0.770484641303734,0.6541027689346542,1,Newer / Developing Customers
3.0288242139001422,0.4885585439989245,2,Senior High-Risk Customers
-0.38294762756444917,-0.40789390876775083,1,Newer / Developing Customers
0.24049681756246788,-0.6403821166310998,0,Loyal Established Customers
0.3978262039129134,-0.11439156045089549,0,Loyal Established Customers
-0.5735104501279791,-1.4075084799730706,0,Loyal Established Customers
0.05049794150213685,0.2588577361016269,1,Newer / Developing Customers
-1.307019438964665,-0.2179697327286617,1,Newer / Developing Customers
-0.6055779050044187,-1.2153291847245509,0,Loyal Established Customers
-1.9474407755965988,0.6504982049820659,1,Newer / Developing Customers
0.6069153262167043,-0.5855808932650706,0,Loyal Established Customers
-1.2470363824114434,0.5974408854209562,1,Newer / Developing Customers
-1.0553734932185508,0.32874937371816154,1,Newer / Developing Customers
-1.065891809311419,-0.09721288522968896,1,Newer / Developing Customers
1.9647598000909143,1.705044150581253,2,Senior High-Risk Customers
-0.006122947092918066,0.18591995366587305,1,Newer / Developing Customers
0.02035191275137907,-0.3687943549312377,0,Loyal Established Customers
-0.8051053960457459,0.13047110919748783,1,Newer / Developing Customers
2.976870582396393,0.4950591703535287,2,Senior High-Risk Customers
-0.9038641600103132,-0.9481111627630144,0,Loyal Established Customers
-0.14052817929902356,-1.2616102468996309,0,Loyal Established Customers
0.7227704080535527,-0.7416580400616376,0,Loyal Established Customers
2.8434953393742775,0.5709677829323825,2,Senior High-Risk Customers
0.5573179455842123,-0.35915463133153297,0,Loyal Established Customers
0.0865416206099511,-0.9574840434447859,0,Loyal Established Customers
-0.1662263555748385,0.39857941674309744,1,Newer / Developing Customers
-1.1263797951784125,0.43180150881649226,1,Newer / Developing Customers
-1.5125366830143698,-0.020433814768215937,1,Newer / Developing Customers
1.792295545538979,-1.2747340498513093,0,Loyal Established Customers
1.7511742203573624,1.72617673900427,2,Senior High-Risk Customers
1.200322688622102,2.0754181004248173,2,Senior High-Risk Customers
3.0659636268257504,0.5277784933221422,2,Senior High-Risk Customers
-0.36364270922981595,0.4580856492123232,1,Newer / Developing Customers
0.3972168760788662,-0.8686229187592205,0,Loyal Established Customers
-0.1873505085659314,0.2853892848298225,1,Newer / Developing Customers
0.7362673731540799,-0.4520752778442702,0,Loyal Established Customers
-1.007189242703187,-0.8644695609555076,1,Newer / Developing Customers
-0.02455531511955212,-0.12360733529185508,1,Newer / Developing Customers
0.382534611562073,-1.214709708569297,0,Loyal Established Customers
-1.931897241528738,0.6604773315774943,1,Newer / Developing Customers
0.06223442932817286,0.6073854805048232,1,Newer / Developing Customers
-1.8822657083043568,0.3320794668144547,1,Newer / Developing Customers
0.9316917942380097,0.5789568469336653,2,Senior High-Risk Customers
-0.5851557667778692,0.5716935300011966,1,Newer / Developing Customers
-0.36590897549676,-1.3469174113759712,0,Loyal Established Customers
1.029783601525756,1.4293641331886682,2,Senior High-Risk Customers
-1.681946809010507,0.2624521278369354,1,Newer / Developing Customers
1.4699780770809738,-1.209163567216543,0,Loyal Established Customers
0.9084425229110339,-0.6825438055789931,0,Loyal Established Customers
-1.4546267202502965,-0.02570019537368768,1,Newer / Developing Customers
0.6451206506461593,2.476203662921544,2,Senior High-Risk Customers
1.1979418875328052,1.2452884229604189,2,Senior High-Risk Customers
-0.8623023346913598,-1.0047778457686694,0,Loyal Established Customers
1.474645334172279,-1.129725158426185,0,Loyal Established Customers
0.8320767708542165,-1.2732418512145778,0,Loyal Established Customers
-0.4260082197381184,-0.6893941515441869,0,Loyal Established Customers
-0.22580580274757345,0.13333816210698063,1,Newer / Developing Customers
1.0700332984213223,-1.3770576865048005,0,Loyal Established Customers
0.3622032390450831,-0.4998613968328662,0,Loyal Established Customers
-0.5321918935326369,-0.09004311462636186,1,Newer / Developing Customers
1.0954723897121088,-1.4356043739619457,0,Loyal Established Customers
-1.9058789502776454,0.5938315219764113,1,Newer / Developing Customers
-1.1409881820016046,-0.43443099151799,1,Newer / Developing Customers
0.8801112118405681,-0.8281434796416696,0,Loyal Established Customers
0.22206239120346313,-0.2777076386466078,0,Loyal Established Customers
-0.5707543010743897,0.5328487809190896,1,Newer / Developing Customers
-0.6285370502093786,-0.7426532312169555,0,Loyal Established Customers
-0.17875836831813832,0.11828225127982242,1,Newer / Developing Customers
-0.48684351786842406,0.01756582557577653,1,Newer / Developing Customers
-0.8017314051844229,0.08632667706640053,1,Newer / Developing Customers
-0.7124695096586664,-1.2710019908720132,0,Loyal Established Customers
1.1132937770389115,-1.382247948455037,0,Loyal Established Customers
0.8132384580046843,-0.8351944017395754,0,Loyal Established Customers
-0.796195468002996,-1.1300464614821328,0,Loyal Established Customers
-0.3547341534086466,-0.3542974101724839,1,Newer / Developing Customers
1.5224241127673537,2.0200530910233416,2,Senior High-Risk Customers
1.1647846732754377,-0.8405117659034795,0,Loyal Established Customers
-0.5595901479687884,-0.5435542945500588,1,Newer / Developing Customers
0.06762281540577983,-0.9552856772169885,0,Loyal Established Customers
0.053945087536317604,-1.0128676644284307,0,Loyal Established Customers
-0.17764917227065904,0.30104466909472105,1,Newer / Developing Customers
-0.22877234820787226,-0.5668255925701793,0,Loyal Established Customers
0.9483164262571311,-1.1790956497528964,0,Loyal Established Customers
-1.9020028655277046,0.37210546965411345,1,Newer / Developing Customers
0.5562758367356672,2.5234075802296827,2,Senior High-Risk Customers
-1.5555717582150064,0.034276745130713535,1,Newer / Developing Customers
2.6356862127795098,0.8543011979606565,2,Senior High-Risk Customers
1.701991916499511,-1.5328023237139186,0,Loyal Established Customers
-1.3730143454810517,0.5334840363252696,1,Newer / Developing Customers
1.4354642396922794,-1.3207903923710422,0,Loyal Established Customers
-0.9239005619342616,0.49404276617432824,1,Newer / Developing Customers
-0.6079496899769873,0.5216247093411924,1,Newer / Developing Customers
0.42907462065938645,-0.04467596344014716,0,Loyal Established Customers
-0.6087725983248312,-1.0687442147607766,0,Loyal Established Customers
2.7196282154365936,0.7031401953374854,2,Senior High-Risk Customers
1.8009859987150239,-1.4047098690606055,0,Loyal Established Customers
1.5563487049807518,2.3041205227872026,2,Senior High-Risk Customers
-0.4401638037383017,0.3286439938619617,1,Newer / Developing Customers
2.3231769979700947,1.3475318994429883,2,Senior High-Risk Customers
0.385865116104943,1.7244194189982662,2,Senior High-Risk Customers
0.6798639010933593,-0.9833530448081286,0,Loyal Established Customers
0.19447103453985817,-0.6376832859885995,0,Loyal Established Customers
0.2820565845490508,-0.024847032694534484,0,Loyal Established Customers
-0.2983538593443847,-0.8813581963889034,0,Loyal Established Customers
0.6379134925667865,2.4437941207721425,2,Senior High-Risk Customers
-1.1108483199248664,0.2533894094250084,1,Newer / Developing Customers
-0.06973789765052085,-1.030955422329354,0,Loyal Established Customers
-0.506980932491742,-0.7343384168334828,0,Loyal Established Customers
0.451471468587674,-0.8512692874369772,0,Loyal Established Customers
0.19640725559992275,-0.20895547795617198,0,Loyal Established Customers
-0.9216805855418619,0.4525877003591931,1,Newer / Developing Customers
-2.0046730503580714,0.49553083118020685,1,Newer / Developing Customers
-0.45949097804744493,-0.8447328791139335,0,Loyal Established Customers
-0.28361715264696974,-0.1377453780729627,1,Newer / Developing Customers
-0.7548447252015422,0.27754761737461925,1,Newer / Developing Customers
2.3089134596112575,1.1496968550616584,2,Senior High-Risk Customers
-0.6121358578603747,-1.4130085227425193,0,Loyal Established Customers
0.22569897299998792,-1.4976407873532003,0,Loyal Established Customers
0.2517525457948995,-1.3424912951816492,0,Loyal Established Customers
0.8752086812313628,-0.9820265485193936,0,Loyal Established Customers
1.2246838718848698,2.1071503544603427,2,Senior High-Risk Customers
-0.699309450872921,-0.11702192473644538,1,Newer / Developing Customers
0.7762087068755549,-1.3586785390697529,0,Loyal Established Customers
-0.7027303392512382,0.0647701398846382,1,Newer / Developing Customers
0.09503180116771098,-0.8901832374061214,0,Loyal Established Customers
0.7535324026990842,2.396184959685735,2,Senior High-Risk Customers
-1.1818875182030246,0.16687860022538595,1,Newer / Developing Customers
-0.7237286684450492,0.55144346591557,1,Newer / Developing Customers
0.04604108081754102,-1.0607741789037315,0,Loyal Established Customers
-0.5835325307372298,0.5253610856313974,1,Newer / Developing Customers
-0.13858333873729736,2.298392928925859,2,Senior High-Risk Customers
2.4885225430861175,0.5530236561302166,2,Senior High-Risk Customers
-0.9329630110940832,-0.7279698797795546,1,Newer / Developing Customers
-0.4331864302905072,-1.5059291692552566,0,Loyal Established Customers
0.2695627963293361,-0.726584857477196,0,Loyal Established Customers
-1.1369785672159667,0.5014926801434081,1,Newer / Developing Customers
-1.4315448465857616,-0.03017927919966753,1,Newer / Developing Customers
-1.8212599457287517,0.506504020593316,1,Newer / Developing Customers
-1.3596307127740817,0.6450161564969825,1,Newer / Developing Customers
1.171838141768926,-0.8449063283263608,0,Loyal Established Customers
0.36138254804933245,0.2600939902839073,1,Newer / Developing Customers
0.1238920713200132,-1.3575903785894199,0,Loyal Established Customers
1.3389138402789058,-1.273742181426265,0,Loyal Established Customers
-0.5589100137774525,-0.11763374859341427,1,Newer / Developing Customers
-1.7746243109582398,0.436209148799499,1,Newer / Developing Customers
0.30566885976734537,-0.012605848646392102,0,Loyal Established Customers
-1.341981567580746,0.439263834484594,1,Newer / Developing Customers
1.207246715189787,-0.9472915135686045,0,Loyal Established Customers
-0.9728017478797499,-0.06254985085337211,1,Newer / Developing Customers
1.267944350502459,2.1019600925101063,2,Senior High-Risk Customers
-0.40943691383836084,-1.506300523023144,0,Loyal Established Customers
-1.3663634452766846,0.6573227599670238,1,Newer / Developing Customers
0.5189316899106865,-0.39438318856890475,0,Loyal Established Customers
-1.9579604639110473,0.6726704573290287,1,Newer / Developing Customers
-1.4749653935391152,-0.042779421761460705,1,Newer / Developing Customers
-0.6715141087108768,0.04435702338534322,1,Newer / Developing Customers
0.5133991832832108,-0.2983463282574051,0,Loyal Established Customers
-0.5736034150866118,0.09882947379405377,1,Newer / Developing Customers
0.5714735295843956,-1.3771927767376817,0,Loyal Established Customers
0.9737632237863326,-0.6798560711705517,0,Loyal Established Customers
0.858425798578139,-0.4713826268393681,0,Loyal Established Customers
-1.822303701164881,0.4948113592564847,1,Newer / Developing Customers
-1.7661428033938886,0.21971692800877304,1,Newer / Developing Customers
1.4459288257150997,1.9997538492432763,2,Senior High-Risk Customers
1.3064647921907193,-1.253046763193757,0,Loyal Established Customers
-1.910563456815161,0.6361166094247923,1,Newer / Developing Customers
-0.866857631610688,-0.45803110121855944,1,Newer / Developing Customers
0.09798926816801437,-0.2996712374736371,0,Loyal Established Customers
-0.6068822150203226,-0.6626688149922503,1,Newer / Developing Customers
0.28811380470565195,1.9118046287489923,2,Senior High-Risk Customers
0.42966592416705285,-0.8893183369917285,0,Loyal Established Customers
0.3189518388874893,-0.38501938013795406,0,Loyal Established Customers
-0.6303424212405335,-0.016185500546417646,1,Newer / Developing Customers
-0.35555347218281685,-0.04247653435052361,1,Newer / Developing Customers
-1.3327122413375463,-0.4032452312855421,1,Newer / Developing Customers
0.7423477713071397,2.542914936779534,2,Senior High-Risk Customers
0.7090885759744111,-0.6036308698473815,0,Loyal Established Customers
-0.05215916318688161,-0.9053957985323988,0,Loyal Established Customers
0.7049510790591207,-1.4672162325107665,0,Loyal Established Customers
-0.7251586872748471,0.5571674947240183,1,Newer / Developing Customers
-0.2836946282373368,0.4366475234440403,1,Newer / Developing Customers
-0.9001000313003799,-0.9883797539679956,0,Loyal Established Customers
0.6101656270093382,-0.3556000124354735,0,Loyal Established Customers
1.8491905319187718,0.7187366565880373,2,Senior High-Risk Customers
1.896299426974454,0.7141181081261561,2,Senior High-Risk Customers
-1.7233053349418115,0.3445893672697937,1,Newer / Developing Customers
-1.8602091525117568,0.4852852475783029,1,Newer / Developing Customers
1.8037841219451987,1.3113253610734394,2,Senior High-Risk Customers
1.1252305213660376,2.3384609439981285,2,Senior High-Risk Customers
-1.6066986453503742,0.3366687452655385,1,Newer / Developing Customers
0.2575149737335917,-1.0765813782237597,0,Loyal Established Customers
-1.941286556943512,0.4222234680085561,1,Newer / Developing Customers
-0.8193384010642559,0.5208252731837067,1,Newer / Developing Customers
-0.6072066299313796,0.6235413048245021,1,Newer / Developing Customers
-0.7652904937640026,0.6081101489212246,1,Newer / Developing Customers
0.020192530526405156,-0.610652015090674,0,Loyal Established Customers
-1.6257065006232576,0.6442729020261724,1,Newer / Developing Customers
-1.5036174406004665,-0.19629113687129734,1,Newer / Developing Customers
-0.9976661166085123,0.481508043034434,1,Newer / Developing Customers
0.16161172121126405,-0.5226011962053284,0,Loyal Established Customers
-1.1248965000817401,0.26941614745779446,1,Newer / Developing Customers
0.6725064136785864,2.5079020269466885,2,Senior High-Risk Customers
-0.18106868842739574,0.03470222242099125,1,Newer / Developing Customers
0.45765262268432194,-0.43710762505034106,0,Loyal Established Customers
0.3800232541503053,0.0016295399688554743,0,Loyal Established Customers
0.5729823416541006,-1.2033673354210142,0,Loyal Established Customers
0.09717200772621484,-0.660052128593897,0,Loyal Established Customers
1.2089410480709133,-1.5490031593951539,0,Loyal Established Customers
1.4659793609639302,-1.4674068917463348,0,Loyal Established Customers
-0.7415409773118563,0.6077387951533372,1,Newer / Developing Customers
-0.37040762793853044,0.38026353917232125,1,Newer / Developing Customers
-0.47578842147191625,0.4412346523374963,1,Newer / Developing Customers
1.6872760935550262,-1.520883315739225,0,Loyal Established Customers
-0.5042058811261579,0.5862348529624326,1,Newer / Developing Customers
-1.3165892266651755,-0.45129121039674386,1,Newer / Developing Customers
0.2820579567706312,-0.47298154398934783,0,Loyal Established Customers
-1.5829484427874378,0.11223013585024436,1,Newer / Developing Customers
0.22460798483062044,-0.11968294970041057,0,Loyal Established Customers
0.477322967074739,-0.20006887307325372,0,Loyal Established Customers
-0.6267169059860325,0.4042929573594444,1,Newer / Developing Customers
-0.12911981496613226,0.5717379082036788,1,Newer / Developing Customers
-1.6047610520687292,0.31726204200315267,1,Newer / Developing Customers
1.0721741910906162,-1.3709938333399827,0,Loyal Established Customers
-1.3693712554030908,-0.2426214629648552,1,Newer / Developing Customers
-0.14226712882677295,-0.6179181875923832,0,Loyal Established Customers
-0.7057228071511564,-0.7974631453831729,0,Loyal Established Customers
1.2644712837128447,-1.3501104058062352,0,Loyal Established Customers
-0.7495721800494954,0.4081033340286434,1,Newer / Developing Customers
-1.7216030151780664,0.25073800392004175,1,Newer / Developing Customers
-1.8531003073606356,0.48056357538700045,1,Newer / Developing Customers
1.0984493858539834,-1.0739233758349231,0,Loyal Established Customers
-0.8084976961147177,0.456639078321212,1,Newer / Developing Customers
1.4898567595457295,-1.5401165545122355,0,Loyal Established Customers
-1.004055608779499,0.6353381199205778,1,Newer / Developing Customers
0.7602973214077986,2.4740070697257375,2,Senior High-Risk Customers
-1.3623902923816225,-0.17500482615814403,1,Newer / Developing Customers
-1.8130014881717695,0.5106323463068027,1,Newer / Developing Customers
0.06532458123366044,-0.442911618092553,0,Loyal Established Customers
1.4356655877707465,1.6531822279468056,2,Senior High-Risk Customers
-0.8237852165338623,-0.9631481262870744,0,Loyal Established Customers
1.8525517331219445,1.7352027315119996,2,Senior High-Risk Customers
1.2219185674798494,2.1046589231526065,2,Senior High-Risk Customers
-0.08961774026099632,-0.21071331388896702,1,Newer / Developing Customers
-0.5483601975892628,0.6225244795118863,1,Newer / Developing Customers
0.6546226971953356,-1.154315340073626,0,Loyal Established Customers
2.633408078876364,0.8608498826118687,2,Senior High-Risk Customers
0.3783252869624599,-0.2739141367339694,0,Loyal Established Customers
-1.603414998205909,0.16748921846048487,1,Newer / Developing Customers
-0.17533953827219176,0.608691953600959,1,Newer / Developing Customers
0.48141544643027345,1.072398482422632,2,Senior High-Risk Customers
1.8775540291953492,0.9544650441607567,2,Senior High-Risk Customers
0.2826923763467945,-1.3628708826461102,0,Loyal Established Customers
-0.04746804198832751,0.008313907790830272,1,Newer / Developing Customers
-0.42784545787633577,2.2643997724146123,2,Senior High-Risk Customers
2.424253584529566,1.0698888655354033,2,Senior High-Risk Customers
-0.41423846396758884,-0.4718038158206916,1,Newer / Developing Customers
0.8064742254067602,-1.1370837674269842,0,Loyal Established Customers
1.332759902270023,-1.0953934280154471,0,Loyal Established Customers
-0.08458869974371898,0.318965957285557,1,Newer / Developing Customers
-0.2637421128120257,0.6104833030184975,1,Newer / Developing Customers
-0.2555025720000481,0.24212702487041135,1,Newer / Developing Customers
-0.4507312794333028,-1.28506046642008,0,Loyal Established Customers
1.5395680927357596,2.183717287374889,2,Senior High-Risk Customers
0.10016097482183958,0.2446558404960373,1,Newer / Developing Customers
-1.5666278213665081,-0.11539884242090759,1,Newer / Developing Customers
-2.003766536155794,0.5198360303330681,1,Newer / Developing Customers
-0.13775631372471225,2.544358319143388,2,Senior High-Risk Customers
1.2646873280255986,-1.3603158790395258,0,Loyal Established Customers
-1.078222433857662,-0.6494937172377293,1,Newer / Developing Customers
-0.6465429115032713,0.6062533800817872,1,Newer / Developing Customers
1.7666768952257024,1.362234125260265,2,Senior High-Risk Customers
-0.9972524655471995,0.29171957064119314,1,Newer / Developing Customers
2.618702301146868,0.7084274061211391,2,Senior High-Risk Customers
-0.40472235800053913,0.09232026648235456,1,Newer / Developing Customers
-0.4854904438779787,0.6496465237200044,1,Newer / Developing Customers
0.008929782166348738,-0.6903963582270206,0,Loyal Established Customers
-0.8727702442449425,-0.9286855121975303,0,Loyal Established Customers
0.3412160466436382,-0.575738082999479,0,Loyal Established Customers
0.7381929076214103,-0.6598732070935683,0,Loyal Established Customers
0.7445069139660576,-0.8204315559923563,0,Loyal Established Customers
-1.7604125616613078,0.3954981314566193,1,Newer / Developing Customers
1.7545951087356797,1.5443846743831864,2,Senior High-Risk Customers
0.43960778474277556,-1.351525978489567,0,Loyal Established Customers
0.8626337509561718,-0.9640436873798824,0,Loyal Established Customers
1.0954794098397334,-0.6537508522750494,0,Loyal Established Customers
0.20338119849376615,-0.9231923628363565,0,Loyal Established Customers
0.24027802880655325,0.26609237919181783,1,Newer / Developing Customers
1.2893842329561385,1.7939414542359804,2,Senior High-Risk Customers
0.4073436821015436,0.001598010557337222,0,Loyal Established Customers
-0.8407755390747741,-0.0674251111317947,1,Newer / Developing Customers
2.0381073832863428,1.2541792792324207,2,Senior High-Risk Customers
-1.6619936074744057,0.21222065176398586,1,Newer / Developing Customers
1.110323114913871,-0.7380081692477565,0,Loyal Established Customers
-1.587569488472539,0.11921135021729673,1,Newer / Developing Customers
0.2925155226658265,2.0657091759380752,2,Senior High-Risk Customers
-0.4310455376212131,-1.4998653160904387,0,Loyal Established Customers
0.8265988679821499,-0.7570663573535849,0,Loyal Established Customers
-0.5521510236189862,-1.2198736879724295,0,Loyal Established Customers
-1.1571257464100704,-0.13599606136312023,1,Newer / Developing Customers
0.07445442380704148,0.13862915435577294,1,Newer / Developing Customers
1.610745234475755,-1.5359094701868552,0,Loyal Established Customers
-0.05576880121675262,-0.999463241382187,0,Loyal Established Customers
0.6033987569914416,2.5150799414151686,2,Senior High-Risk Customers
-0.5480763352337392,2.428641902612748,2,Senior High-Risk Customers
0.9610506468107034,-0.4751194001302958,0,Loyal Established Customers
1.8020113165869587,-1.5623947336504336,0,Loyal Established Customers
2.1615229087491694,1.1076936635359347,2,Senior High-Risk Customers
-1.0828931215029187,0.391404152208946,1,Newer / Developing Customers
-0.32355780025765457,0.5447906275051132,1,Newer / Developing Customers
1.6025791596125911,1.8787577372770923,2,Senior High-Risk Customers
0.6546608816003311,1.670200287469601,2,Senior High-Risk Customers
-1.145282756998343,0.6140518092074245,1,Newer / Developing Customers
-0.04798176288243834,2.5548636767738326,2,Senior High-Risk Customers
-0.17801962869004007,-0.43298922011883517,0,Loyal Established Customers
1.0828423571452892,1.9250949811388474,2,Senior High-Risk Customers
-0.5705033110357678,2.4729047461573144,2,Senior High-Risk Customers
1.449573963180805,-1.3973125500823833,0,Loyal Established Customers
-1.8110868835668246,0.43821009567272895,1,Newer / Developing Customers
-0.5249867937856346,0.6145681944652599,1,Newer / Developing Customers
-1.8049436768837213,0.6482700823747409,1,Newer / Developing Customers
-0.10549749453284826,0.41963760778639786,1,Newer / Developing Customers
1.9514349621404659,1.6216430188628277,2,Senior High-Risk Customers
1.0925024136978587,-1.0154318504020718,0,Loyal Established Customers
0.7983954390413367,-0.9750043404142753,0,Loyal Established Customers
0.6760675861773142,-1.0332131671131906,0,Loyal Established Customers
0.5430661151451431,-1.3965340605781689,0,Loyal Established Customers
1.7660179254315,1.641919422031563,2,Senior High-Risk Customers
2.2111950205288675,1.203143522675021,2,Senior High-Risk Customers
-1.5888387528557826,-0.08134147210963175,1,Newer / Developing Customers
-0.12232573258360584,-1.314029735211292,0,Loyal Established Customers
0.3062517709258066,-1.1909672325900562,0,Loyal Established Customers
2.634891373973036,0.6984645212531708,2,Senior High-Risk Customers
1.5244587591175245,-1.3663568935930137,0,Loyal Established Customers
-0.43886098092736614,0.17119101840412007,1,Newer / Developing Customers
-0.02365276582578204,2.496467217299315,2,Senior High-Risk Customers
0.8919102097532496,-0.8141043941271271,0,Loyal Established Customers
-0.34603599399418666,0.07351303665770906,1,Newer / Developing Customers
1.6332889607702294,-1.373663573464059,0,Loyal Established Customers
1.5297192454552566,-1.424192402925902,0,Loyal Established Customers
0.6727097130662355,2.533372583373892,2,Senior High-Risk Customers
-0.3386161774229658,0.19111890641629792,1,Newer / Developing Customers
2.12257708778707,0.9910730896784439,2,Senior High-Risk Customers
-0.5500146530810199,0.3047349711615432,1,Newer / Developing Customers
-0.08917412866875757,-0.7042603930743808,0,Loyal Established Customers
-1.115540056983868,0.6416085531640962,1,Newer / Developing Customers
-1.8191456616098671,0.5745655988148896,1,Newer / Developing Customers
3.072912403641107,0.5052664166188101,2,Senior High-Risk Customers
2.3371175746628605,1.1435675824749416,2,Senior High-Risk Customers
0.877970319171274,-0.8342073328064873,0,Loyal Established Customers
-0.057889685563666006,-1.0312510184175532,0,Loyal Established Customers
2.5850032178805846,0.6132201353473756,2,Senior High-Risk Customers
1.9530475115883714,0.9387848372113032,2,Senior High-Risk Customers
-0.3810063999760849,0.4499547104992372,1,Newer / Developing Customers
-0.7137442629282318,0.3209832319803123,1,Newer / Developing Customers
-0.4660494100842105,-1.2455192950668157,0,Loyal Established Customers
0.27038844912034093,-0.03248495596485388,1,Newer / Developing Customers
1.412510248157397,-1.388649617543076,0,Loyal Established Customers
0.3124288166808056,-1.3888390272355065,0,Loyal Established Customers
-0.07863668890090454,-0.33298786384727774,0,Loyal Established Customers
1.4407143632090005,-1.3947788901297928,0,Loyal Established Customers
-0.08413710126886143,0.33327916057694024,1,Newer / Developing Customers
2.07224669232396,0.951241271663249,2,Senior High-Risk Customers
-1.6418948873386356,0.43016853124673404,1,Newer / Developing Customers
-1.4470092969305162,-0.08767732477504908,1,Newer / Developing Customers
1.0180796669175725,-1.3705570601501964,0,Loyal Established Customers
-0.7645756182431531,-0.7774326200103041,1,Newer / Developing Customers
1.4115077573873749,-1.2005618106251883,0,Loyal Established Customers
-0.9743675125204334,0.24275623032775662,1,Newer / Developing Customers
0.35033653011282,-0.05392308173313682,0,Loyal Established Customers
-1.3158930641365618,-0.21172698242343807,1,Newer / Developing Customers
-0.6923426049981379,0.43440525302557365,1,Newer / Developing Customers
-1.7307164785196236,0.5107765243405953,1,Newer / Developing Customers
-1.298911210836291,0.6063485763582994,1,Newer / Developing Customers
-0.8481176441444698,0.215584611424477,1,Newer / Developing Customers
-0.027148492374493845,0.08008286389935068,1,Newer / Developing Customers
0.168418498750283,0.0110355770446606,1,Newer / Developing Customers
-1.3799693860629003,0.6279369301092095,1,Newer / Developing Customers
-0.8295343605784378,-0.5191453386386758,1,Newer / Developing Customers
0.8619802253152458,-1.451961958393283,0,Loyal Established Customers
-1.0247889378111918,0.3019565732860022,1,Newer / Developing Customers
-0.8713152552975095,0.4939218237525885,1,Newer / Developing Customers
0.7545232936131259,-1.0019176862674517,0,Loyal Established Customers
0.45065243045770753,-0.589374395177709,0,Loyal Established Customers
1.4884462442870814,1.8926469918097302,2,Senior High-Risk Customers
-0.6490830162441069,-1.3443093540436641,0,Loyal Established Customers
0.5796184114781686,-0.7792136771728994,0,Loyal Established Customers
-1.7126965176892677,0.1105567114774548,1,Newer / Developing Customers
0.5119179465189093,-0.8081627338409273,0,Loyal Established Customers
-1.9147754025514545,0.5696713299535751,1,Newer / Developing Customers
-0.884864414926529,0.1399342718957265,1,Newer / Developing Customers
0.7337738810489705,-0.6593883756071739,0,Loyal Established Customers
1.445848650414617,2.445481295955351,2,Senior High-Risk Customers
-0.5449345064354142,-1.1277383746410445,0,Loyal Established Customers
0.8611605010744889,-0.9659998104866078,0,Loyal Established Customers
-0.4550068227016492,0.18883405518726218,1,Newer / Developing Customers
0.45982638767051787,-0.5649823140228866,0,Loyal Established Customers
-0.5402665632333187,-1.2723672214980932,0,Loyal Established Customers
0.8573655583800245,-1.4639944440864836,0,Loyal Established Customers
-1.7926169771273956,0.5503639809584772,1,Newer / Developing Customers
-0.7637233121686934,-1.1702649209492733,0,Loyal Established Customers
-1.5104005755103853,0.12160348853753869,1,Newer / Developing Customers
1.2137683734979827,-1.4517743460927661,0,Loyal Established Customers
0.9945256988816148,-0.8775669386000383,0,Loyal Established Customers
-1.7389913008754196,0.6573375007160467,1,Newer / Developing Customers
-1.122595539076682,0.29327040513464203,1,Newer / Developing Customers
-0.01816715671530045,2.5380779894778116,2,Senior High-Risk Customers
-1.5237021907313295,0.0716064326048358,1,Newer / Developing Customers
0.07956161806527653,2.0932214482939564,2,Senior High-Risk Customers
1.8463441389500224,-1.4115164297611984,0,Loyal Established Customers
-0.7724969657325852,0.35163335112441635,1,Newer / Developing Customers
-0.20708835190006905,0.549482543316888,1,Newer / Developing Customers
-1.805761342792107,0.46203046333919573,1,Newer / Developing Customers
1.9447992977829847,1.023348088529999,2,Senior High-Risk Customers
0.9315358140121387,-1.2994988851652096,0,Loyal Established Customers
1.726395065615772,1.2310448904800182,2,Senior High-Risk Customers
0.10688915099577481,-1.3958473236878348,0,Loyal Established Customers
1.4191319023913818,1.9697561506934846,2,Senior High-Risk Customers
1.1137332719664088,-0.5313914937560102,0,Loyal Established Customers
-0.14242357081601753,2.4649199103530304,2,Senior High-Risk Customers
-0.9752090872691138,0.2471797911538957,1,Newer / Developing Customers
-0.11641563033970806,0.033282226771340226,1,Newer / Developing Customers
-0.15010265479167756,0.12646618198448897,1,Newer / Developing Customers
0.0687518036288122,0.3812170946206659,1,Newer / Developing Customers
-0.10387288627062854,-0.07482934787821449,1,Newer / Developing Customers
2.8522179787564337,0.5311206772331296,2,Senior High-Risk Customers
-1.6632635579684396,0.23573508508446409,1,Newer / Developing Customers
2.481315385006744,0.520614113980815,2,Senior High-Risk Customers
-0.9857882708838832,-0.5269802842628397,1,Newer / Developing Customers
0.7572559377771051,-0.8243331029724708,0,Loyal Established Customers
0.48668380748155593,-1.2222059848140847,0,Loyal Established Customers
-1.1882417288301927,0.5425039788841644,1,Newer / Developing Customers
-1.698752016206584,0.5567793279337128,1,Newer / Developing Customers
-1.177072790559282,-0.669872546725921,1,Newer / Developing Customers
0.38445536086409404,-1.2865341876776584,0,Loyal Established Customers
1.576408318689578,-1.053388463457733,0,Loyal Established Customers
-1.7451172581123129,0.32555401777529536,1,Newer / Developing Customers
-1.3136142888556712,0.5825915546724988,1,Newer / Developing Customers
1.1667286453069625,-0.8789321692261184,0,Loyal Established Customers
-1.933255354205873,0.62185892913325,1,Newer / Developing Customers
2.287478335200064,0.9141791811984926,2,Senior High-Risk Customers
-0.6422462781741624,-1.1144311875858475,0,Loyal Established Customers
0.587212321585246,-0.6475264932549136,0,Loyal Established Customers
0.42091743668164755,-0.059144873094891685,0,Loyal Established Customers
0.9170064661790067,-1.1883158270850895,0,Loyal Established Customers
-0.8498393604561761,-0.8413032457908641,1,Newer / Developing Customers
1.0477657048442675,-1.0909371828007972,0,Loyal Established Customers
-1.6318510009545064,0.0037720301173573903,1,Newer / Developing Customers
-1.5361980372834148,0.04207037476439426,1,Newer / Developing Customers
1.1711755376680046,-1.4424763540844374,0,Loyal Established Customers
0.0855011278543441,0.22857897072541034,1,Newer / Developing Customers
1.5387859988543906,1.9922045810069084,2,Senior High-Risk Customers
0.7716759465749405,-0.554460463086514,0,Loyal Established Customers
-0.5642574050600936,-0.6229927033404168,1,Newer / Developing Customers
1.7776125949113957,-1.3967535840139789,0,Loyal Established Customers
2.239365577152779,1.5550200478730742,2,Senior High-Risk Customers
1.1348839632575691,-1.5580606813144016,0,Loyal Established Customers
0.09419997337959424,0.4323221619081966,1,Newer / Developing Customers
-0.13757128342612235,-0.39410387429938476,0,Loyal Established Customers
0.4830994202135235,0.062131953532003036,0,Loyal Established Customers
0.9277394990960937,-1.3493590074702717,0,Loyal Established Customers
-0.025415806613236547,-0.49166837832728866,0,Loyal Established Customers
-0.7695283619399157,0.3795953388593562,1,Newer / Developing Customers
1.4741302410565873,1.864959121851631,2,Senior High-Risk Customers
0.1353038662068557,-0.6445785017231439,0,Loyal Established Customers
1.5373000040476028,2.025924487560678,2,Senior High-Risk Customers
1.6055477634052608,1.906719725012032,2,Senior High-Risk Customers
1.3015898831358652,-0.9885606883587418,0,Loyal Established Customers
-0.41275589971475246,0.614812555862573,1,Newer / Developing Customers
0.9044415811188049,-1.3346744504110013,0,Loyal Established Customers
-0.3390691481194036,0.624940214419728,1,Newer / Developing Customers
1.6173031873317107,-1.338230132168887,0,Loyal Established Customers
1.354199784723702,-1.4034120662895724,0,Loyal Established Customers
1.9030287289231058,1.8221477828931478,2,Senior High-Risk Customers
0.4955861883056133,-0.01798374337223104,0,Loyal Established Customers
-0.6256683477743715,-1.1524851708355714,0,Loyal Established Customers
-1.4843225227477772,-0.19090457182035564,1,Newer / Developing Customers
1.1555762151977254,2.1143282689288228,2,Senior High-Risk Customers
0.9508725827349327,1.3850755230237886,2,Senior High-Risk Customers
-1.1206622983709362,0.6432587419248329,1,Newer / Developing Customers
0.2358295604711626,-0.7198205254214577,0,Loyal Established Customers
-0.9682240251931262,0.4028902334670766,1,Newer / Developing Customers
-1.620271713819688,0.17334437327036084,1,Newer / Developing Customers
2.231147535954179,1.3769793022494783,2,Senior High-Risk Customers
-0.6039129251168629,-0.8587740829047171,0,Loyal Established Customers
-1.5364804203941698,0.06411873731714363,1,Newer / Developing Customers
1.3874375049443426,-1.2081024979044612,0,Loyal Established Customers
-0.6837759172870043,-0.9676357910701493,0,Loyal Established Customers
-1.3322193781965814,-0.1891515597394399,1,Newer / Developing Customers
1.2193378607840089,-1.0697162915095426,0,Loyal Established Customers
0.9613016217727296,-1.2914651824431704,0,Loyal Established Customers
0.16335554891076742,-1.1885735071973114,0,Loyal Established Customers
0.6306669010012211,-1.2581540139751788,0,Loyal Established Customers
-0.68491528594127,-0.8877942119427558,0,Loyal Established Customers
-1.556390390878386,0.12203036530526698,1,Newer / Developing Customers
-0.3237731584596182,0.3309288450909974,1,Newer / Developing Customers
1.7721967104198204,-1.5456090463544123,0,Loyal Established Customers
0.6722943790073854,-1.102596330652885,0,Loyal Established Customers
1.3166915281259075,0.5712298871787617,2,Senior High-Risk Customers
1.5730871154610933,-1.282599695790759,0,Loyal Established Customers
-0.4096500546882311,0.630162005781483,1,Newer / Developing Customers
0.403107186147211,-0.6750513107993444,0,Loyal Established Customers
-0.5938448477323336,0.2535348379156791,1,Newer / Developing Customers
-0.5951190739108312,-1.4010732730403654,0,Loyal Established Customers
-1.0784328302643718,0.5906997889772707,1,Newer / Developing Customers
-2.0252379187047946,0.5136586994497434,1,Newer / Developing Customers
0.349669573435999,-0.28209806743863597,0,Loyal Established Customers
0.2657239364721965,-1.008192387344839,0,Loyal Established Customers
1.210711795096783,1.996918702270939,2,Senior High-Risk Customers
1.1224772757753319,2.5243607386773044,2,Senior High-Risk Customers
0.11365834538895311,0.3600973306286899,1,Newer / Developing Customers
-1.3102040870700882,-0.23572624723031077,1,Newer / Developing Customers
2.428489439106154,0.9456709651449366,2,Senior High-Risk Customers
-0.5203133616972175,-1.3225986975710426,0,Loyal Established Customers
0.8040007255068364,2.1993369842374935,2,Senior High-Risk Customers
0.1853591793310396,0.14922921696900404,1,Newer / Developing Customers
-1.1080873680957453,0.6252758807853216,1,Newer / Developing Customers
1.4424651180296841,-1.392590877891081,0,Loyal Established Customers
-0.6615383628143106,-0.07142229148036325,1,Newer / Developing Customers
-1.776738595077124,0.3681475705779255,1,Newer / Developing Customers
0.01250634157148496,0.5399314991110579,1,Newer / Developing Customers
0.017015588659396896,-0.07062226355283421,1,Newer / Developing Customers
0.293097640690309,-1.1648852493066064,0,Loyal Established Customers
-0.7486991795418644,-0.23452014642828084,1,Newer / Developing Customers
1.1748396178784972,-0.9508828827287844,0,Loyal Established Customers
-1.2018449251732473,-0.38315087356327693,1,Newer / Developing Customers
-1.1653199235014218,0.5202344905461547,1,Newer / Developing Customers
-0.2733048356518659,0.1340808696427556,1,Newer / Developing Customers
0.2985925641719442,-0.03861422855157056,1,Newer / Developing Customers
0.7012947050870428,-1.4010234378269297,0,Loyal Established Customers
1.2850903888032357,1.593422521919433,2,Senior High-Risk Customers
-0.824822637953157,0.03107998971039677,1,Newer / Developing Customers
0.7926735896579614,-0.8170665334700389,0,Loyal Established Customers
-0.052610761661739024,-0.919709001823782,0,Loyal Established Customers
1.5032892632504287,2.0324569304844298,2,Senior High-Risk Customers
2.4776814326699923,0.7913511230774262,2,Senior High-Risk Customers
-0.22855973444906952,0.5433052124335633,1,Newer / Developing Customers
2.69802963686873,0.5452339178047675,2,Senior High-Risk Customers
-0.7518446213135513,0.6197055742670092,1,Newer / Developing Customers
2.6184862568341143,0.7186328793544301,2,Senior High-Risk Customers
-1.5082796911634722,0.15339126557290503,1,Newer / Developing Customers
-0.5110405161306864,-1.3407795578321597,0,Loyal Established Customers
-0.7555241732820878,-0.372440184229432,1,Newer / Developing Customers
-1.091420075789248,-0.5811659023067615,1,Newer / Developing Customers
0.08590720103378777,-0.06759470478802354,1,Newer / Developing Customers
0.06751541156247046,0.04672573015637404,1,Newer / Developing Customers
-1.563123123380989,0.13433696877530832,1,Newer / Developing Customers
0.5592451266391267,2.327302312317216,2,Senior High-Risk Customers
-0.19315708957845693,-0.7391420222276974,0,Loyal Established Customers
2.7395907760768936,0.7126344904465194,2,Senior High-Risk Customers
-0.043527164282981284,2.5491057579550036,2,Senior High-Risk Customers
-0.11278075598100776,0.513486455859186,1,Newer / Developing Customers
2.6645787841213115,0.5299498873077565,2,Senior High-Risk Customers
1.654940815604967,-1.37241862848159,0,Loyal Established Customers
1.029943350762471,-0.8703003690976064,0,Loyal Established Customers
-0.23380509992330448,0.07375739805502213,1,Newer / Developing Customers
2.845188300033824,0.41739064840064677,2,Senior High-Risk Customers
0.6584601848308946,-0.4245732989111696,0,Loyal Established Customers
-0.16407473157976477,0.016234529795085446,1,Newer / Developing Customers
-0.2567661115858117,-0.7759553488039073,0,Loyal Established Customers
-1.6403849836915536,0.20578544483128064,1,Newer / Developing Customers
1.1169186061826224,-0.7377022349017679,0,Loyal Established Customers
-1.973331184718039,0.6448057055851356,1,Newer / Developing Customers
0.7354739065691867,-1.0560464658465694,0,Loyal Established Customers
0.7070735356572473,0.5064305286344122,2,Senior High-Risk Customers
0.02946913354003869,-1.044735029171923,0,Loyal Established Customers
-0.7792547874222393,-0.9918528215577894,0,Loyal Established Customers
1.900050766026237,1.7344600239762245,2,Senior High-Risk Customers
-0.7436386389292656,0.6093550939036932,1,Newer / Developing Customers
0.5539621308055042,2.5352293522133293,2,Senior High-Risk Customers
-0.38078966955254095,0.21568198161853966,1,Newer / Developing Customers
-1.0123031364740955,0.4958341155918667,1,Newer / Developing Customers
0.1758725151269406,0.5715028707656282,1,Newer / Developing Customers
0.6601076201950269,-0.8886373122477222,0,Loyal Established Customers
-1.2374722873500228,0.6257088075018845,1,Newer / Developing Customers
0.8229626214018692,-0.7891360751466171,0,Loyal Established Customers
-0.28599232716357953,2.0870122114734766,2,Senior High-Risk Customers
1.4341923378890638,1.65122610484008,2,Senior High-Risk Customers
1.3576235848879952,-1.4153840662558468,0,Loyal Established Customers
-0.8119290175643888,-0.45558343989847666,1,Newer / Developing Customers
-1.1340099634232974,0.529454667878348,1,Newer / Developing Customers
0.9232976454217414,-1.379277118311937,0,Loyal Established Customers
-0.40305456341948,0.6304679401274715,1,Newer / Developing Customers
1.3469912544227487,-0.9876870971441604,0,Loyal Established Customers
-1.3532492074857139,-0.01667420286595827,1,Newer / Developing Customers
0.9232220472335475,2.4662636166649055,2,Senior High-Risk Customers
-0.732582779530532,-1.2385609193110936,0,Loyal Established Customers
1.6330215010462181,-1.5382369470614683,0,Loyal Established Customers
1.5927917194665882,1.1287677503052507,2,Senior High-Risk Customers
-0.6551481059590986,-1.3278950205155304,0,Loyal Established Customers
0.2548791595909625,-0.6245371359924591,0,Loyal Established Customers
0.06891461640773724,-0.49726152345693103,0,Loyal Established Customers
1.3323880736290614,-1.38129280593419,0,Loyal Established Customers
2.5288130456894566,0.9680059177398536,2,Senior High-Risk Customers
-0.6929585474932234,-1.2758208990543622,0,Loyal Established Customers
1.2730867192813244,2.0020473912725003,2,Senior High-Risk Customers
2.619177412834428,0.5290762960931753,2,Senior High-Risk Customers
0.12709788382257,-0.6342280213598278,0,Loyal Established Customers
0.11281318106659904,-1.5376689084691006,0,Loyal Established Customers
-1.085059250501042,-0.0007964871939294682,1,Newer / Developing Customers
2.0254395015307716,0.5383601402903625,2,Senior High-Risk Customers
0.07106555429202069,-0.6555391547575364,0,Loyal Established Customers
-1.066347332576194,-0.7617130219453765,1,Newer / Developing Customers
0.04092791789046815,-0.9494722353983186,0,Loyal Established Customers
0.8910838708514547,-1.2841370399920633,0,Loyal Established Customers
-1.8814883995882972,0.6595656233233717,1,Newer / Developing Customers
-1.1844748556770983,-0.3940336349104438,1,Newer / Developing Customers
1.4125837141062116,1.6576613117727854,2,Senior High-Risk Customers
-1.3361065997388888,0.5951245047804024,1,Newer / Developing Customers
-0.5795322303227456,0.3766245087162563,1,Newer / Developing Customers
-0.49953244903774074,-1.35093203907387,0,Loyal Established Customers
1.4909659555932087,-1.3573541366973372,0,Loyal Established Customers
-0.017781317950842257,0.06386652949282258,1,Newer / Developing Customers
-0.5796874958829782,-1.2096366853276206,0,Loyal Established Customers
-0.3913948203399754,0.30438685300570845,1,Newer / Developing Customers
1.8415603189408416,1.841324293044448,2,Senior High-Risk Customers
1.0496061764890436,2.3477399887033594,2,Senior High-Risk Customers
-1.9803027886353082,0.6369148399604081,1,Newer / Developing Customers
0.7290438358428832,-1.3260641128625512,0,Loyal Established Customers
0.2159832913649747,2.498817532785258,2,Senior High-Risk Customers
-0.10404238396093438,-1.2302071179871383,0,Loyal Established Customers
0.3214688442053013,-0.3713705956943974,0,Loyal Established Customers
-1.2128162119625538,-0.3752918245076972,1,Newer / Developing Customers
0.10689782398918377,-1.1120542968584446,0,Loyal Established Customers
-1.3123449797393825,-0.2417901003951285,1,Newer / Developing Customers
0.5994921238245776,-0.6077849621811814,0,Loyal Established Customers
1.1130656291787973,-0.5354992238141026,0,Loyal Established Customers
-0.04512086957706527,0.1185877886250882,1,Newer / Developing Customers
0.7560059025990079,-0.9402357919787423,0,Loyal Established Customers
1.03555799633217,2.3637667267361455,2,Senior High-Risk Customers
1.5198669192842158,-1.3479864369581545,0,Loyal Established Customers
-1.4014065240734186,0.03968654579370796,1,Newer / Developing Customers
0.7741929518927526,-0.5408116786429573,0,Loyal Established Customers
1.1232249062888546,-1.4560468498400454,0,Loyal Established Customers
-0.2412695669815381,-0.14822713911580754,1,Newer / Developing Customers
-0.2955683572972246,0.100732316856874,1,Newer / Developing Customers
0.019978544546022055,-1.2726483087996037,0,Loyal Established Customers
0.6442315771213296,-1.4285486523720834,0,Loyal Established Customers
-0.5046481204968162,0.6316474208530328,1,Newer / Developing Customers
-1.1957196540471449,0.17269986502488116,1,Newer / Developing Customers
0.35817947998993654,-1.3595373895353113,0,Loyal Established Customers
-1.713740273125397,0.09886405014062345,1,Newer / Developing Customers
1.609344078321306,1.9565798473170941,2,Senior High-Risk Customers
-0.19477439706884814,0.48725247156111845,1,Newer / Developing Customers
0.9678719837358399,0.5990042626131847,2,Senior High-Risk Customers
0.1946661950996822,-1.4034205855125252,0,Loyal Established Customers
-0.734723672199826,-1.2446247724759114,0,Loyal Established Customers
0.16708825186175014,-0.5906421787715076,0,Loyal Established Customers
-0.33198918605889327,0.5056208099197365,1,Newer / Developing Customers
1.1915755733582771,2.457457053026841,2,Senior High-Risk Customers
1.236353272511972,-0.6096465305125753,0,Loyal Established Customers
-1.9230236163568413,0.6542345812722707,1,Newer / Developing Customers
0.8579113915732379,2.299234397791041,2,Senior High-Risk Customers
-0.37437735027964175,0.09225484706045561,1,Newer / Developing Customers
1.8928456662792352,1.0298487148846032,2,Senior High-Risk Customers
-1.55853128354768,0.11596651214044924,1,Newer / Developing Customers
1.1170786745183867,-0.7199118303897382,0,Loyal Established Customers
0.5329561129835002,1.0316190728138623,2,Senior High-Risk Customers
-1.2342876392445992,0.6434653220035336,1,Newer / Developing Customers
-0.9821285110908998,-0.6885748797891544,1,Newer / Developing Customers
0.0324622875507473,-0.40656899955151876,0,Loyal Established Customers
-1.977118140529885,0.6546713544620572,1,Newer / Developing Customers
-1.0370870492581719,0.5442385792049067,1,Newer / Developing Customers
-1.2421687741284182,-0.3989727275382629,1,Newer / Developing Customers
-1.6270272734242033,0.15524803441234247,1,Newer / Developing Customers
-1.180818526438066,0.5647080478002751,1,Newer / Developing Customers
-0.8423923642071433,-1.062689473756793,0,Loyal Established Customers
-0.431257306249503,0.1884627014193747,1,Newer / Developing Customers
0.7286321983808953,-0.7835429300169748,0,Loyal Established Customers
-0.5269145456050585,-1.5279581875041852,0,Loyal Established Customers
-0.4633016533798263,0.36111895543326217,1,Newer / Developing Customers
-1.4989595426133602,-0.17657849926292293,1,Newer / Developing Customers
-1.470886695512315,-0.014967662009148043,1,Newer / Developing Customers
-0.11893332176831031,0.24370069797519026,1,Newer / Developing Customers
0.11225623708080293,-1.2221724713293411,0,Loyal Established Customers
-1.765341700820923,0.3036127876356509,1,Newer / Developing Customers
2.1281999381314036,1.0200713240409105,2,Senior High-Risk Customers
1.6480991074166753,-1.0999150926519958,0,Loyal Established Customers
0.2748111967299303,-1.3803744547933514,0,Loyal Established Customers
1.8012999889442884,1.1637380344925192,2,Senior High-Risk Customers
1.1006231508401791,-1.2017980648074689,0,Loyal Established Customers
0.9975127402384788,-0.6802274249384392,0,Loyal Established Customers
-1.2074340008820585,0.07864231859715134,1,Newer / Developing Customers
0.9551560761130518,-0.7793974186402701,0,Loyal Established Customers
1.2772930873619162,1.9163662321769184,2,Senior High-Risk Customers
-1.8912419304120625,0.5795054494189785,1,Newer / Developing Customers
1.4899634648231865,-1.1692663297794494,0,Loyal Established Customers
0.1556406043036868,-1.2484549847426565,0,Loyal Established Customers
-0.35538928718231133,-1.3690896637229342,0,Loyal Established Customers
-0.2817862646427819,-0.5280023060681347,0,Loyal Established Customers
0.11298867282381966,1.5444531612152224,2,Senior High-Risk Customers
2.052498803774833,1.3796760146157372,2,Senior High-Risk Customers
1.371569168109061,-1.1902275719893325,0,Loyal Established Customers
-1.000631289847231,-0.6667902229375392,1,Newer / Developing Customers
-0.12421155955944699,-0.0919085742659875,1,Newer / Developing Customers
-0.24340275341241713,0.40349527375886374,1,Newer / Developing Customers
0.6770929040492489,-1.1908980317030187,0,Loyal Established Customers
0.9324811441581616,2.5273315688204043,2,Senior High-Risk Customers
-0.16134196427540212,-1.09933836325944,0,Loyal Established Customers
-0.6867815100613169,0.4827442972167144,1,Newer / Developing Customers
1.006861477097936,-0.8658212852716266,0,Loyal Established Customers
0.023555790061948564,-0.2663877071089318,0,Loyal Established Customers
1.7468941742520956,-1.2756076410658908,0,Loyal Established Customers
-1.5415473719150383,0.2618403039799665,1,Newer / Developing Customers
-0.7667955946355529,-0.7359775541951689,1,Newer / Developing Customers
-0.730069204766671,-0.10457585663050292,1,Newer / Developing Customers
1.375807722395764,-1.1857800175748712,0,Loyal Established Customers
-0.06755848475828058,0.07115792167980971,1,Newer / Developing Customers
1.4475386307198437,2.2131646901813786,2,Senior High-Risk Customers
0.6796371254548259,-0.5847388314620077,0,Loyal Established Customers
-0.653537614843564,-1.3385514352248349,0,Loyal Established Customers
0.7485847138062064,-0.6097071504425177,0,Loyal Established Customers
-0.2759996223040012,2.0765777894741,2,Senior High-Risk Customers
-1.2387422378440562,0.6492232408223627,1,Newer / Developing Customers
2.2565209745577546,1.1062082484643847,2,Senior High-Risk Customers
-1.7871213228019247,0.42763326867155055,1,Newer / Developing Customers
1.2540787914172582,-1.176209206809879,0,Loyal Established Customers
-0.5071416126019257,0.42433432309012914,1,Newer / Developing Customers
0.4425757024246549,-1.0994967351072202,0,Loyal Established Customers
0.41460686089095156,-1.0189228024331374,0,Loyal Established Customers
0.44830663026802575,-1.1477827873067807,0,Loyal Established Customers
-2.0259055614924057,0.509550969391651,1,Newer / Developing Customers
1.0407568396242444,-1.5269969797575553,0,Loyal Established Customers
-0.5290652797365737,0.627911044562828,1,Newer / Developing Customers
0.5173434915425084,1.1221092436697344,2,Senior High-Risk Customers
0.414026008064861,-0.5127631854316935,0,Loyal Established Customers
-1.955080022301479,0.638499609299246,1,Newer / Developing Customers
1.1629323303909178,-0.9287922915311805,0,Loyal Established Customers
0.8800344223609912,-0.4778178337720734,0,Loyal Established Customers
-1.0583404441454363,-0.19727310887428373,1,Newer / Developing Customers
2.0214079130968265,0.4140553578979343,2,Senior High-Risk Customers
-1.1488529823866447,0.3896447292036484,1,Newer / Developing Customers
0.4001378962437513,-0.47894604288687764,0,Loyal Established Customers
-0.5217728629369833,-1.4038036330943842,0,Loyal Established Customers
-0.7635072678559394,-1.180470394182564,0,Loyal Established Customers
0.997505720110854,-1.4620809466253355,0,Loyal Established Customers
0.18967452309731989,-0.1966488744861306,0,Loyal Established Customers
-1.3320942405100897,0.6347791538521734,1,Newer / Developing Customers
-1.545310814514182,0.07804163953754104,1,Newer / Developing Customers
0.546478207389668,-0.5689616756791368,0,Loyal Established Customers
-0.6028401935150238,0.5556505502409503,1,Newer / Developing Customers
-1.6461341277361288,0.649788232479679,1,Newer / Developing Customers
0.5336013014489678,-0.49272181970100887,0,Loyal Established Customers
-1.1207894943897987,0.4915297952754398,1,Newer / Developing Customers
1.3851244851249698,-1.4203479815682207,0,Loyal Established Customers
-0.8284508976508191,0.5068705543941616,1,Newer / Developing Customers
0.8000870274793023,-0.680446963651197,0,Loyal Established Customers
-1.159173005620164,-0.4399677845515589,1,Newer / Developing Customers
-0.01184411036550316,0.11979050496270238,1,Newer / Developing Customers
0.8119641870931412,-1.4648680353010648,0,Loyal Established Customers
0.19447470100496742,-0.7830110703937694,0,Loyal Established Customers
0.5084900380129674,-1.40822419090674,0,Loyal Established Customers
0.64719013569901,-1.23624518017172,0,Loyal Established Customers
0.06603280257658853,-0.014956164132334936,1,Newer / Developing Customers
-0.35656504141283446,0.03595951782268833,1,Newer / Developing Customers
0.785241714272426,-1.12306362921554,0,Loyal Established Customers
-1.6202437186146885,0.6554807318766093,1,Newer / Developing Customers
0.5210249989521962,-0.026604447266684032,0,Loyal Established Customers
0.6366774675121859,-0.4322194061378612,0,Loyal Established Customers
0.965540176059433,-1.287017628028709,0,Loyal Established Customers
-1.2158636635671707,0.6192736005691793,1,Newer / Developing Customers
-1.2896917158730048,-0.20756684014080362,1,Newer / Developing Customers
-0.43111840231087223,-0.49935273679653797,1,Newer / Developing Customers
-1.5125148596292695,0.05354191031596529,1,Newer / Developing Customers
0.3666578376445402,-0.5056193156516953,0,Loyal Established Customers
-1.2549141314743566,-0.5403989649633183,1,Newer / Developing Customers
1.162716286078164,-0.9185868182978897,0,Loyal Established Customers
-0.08858625571504225,-0.42856648838892886,0,Loyal Established Customers
-1.0555083954758282,-0.38076583897072075,1,Newer / Developing Customers
-0.1638684518377966,0.12044455746452565,1,Newer / Developing Customers
1.2557811111810033,-1.270060570159631,0,Loyal Established Customers
-0.10982082518174711,0.25765541676473547,1,Newer / Developing Customers
0.2102201622388966,-0.29942687607632407,0,Loyal Established Customers
0.8050231165161995,-0.884569692558243,0,Loyal Established Customers
1.224471837213669,-1.503348003139231,0,Loyal Established Customers
0.7805824440637393,-0.6946417555291009,0,Loyal Established Customers
1.1682776553809884,2.4721416100861116,2,Senior High-Risk Customers
-0.40056912844733183,-0.747940839001332,0,Loyal Established Customers
0.8142742265581949,-1.3313620228795415,0,Loyal Established Customers
-1.9378757137801843,0.40477288785289556,1,Newer / Developing Customers
0.1338299302143827,-0.4224673691824626,0,Loyal Established Customers
1.4670539454611866,1.8389507419464524,2,Senior High-Risk Customers
-0.7724137653447383,-1.040289101739977,0,Loyal Established Customers
0.1773236240175013,0.318988795896887,1,Newer / Developing Customers
-2.0068139430273653,0.48946697801538913,1,Newer / Developing Customers
1.009317046107285,1.4846232157989088,2,Senior High-Risk Customers
-0.873601385922269,0.16975263146938108,1,Newer / Developing Customers
-1.9565532721831618,0.6365434861925207,1,Newer / Developing Customers
-1.44045065796377,-0.11406524240448732,1,Newer / Developing Customers
-0.4261219575982623,-0.6933035215051269,0,Loyal Established Customers
1.3656219153087323,-1.0818100629937892,0,Loyal Established Customers
-0.8142741492535024,0.1944382517159553,1,Newer / Developing Customers
-0.5775946370411006,0.35721780545387044,1,Newer / Developing Customers
0.7030255445917902,-1.259418303261468,0,Loyal Established Customers
-0.5945871769341057,-1.0973834906095927,0,Loyal Established Customers
-0.5977082578075122,-0.6382767338374279,1,Newer / Developing Customers
-2.0030269872155197,0.47960132913846754,1,Newer / Developing Customers
-1.0040080251517147,0.2736232317831747,1,Newer / Developing Customers
-0.1263545105611118,0.5742293395114151,1,Newer / Developing Customers
-0.13881474035313443,-0.4855142830560168,0,Loyal Established Customers
0.8819427859555462,-1.4424676632842488,0,Loyal Established Customers
0.13659156815429382,-0.2746481534695562,0,Loyal Established Customers
-0.9910671947858103,-0.6385223008566109,1,Newer / Developing Customers
-0.6199848595942197,0.6160536095368099,1,Newer / Developing Customers
-0.5357456258358607,-1.2899680296363807,0,Loyal Established Customers
-0.7327938620480317,0.2256998425513136,1,Newer / Developing Customers
-0.6605022433662538,0.4603456982318892,1,Newer / Developing Customers
-0.20184024198267334,0.12276133510580231,1,Newer / Developing Customers
-0.17809911787973237,-0.2113290290541675,1,Newer / Developing Customers
-0.00018368117520834587,-0.4303578378064673,0,Loyal Established Customers
-0.8950374323554104,-0.8167062805782417,1,Newer / Developing Customers
-0.8364921456034473,0.4715765777348907,1,Newer / Developing Customers
-0.9187832823424474,-0.9616627112155244,1,Newer / Developing Customers
0.3227920709662093,-0.5515463615651248,0,Loyal Established Customers
-0.7488830376485066,-0.13418595968494668,1,Newer / Developing Customers
-0.4811240074616229,0.5817557691364527,1,Newer / Developing Customers
-0.5628895006893495,-0.2912269398025488,1,Newer / Developing Customers
-1.3114496023294713,0.3450651109552771,1,Newer / Developing Customers
-0.6745289239097502,-0.07002458750700713,1,Newer / Developing Customers
-1.3420344482200286,0.5989263004925062,1,Newer / Developing Customers
-1.7936792756578805,0.2299539306535821,1,Newer / Developing Customers
-1.2408831305133505,0.643159387657545,1,Newer / Developing Customers
0.9809710679764955,-0.8715137846685568,0,Loyal Established Customers
-0.3494568823725039,0.25530510127879263,1,Newer / Developing Customers
-0.05267983395827475,1.9371620431786176,2,Senior High-Risk Customers
0.8751302836190473,-1.1585748851868478,0,Loyal Established Customers
0.5507151535436327,-1.0913881038017252,0,Loyal Established Customers
-0.15603849015543617,-0.3775923047802043,0,Loyal Established Customers
-0.4461576734114205,0.5247831517848093,1,Newer / Developing Customers
0.3102529933622391,-0.5887625713207401,0,Loyal Established Customers
0.2620947100195405,-0.25840858345097534,0,Loyal Established Customers
-0.06807452589570365,-1.2012743030465702,0,Loyal Established Customers
-0.3780323072970936,-1.314621346945077,0,Loyal Established Customers
1.6264894305112918,1.6721095323738275,2,Senior High-Risk Customers
-1.8140554873594943,0.410248107937789,1,Newer / Developing Customers
1.0613301003201725,-1.2114058376350096,0,Loyal Established Customers
-1.7641995174731537,0.40536378033354087,1,Newer / Developing Customers
-0.3570478593388096,-0.342475638188837,1,Newer / Developing Customers
-0.25676954213976283,0.34438092943312626,1,Newer / Developing Customers
-0.8059729076670552,-1.019443455524842,0,Loyal Established Customers
-0.29834409477359897,-0.9957736972916346,0,Loyal Established Customers
-1.0811588514442203,-0.5873269914626259,1,Newer / Developing Customers
0.8662217277978779,-0.3461918258020405,0,Loyal Established Customers
-0.7318907336666598,0.34540684254665294,1,Newer / Developing Customers
0.6811324793658126,-0.5587329668337931,0,Loyal Established Customers
1.617961471015123,-1.3938481732927779,0,Loyal Established Customers
-0.3129801478841882,-1.2554408639443007,0,Loyal Established Customers
-1.891025886099308,0.5692999761856876,1,Newer / Developing Customers
1.4432725780191724,0.497190515704672,2,Senior High-Risk Customers
-0.25034947189540313,-0.24619441648002421,1,Newer / Developing Customers
-0.49781279105840504,0.3781575850836915,1,Newer / Developing Customers
1.6379240316554236,-1.384353878183744,0,Loyal Established Customers
-0.6221257522635137,0.6099897563719922,1,Newer / Developing Customers
0.21540381076046472,2.556842638491888,2,Senior High-Risk Customers
1.1339283700045408,-1.5076205068865103,0,Loyal Established Customers
-1.6625996966293255,0.33224348252737174,1,Newer / Developing Customers
0.3293315862579708,-0.5232445494738156,0,Loyal Established Customers
1.2751528808034123,1.686235123364694,2,Senior High-Risk Customers
-0.7837144694414315,0.6323018703555789,1,Newer / Developing Customers
-0.9253615097319787,-0.09142354684243473,1,Newer / Developing Customers
-1.9998423391100961,0.4973578436401166,1,Newer / Developing Customers
-0.38612525554224764,0.35620309841749587,1,Newer / Developing Customers
-1.0318393349683679,0.1145162375361582,1,Newer / Developing Customers
-0.6138057555068499,-0.2540199520508604,1,Newer / Developing Customers
-0.49360004422793324,0.27346272592785686,1,Newer / Developing Customers
1.4776461241710597,-1.0116344571812017,0,Loyal Established Customers
-0.6020124823916483,0.5775486848110725,1,Newer / Developing Customers
-1.7580224717181547,0.20749198568809082,1,Newer / Developing Customers
-1.2758165922466511,0.566193462871825,1,Newer / Developing Customers
2.8292633011107613,0.6873287077085026,2,Senior High-Risk Customers
-0.1579879063402375,0.42843166632713275,1,Newer / Developing Customers
2.865546202527788,0.5191200081090768,2,Senior High-Risk Customers
1.6835525584770052,1.6996347469189812,2,Senior High-Risk Customers
-0.06987150457765336,-0.1410875619839501,1,Newer / Developing Customers
-0.04282059468279739,0.36650930194934245,1,Newer / Developing Customers
0.11625152264389493,0.15640713143748422,1,Newer / Developing Customers
-0.6619137107786033,-1.1816498749081252,0,Loyal Established Customers
-0.04978812666837064,0.039149379834730186,1,Newer / Developing Customers
-1.0531700945945808,-0.8073180464634585,1,Newer / Developing Customers
0.19529805955244336,-0.39171789577107063,0,Loyal Established Customers
-1.7448956361438572,0.4674749831088036,1,Newer / Developing Customers
0.0937208764907687,-1.2935176614454318,0,Loyal Established Customers
-1.0729528690599346,-0.597677471825942,1,Newer / Developing Customers
-1.7471827335236103,0.41729903003569474,1,Newer / Developing Customers
-0.4617402413150423,0.4252079143047102,1,Newer / Developing Customers
2.204557983949806,1.0529831036370056,2,Senior High-Risk Customers
-1.9306628630617215,0.6422359855894508,1,Newer / Developing Customers
-1.7062758060671634,0.3208485873114531,1,Newer / Developing Customers
-0.434224537820592,-0.2876337976103786,1,Newer / Developing Customers
-1.4699311022592871,-0.06540783643703937,1,Newer / Developing Customers
-2.024410207581419,0.5355568340198658,1,Newer / Developing Customers
-0.12318054904842252,-0.0445398832686617,1,Newer / Developing Customers
-0.8161534723146289,0.4886558041226637,1,Newer / Developing Customers
0.6934906257257122,2.5050392418710645,2,Senior High-Risk Customers
-1.022484546252182,-0.7945254472741837,1,Newer / Developing Customers
1.8918125974358397,1.6546817908294968,2,Senior High-Risk Customers
-2.0254539630175485,0.5238641726830344,1,Newer / Developing Customers
-0.9961766912477739,-0.6725481417563683,1,Newer / Developing Customers
-1.9363518401281952,0.6662352503963235,1,Newer / Developing Customers
-1.4798868264603149,0.4231215004570599,1,Newer / Developing Customers
-1.7048171059215758,0.5731936614618465,1,Newer / Developing Customers
1.3315570389749234,1.9934456346811453,2,Senior High-Risk Customers
0.22019033047976105,-0.5673326295088295,0,Loyal Established Customers
0.17080060181081766,-0.684830851200665,0,Loyal Established Customers
-1.0383291339636038,0.0046936591534610175,1,Newer / Developing Customers
2.05678994821762,1.4515294921273563,2,Senior High-Risk Customers
1.7333605392689746,2.230606579536851,2,Senior High-Risk Customers
-1.627847393292552,0.6382090488613547,1,Newer / Developing Customers
-0.7862314747592436,0.6186530859120223,1,Newer / Developing Customers
-0.7936744693269232,-0.5572913370268443,1,Newer / Developing Customers
-1.6312722064607867,0.16981418005813378,1,Newer / Developing Customers
0.5999158201008801,-0.9619149190398454,0,Loyal Established Customers
0.9936625076778148,-1.3742934364404011,0,Loyal Established Customers
1.6104103864933434,-1.3437139332108752,0,Loyal Established Customers
0.4067420605059114,-0.1948470817114989,0,Loyal Established Customers
-1.1168156553839461,-0.5648650464971348,1,Newer / Developing Customers
-1.1318781492139989,0.42586676629849013,1,Newer / Developing Customers
0.7154801264777685,-1.4296627136757458,0,Loyal Established Customers
-1.1962795462288702,-0.6131262760121399,1,Newer / Developing Customers
-0.21008914189885028,0.4313918420719048,1,Newer / Developing Customers
-0.3814525095646207,-1.3568965379713995,0,Loyal Established Customers
-0.3400994725196379,0.35350426777499555,1,Newer / Developing Customers
-0.9662857458006912,0.15941627455728408,1,Newer / Developing Customers
1.242699480139326,2.076325581649779,2,Senior High-Risk Customers
0.7615719676541756,-1.3942784500750125,0,Loyal Established Customers
1.2007300269999375,-0.9451903833318541,0,Loyal Established Customers
2.1760119560551217,1.4943888689073617,2,Senior High-Risk Customers
-1.318077965915124,0.47869771874665196,1,Newer / Developing Customers
1.194920015433461,-0.8493854121523406,0,Loyal Established Customers
0.16396797208252173,-0.302675560626395,0,Loyal Established Customers
-0.0060413995708550605,-0.7079420043410146,0,Loyal Established Customers
1.0507256356435284,-1.3467682218952477,0,Loyal Established Customers
1.8058838418949787,0.6375072953808635,2,Senior High-Risk Customers
-0.7934345161738751,-0.7581599901218194,1,Newer / Developing Customers
-0.7221900834821777,0.5851294824589583,1,Newer / Developing Customers
-0.7431870404544081,0.6236682971950764,1,Newer / Developing Customers
0.4705637731635044,-1.095420534460646,0,Loyal Established Customers
0.48074179712068543,0.29034082924788285,1,Newer / Developing Customers
0.45810713294515537,-0.25297435710414834,0,Loyal Established Customers
1.1985478696645369,-1.1510347047513911,0,Loyal Established Customers
-1.8428685695116038,0.5129392275260213,1,Newer / Developing Customers
-0.5966905311906047,-1.3008207474463904,0,Loyal Established Customers
-0.2679883733371441,0.048249482564546795,1,Newer / Developing Customers
0.6495550595636764,-0.732526517763396,0,Loyal Established Customers
-1.698648337532394,0.09452997344466882,1,Newer / Developing Customers
-1.0604570225078493,-0.5681414139855004,1,Newer / Developing Customers
1.9083871420147251,1.7120296084222515,2,Senior High-Risk Customers
-0.053405249573666526,-0.047610067679049524,1,Newer / Developing Customers
-0.47303517588121025,0.2553348576583203,1,Newer / Developing Customers
-1.2016407037636498,0.3932609210483834,1,Newer / Developing Customers
0.7782714378436917,-0.5541545287405254,0,Loyal Established Customers
-0.035593626817649444,0.12016185873058988,1,Newer / Developing Customers
0.05625764839735642,2.221001432283716,2,Senior High-Risk Customers
-0.7274452135271982,0.22999716898314804,1,Newer / Developing Customers
0.28716539490022425,0.2332460638526298,1,Newer / Developing Customers
0.3346966140106281,0.32263206982689824,1,Newer / Developing Customers
-1.799832527555974,0.18423542841699314,1,Newer / Developing Customers
-1.830178502031865,0.45829408704899083,1,Newer / Developing Customers
-1.8131902378233238,0.23477283883593122,1,Newer / Developing Customers
1.770926180838185,0.9782729395618972,2,Senior High-Risk Customers
0.9356142999630778,-1.312841735262778,0,Loyal Established Customers
-1.6395140415162932,0.2353637313165766,1,Newer / Developing Customers
-0.7252337693165994,-0.7926442372008237,0,Loyal Established Customers
1.1652346636175563,-1.3530725451491465,0,Loyal Established Customers
0.33763646215113724,-0.8598709341852386,0,Loyal Established Customers
-1.2601780483660399,0.6377728226066034,1,Newer / Developing Customers
-0.6011394818840173,-0.06507479564585186,1,Newer / Developing Customers
-1.805761342792107,0.46203046333919573,1,Newer / Developing Customers
0.7327514900396074,2.424518301188563,2,Senior High-Risk Customers
0.19383848397630676,-1.4253187200826472,0,Loyal Established Customers
2.170903145703948,1.2362957723601973,2,Senior High-Risk Customers
0.7856919405257028,-0.6606159146293433,0,Loyal Established Customers
0.02162888337303756,0.38954473343517976,1,Newer / Developing Customers
1.3143352404818036,-0.8471344509336857,0,Loyal Established Customers
-0.7007418789296358,-0.467031739837995,1,Newer / Developing Customers
-1.1187212745353405,-0.4964842395745864,1,Newer / Developing Customers
-0.014844565148040247,-1.2503030627819058,0,Loyal Established Customers
-1.0171221398023023,-0.3455372817333489,1,Newer / Developing Customers
0.07342249127406857,-0.6596807748260094,0,Loyal Established Customers
-1.2532182226188815,0.4073464786817265,1,Newer / Developing Customers
0.6932159187216196,-1.2389440108142207,0,Loyal Established Customers
1.6055813218329527,1.5487139272272619,2,Senior High-Risk Customers
1.0317945537330266,2.1799680622937196,2,Senior High-Risk Customers
1.1820139036409683,-0.7845347984420193,0,Loyal Established Customers
0.07047562300593471,-0.25903129250076834,0,Loyal Established Customers
-1.506105926177276,0.02551657660035938,1,Newer / Developing Customers
-0.6055833938907405,0.5772088604547032,1,Newer / Developing Customers
0.7893503280971059,-0.3740759988608448,0,Loyal Established Customers
-0.1702279834778576,-0.029483972441503546,1,Newer / Developing Customers
1.3709484228384436,-1.3319829345374212,0,Loyal Established Customers
-0.6731967336722348,-0.19347571565341365,1,Newer / Developing Customers
0.7614921978202797,-1.1226922754476525,0,Loyal Established Customers
0.37156311269690623,-1.2480052693635986,0,Loyal Established Customers
-0.6784503765122869,-0.9438154234036823,0,Loyal Established Customers
0.3596838947506968,0.20861756922848912,1,Newer / Developing Customers
-0.1929344306046649,0.20664729831062204,1,Newer / Developing Customers
-0.7139512287809902,0.4408404599582788,1,Newer / Developing Customers
1.115641635560964,-1.4960413232681857,0,Loyal Established Customers
-1.8897559356052747,0.5457855428652094,1,Newer / Developing Customers
0.8749940091401894,-1.4199555865809168,0,Loyal Established Customers
-0.8084970100039275,0.23257182267380525,1,Newer / Developing Customers
-0.9949414593271517,0.15123234385261755,1,Newer / Developing Customers
-1.1023949604753205,-0.5190596622585846,1,Newer / Developing Customers
-1.354281378142458,0.4252462272814102,1,Newer / Developing Customers
1.1977607370964782,-0.7490851154193874,0,Loyal Established Customers
-1.1081518554913568,0.3920913367448801,1,Newer / Developing Customers
-1.2207229631244911,0.473070683606629,1,Newer / Developing Customers
-1.0932814971337637,-0.7790981826791382,1,Newer / Developing Customers
1.2431195634422667,-0.9799589317673868,0,Loyal Established Customers
-1.1533391960648114,0.028279561844672924,1,Newer / Developing Customers
-0.1479631343439639,0.5806645464441202,1,Newer / Developing Customers
0.9345513153218022,-1.4091845299202663,0,Loyal Established Customers
2.090714540431019,1.7355969238912168,2,Senior High-Risk Customers
-1.0479334021137547,-0.6215632589143077,1,Newer / Developing Customers
0.05873816842490473,-0.3335657976938659,0,Loyal Established Customers
-0.823792999663713,0.526583192002536,1,Newer / Developing Customers
-1.7334774303487444,0.1388900529802822,1,Newer / Developing Customers
-1.1437112997185697,0.5137992836134494,1,Newer / Developing Customers
0.5144363240583019,-1.2426484606921844,0,Loyal Established Customers
2.166665963638825,0.7837137066509225,2,Senior High-Risk Customers
-1.0561659227981073,0.5286465409206741,1,Newer / Developing Customers
-0.3532445242951399,0.4892380058031209,1,Newer / Developing Customers
0.8053663568478157,-0.7430462191421406,0,Loyal Established Customers
-0.7806612930393346,-1.179793106068688,0,Loyal Established Customers
-1.7730731426450506,0.41160653063876446,1,Newer / Developing Customers
1.8256420293694475,-1.3807760236756317,0,Loyal Established Customers
0.4815635796938128,-0.867823085601012,0,Loyal Established Customers
-1.9518953741960559,0.656256123800895,1,Newer / Developing Customers
-1.5375527641396443,-0.0919498285223283,1,Newer / Developing Customers
0.6336327603507298,-0.33392300365061156,0,Loyal Established Customers
-0.22560048976059924,0.5115414289865196,1,Newer / Developing Customers
-1.8643171249586916,0.5371648389707563,1,Newer / Developing Customers
-0.7164641174340609,-0.917211858369718,0,Loyal Established Customers
0.9708590074824821,2.228841115665694,2,Senior High-Risk Customers
-0.44075030447043656,-0.3951844221183038,1,Newer / Developing Customers
0.7986114833540906,-0.9852098136475659,0,Loyal Established Customers
1.380756097399432,1.5960448369059752,2,Senior High-Risk Customers
-0.4794198652766654,-1.159305854987383,0,Loyal Established Customers
-0.04649576807565084,2.521143770220064,2,Senior High-Risk Customers
1.1699776809012046,2.0754835198467165,2,Senior High-Risk Customers
-0.2661487577675069,-1.260291301538168,0,Loyal Established Customers
-0.406026070675033,-1.5237511031788047,0,Loyal Established Customers
0.6050246304520533,-0.7038218224926811,0,Loyal Established Customers
1.7313835125011368,-1.4195253097986824,0,Loyal Established Customers
-1.896313888461231,0.34810620484724075,1,Newer / Developing Customers
-1.83016644321755,0.6466853130359032,1,Newer / Developing Customers
-0.5319849276798785,-0.20990034260432833,1,Newer / Developing Customers
1.2497073484726027,-1.5374392634608876,0,Loyal Established Customers
2.6963296113485145,0.941892008044163,2,Senior High-Risk Customers
0.34360311149942696,0.1824507773843112,1,Newer / Developing Customers
-1.1199946555833251,0.6473664719829253,1,Newer / Developing Customers
0.9529752909992312,-1.4333762513546207,0,Loyal Established Customers
-0.6381641943264569,-1.1820212286760128,0,Loyal Established Customers
-1.3206211743167593,0.3529053872751364,1,Newer / Developing Customers
0.27826095574379606,-0.2987744106470033,0,Loyal Established Customers
-0.3816558089522697,-1.3823670943986035,0,Loyal Established Customers
-0.4386442505038221,-0.06308171047657748,1,Newer / Developing Customers
1.1798743831932548,-1.2387331629016511,0,Loyal Established Customers
0.8985036874226756,-1.1665311702334744,0,Loyal Established Customers
-0.9387442670083994,0.5783000831470356,1,Newer / Developing Customers
-1.551935792278929,0.11627244648643778,1,Newer / Developing Customers
0.9476943087649337,-0.872716501006171,0,Loyal Established Customers
0.10347624950007633,-0.7061949765899539,0,Loyal Established Customers
-0.36356512661626045,2.1599930446437443,2,Senior High-Risk Customers
-0.8409419414273728,-1.0911362929781272,0,Loyal Established Customers
0.5575605281970333,-1.5092194240364898,0,Loyal Established Customers
-0.34534410715003705,-1.365045279645508,0,Loyal Established Customers
0.21777193287146598,-0.5736283718056334,0,Loyal Established Customers
-1.2211459732900032,0.6031333848178864,1,Newer / Developing Customers
1.2151650214746592,2.4392952947469237,2,Senior High-Risk Customers
-0.23977449371475504,-0.072295290924901,1,Newer / Developing Customers
-1.4828365279409894,-0.22462447837412475,1,Newer / Developing Customers
-1.2647951245281779,0.2700064930034047,1,Newer / Developing Customers
0.3304530531956254,-0.11093629582212391,0,Loyal Established Customers
-1.6401026005807986,0.1837370822785312,1,Newer / Developing Customers
-0.008628984093499346,2.404276380968089,2,Senior High-Risk Customers
0.5574165776115133,1.9954314898074756,2,Senior High-Risk Customers
-0.5349172286016951,-1.4921371507136654,0,Loyal Established Customers
1.9507444922509425,1.5871323464766753,2,Senior High-Risk Customers
-0.8708363174284067,-0.802764431054746,1,Newer / Developing Customers
-0.4248408703118624,-1.2793679670231497,0,Loyal Established Customers
-1.1615530503483273,-0.4163031232484534,1,Newer / Developing Customers
0.6258397876500125,-1.3142282174276854,0,Loyal Established Customers
-0.44296753641967546,-1.2499983788927955,0,Loyal Established Customers
0.09123274180850519,-0.043774337121556726,1,Newer / Developing Customers
-0.3294950078429937,0.4888666520352334,1,Newer / Developing Customers
1.8638272711401513,0.7543365675932965,2,Senior High-Risk Customers
-0.6870133977583113,0.3128978362868703,1,Newer / Developing Customers
0.20952033324517383,-0.39366331964445983,0,Loyal Established Customers
-1.1221321176986683,-0.4790336594189259,1,Newer / Developing Customers
-1.3375798496205715,0.593168381673677,1,Newer / Developing Customers
-0.7843939175219771,-0.017685931248472363,1,Newer / Developing Customers
-1.9711902920487452,0.6508695587499533,1,Newer / Developing Customers
-0.3355919485478528,-0.8368505944463009,0,Loyal Established Customers
-0.2605631126126468,-0.6017482154615625,0,Loyal Established Customers
-0.2523179238946248,0.25988353937206043,1,Newer / Developing Customers
-0.6946526444631916,0.30089924060405043,1,Newer / Developing Customers
-1.4552943630379076,-0.029807925431780062,1,Newer / Developing Customers
0.6169319179396332,-0.7259124136902849,0,Loyal Established Customers
1.1431867808183651,-1.2224852990836046,0,Loyal Established Customers
1.7490679392382913,-1.4034823300384363,0,Loyal Established Customers
0.7475217291649309,-0.706049945100006,0,Loyal Established Customers
1.3276963365700598,-0.9930736621951021,0,Loyal Established Customers
0.5674705294597959,-1.3571216546274696,0,Loyal Established Customers
1.5957716959627821,1.5691882196745093,2,Senior High-Risk Customers
1.6873509317254207,1.077293102281823,2,Senior High-Risk Customers
1.1934793020507293,0.7431860593024514,2,Senior High-Risk Customers
0.48326154688165834,-0.5922794088981872,0,Loyal Established Customers
-1.1605204317045645,0.15793955028592235,1,Newer / Developing Customers
0.21526263379206903,-0.029490890209701213,1,Newer / Developing Customers
1.684179607632704,-1.4765069944761513,0,Loyal Established Customers
0.9108725203753094,2.5337667757531097,2,Senior High-Risk Customers
-0.41411332628109715,0.3521268977709217,1,Newer / Developing Customers
-0.7786502176306781,0.3059148488878274,1,Newer / Developing Customers
1.6845521223844555,-1.4146748722048152,0,Loyal Established Customers
1.4369334799324092,2.3018695615685476,2,Senior High-Risk Customers
-0.12545000995815936,0.24580182821194074,1,Newer / Developing Customers
-0.9038675905642644,0.17222511547401903,1,Newer / Developing Customers
0.8660644039052746,-1.2602512529036973,0,Loyal Established Customers
-0.19315983402161785,0.1571270003619292,1,Newer / Developing Customers
-0.4268069833345098,-1.4954177616759774,0,Loyal Established Customers
-0.6864053974127989,0.49032922849545335,1,Newer / Developing Customers
-0.1605051923022532,0.46470886544626805,1,Newer / Developing Customers
-1.0760486688714663,-0.7773684062102751,1,Newer / Developing Customers
-0.5544574735103661,0.5488100995299766,1,Newer / Developing Customers
1.371848227689053,2.184360640643376,2,Senior High-Risk Customers
-0.5996555454096005,0.5734070647425994,1,Newer / Developing Customers
-0.9135080696386754,0.32014156717797215,1,Newer / Developing Customers
-0.19249219123400657,0.16123473042002157,1,Newer / Developing Customers
-0.6769678122594504,0.14280094827958195,1,Newer / Developing Customers
-0.8797099426003037,-0.7965216807495225,1,Newer / Developing Customers
0.29029543925023826,-0.16913605519521388,0,Loyal Established Customers
-1.317466579748706,0.5607273101127573,1,Newer / Developing Customers
-0.2723584841788088,2.4848412014813377,2,Senior High-Risk Customers
0.1573634023537751,-0.4126332497170592,0,Loyal Established Customers
1.1582972595057237,-0.9181019868114952,0,Loyal Established Customers
0.31768051617187504,0.0866295644773376,1,Newer / Developing Customers
-1.5672301290729305,-0.08777667904233696,1,Newer / Developing Customers
1.9933336937742014,0.7005790319389731,2,Senior High-Risk Customers
1.5236947493721775,1.7724714020554564,2,Senior High-Risk Customers
-0.1381535084737932,0.5601902539968724,1,Newer / Developing Customers
-0.366818278875244,0.5499808894553502,1,Newer / Developing Customers
-0.24484415290593903,2.2201340008610626,2,Senior High-Risk Customers
-0.8596195445633961,0.16556878275605355,1,Newer / Developing Customers
-0.3941564582798866,0.15656763729280213,1,Newer / Developing Customers
-0.9671107124809055,-0.7587508826024647,1,Newer / Developing Customers
-1.2639834417420803,0.4782609455568655,1,Newer / Developing Customers
1.0670646946286526,-1.4050196742397405,0,Loyal Established Customers
0.5114642897116813,-0.15027417019009057,0,Loyal Established Customers
0.5381844682888678,-0.7948853031652582,0,Loyal Established Customers
-1.2852159528764142,0.4922810837683096,1,Newer / Developing Customers
-0.718746368001948,0.43374036016593426,1,Newer / Developing Customers
0.9131007015423436,-0.7127571515333108,0,Loyal Established Customers
0.004472844590317351,0.03748931109672052,1,Newer / Developing Customers
-1.6482128870415433,0.03162054013379036,1,Newer / Developing Customers
1.531945021509935,1.015706383794541,2,Senior High-Risk Customers
-0.2552771685830951,0.29164732281910416,1,Newer / Developing Customers
1.0061952065319049,-1.3180635266245329,0,Loyal Established Customers
0.17618624344526362,-1.35123298633285,0,Loyal Established Customers
-0.9011025220704021,-0.800291947050108,1,Newer / Developing Customers
-1.9362239579985427,0.5938969413983102,1,Newer / Developing Customers
-1.5551204403843522,0.09851593198478872,1,Newer / Developing Customers
-1.977118140529885,0.6546713544620572,1,Newer / Developing Customers
-0.18699516468695518,-0.40963049316171835,0,Loyal Established Customers
-1.7025244222823348,0.3162560257669663,1,Newer / Developing Customers
2.190542676109834,0.9350712995324283,2,Senior High-Risk Customers
-0.5812260808458497,-1.2433227018710091,0,Loyal Established Customers
0.4299456698578352,2.261202619993573,2,Senior High-Risk Customers
-0.9685903732708586,0.28088980128560664,1,Newer / Developing Customers
-0.16622470270905437,-0.09948107811440796,1,Newer / Developing Customers
-0.6299957503549662,-0.9949983053673487,0,Loyal Established Customers
0.8475951388435902,-0.5715379164422965,0,Loyal Established Customers
-1.482174038823456,0.3200184303635964,1,Newer / Developing Customers
0.5914522480935299,-1.091213450135266,0,Loyal Established Customers
-0.4452733002002653,0.29461815296220406,1,Newer / Developing Customers
-1.7781723953554192,0.46627226677118944,1,Newer / Developing Customers
-0.5313746330908373,0.2703377764938981,1,Newer / Developing Customers
-1.6416125042278806,0.40812016869398465,1,Newer / Developing Customers
-1.535242444030387,-0.008369799663497095,1,Newer / Developing Customers
-1.2882111652194936,0.5263168210901256,1,Newer / Developing Customers
-0.5491026499924206,-1.4634978748648495,0,Loyal Established Customers
-1.2386047061270062,0.4095423139012634,1,Newer / Developing Customers
-0.6674838924985123,0.6167963170725849,1,Newer / Developing Customers
-1.4079644769293749,-0.15799279222426052,1,Newer / Developing Customers
-1.9185395312613882,0.6099399211585564,1,Newer / Developing Customers
0.8096568151798127,-0.4471254859831149,0,Loyal Established Customers
1.1398655775898798,-1.4516965314166304,0,Loyal Established Customers
-0.31250835176719116,-0.26152857871487617,1,Newer / Developing Customers
-0.7391726228932387,-0.008878820675372469,1,Newer / Developing Customers
-1.2140918550956772,-0.5568309467743726,1,Newer / Developing Customers
-1.2084404164419986,-0.38345680790926545,1,Newer / Developing Customers
1.1431781078249559,-1.5062783259129948,0,Loyal Established Customers
1.602612031929493,1.7448191951397287,2,Senior High-Risk Customers
1.1510586013310298,-1.2647074981183473,0,Loyal Established Customers
0.9826512837109368,-0.9894148895397984,0,Loyal Established Customers
-0.9603528907912516,0.5847352900797409,1,Newer / Developing Customers
-0.4840832521500932,0.6135195525834963,1,Newer / Developing Customers
1.7280195668548033,-1.539722362133018,0,Loyal Established Customers
0.07939051284393872,-0.06549357455127305,1,Newer / Developing Customers
-0.48342496846668126,0.5579015114596053,1,Newer / Developing Customers
-1.9118067987587852,0.5976333176885151,1,Newer / Developing Customers
1.4169172631290698,-1.0326926482245022,0,Loyal Established Customers
1.9999237408896766,1.4684885340696596,2,Senior High-Risk Customers
1.4541448533143746,1.8250618844145374,2,Senior High-Risk Customers
0.5485715164311777,-0.2011829343769162,0,Loyal Established Customers
-0.11574798755209678,0.037389956829432615,1,Newer / Developing Customers
-1.7131202139655701,0.4646866683361188,1,Newer / Developing Customers
2.8288586001528984,0.5353678719271232,2,Senior High-Risk Customers
1.4928253633383988,-1.5121545667772958,0,Loyal Established Customers
-0.49508333932460546,0.4358480872865546,1,Newer / Developing Customers
0.30937632638949886,0.19918869354135396,1,Newer / Developing Customers
1.4727120934665332,-1.4797134952163762,0,Loyal Established Customers
0.6656694012426382,-1.0643655237039884,0,Loyal Established Customers
1.2825083098858148,-1.1328181814479028,0,Loyal Established Customers
-1.762553454330602,0.38943427829180155,1,Newer / Developing Customers
0.6911896647206539,2.4811849841942175,2,Senior High-Risk Customers
-0.854258387028616,-0.8408184143044697,1,Newer / Developing Customers
0.5396368344176208,-1.5484610063491677,0,Loyal Established Customers
0.07006804871694075,1.7865686974240396,2,Senior High-Risk Customers
2.213468834014504,0.5434067711418418,2,Senior High-Risk Customers
-0.5652917228185885,-1.4535349899968815,0,Loyal Established Customers
-0.09600808588558835,-0.8989050685998528,0,Loyal Established Customers
-0.5620912313289247,-1.2557265413320973,0,Loyal Established Customers
-1.1124163466506887,-0.7666943432180501,1,Newer / Developing Customers
-0.4886744058726119,0.4078227535709486,1,Newer / Developing Customers
1.798707864811878,-1.3981611844093933,0,Loyal Established Customers
1.1830499528386826,-1.3306284031446778,0,Loyal Established Customers
0.9884626674989937,-1.5333543720141252,0,Loyal Established Customers
1.8112082910923193,1.0595361907794512,2,Senior High-Risk Customers
-1.1592548337864303,0.5038201570180209,1,Newer / Developing Customers
-0.8833790614974862,-0.6946528564051913,1,Newer / Developing Customers
0.5672611783815155,-1.2694967841241847,0,Loyal Established Customers
-0.5016788305933566,0.4355421529405661,1,Newer / Developing Customers
1.3202647418287277,-1.3489967415032953,0,Loyal Established Customers
-1.1293577133422357,-0.6808207274949868,1,Newer / Developing Customers
-0.4238411239850012,-0.5711867513514102,1,Newer / Developing Customers
-1.3537028642929418,0.6412143607848787,1,Newer / Developing Customers
-1.986033030367889,0.46113363651256184,1,Newer / Developing Customers
-0.4622679431586864,0.5371531012355166,1,Newer / Developing Customers
2.9149039570664805,0.5876441261407498,2,Senior High-Risk Customers
-0.628062959848853,0.5540657809021126,1,Newer / Developing Customers
1.571121002438446,-1.4986494904435868,0,Loyal Established Customers
-1.2512806293372365,0.38793977541934066,1,Newer / Developing Customers
0.9519385556907267,-0.6632153910045557,0,Loyal Established Customers
0.5150948883859178,-1.348192485378768,0,Loyal Established Customers
0.2528114137714337,0.09825503336027948,1,Newer / Developing Customers
-0.5402706798980601,0.07203631238634733,1,Newer / Developing Customers
0.42455574159429904,-0.6992769222440794,0,Loyal Established Customers
1.3376975459479112,2.074840166578229,2,Senior High-Risk Customers
0.6735429130759326,0.7627326727647609,2,Senior High-Risk Customers
1.1088291332244649,-1.2121485451707847,0,Loyal Established Customers
0.8089955833004717,-1.492830023036005,0,Loyal Established Customers
0.0025396038845717957,-0.31249902569347043,0,Loyal Established Customers
-0.9308694661414152,0.6148173553545295,1,Newer / Developing Customers
-0.9959733918601248,-0.6470775853291648,1,Newer / Developing Customers
-0.47827711080149404,-1.3345492349572545,0,Loyal Established Customers
-1.1310470075366723,-0.6725713773684213,1,Newer / Developing Customers
2.0565759622372375,0.7895331984184274,2,Senior High-Risk Customers
-0.2622779237801164,-0.9297096680103627,0,Loyal Established Customers
1.7638787719955276,-1.3538011048737801,0,Loyal Established Customers
-1.0358328974153332,-0.684262265673262,1,Newer / Developing Customers
1.8735594214199547,1.3082551766630515,2,Senior High-Risk Customers
-0.9015791209629306,-0.22573344274768564,1,Newer / Developing Customers
0.6425385717287383,-0.2500370404457919,0,Loyal Established Customers
-1.7071823202694407,0.29654338815859194,1,Newer / Developing Customers
0.2042500823366559,-0.2214123094088405,0,Loyal Established Customers
-0.7921638795690511,-1.0057416790897047,0,Loyal Established Customers
0.8668907428070697,-0.7902186070387615,0,Loyal Established Customers
1.092953045417722,-0.7271254079005895,0,Loyal Established Customers
0.8849020306440166,-1.4742314467312927,0,Loyal Established Customers
-1.6389117338098709,0.20774156793800597,1,Newer / Developing Customers
2.7077631593701144,0.6510180155797095,2,Senior High-Risk Customers
-1.2025271176969539,-0.1368696525777013,1,Newer / Developing Customers
-0.79854812930058,0.552217702862863,1,Newer / Developing Customers
-0.5084060742096377,-1.3446892887686464,0,Loyal Established Customers
-1.072356718740402,-0.041191673768762364,1,Newer / Developing Customers
0.8488623896275086,-0.7237178045677033,0,Loyal Established Customers
1.5658045401237244,-1.4128181033653777,0,Loyal Established Customers
-0.3623764252008916,0.5798990002970152,1,Newer / Developing Customers
0.7583196085291709,-0.9520575639623893,0,Loyal Established Customers
-1.1921134610042343,0.39483499115388504,1,Newer / Developing Customers
0.21957797755834918,-0.37536898166483584,0,Loyal Established Customers
-0.10620775659792497,-0.76861341862251,0,Loyal Established Customers
-0.4516663819449256,-1.4537415700755818,0,Loyal Established Customers
0.813895369466516,-0.4426779315686535,0,Loyal Established Customers
0.18935947974552392,0.000492640053862993,1,Newer / Developing Customers
-1.113234698669865,-0.7288667066061886,1,Newer / Developing Customers
-1.9272383767866383,0.4061967299757701,1,Newer / Developing Customers
2.758673035437735,0.632824727888274,2,Senior High-Risk Customers
-0.5010241364836181,-1.5222656881072547,0,Loyal Established Customers
-0.0789954186007863,0.4574337149867412,1,Newer / Developing Customers
0.526517018970948,-1.0265904820829843,0,Loyal Established Customers
0.3287292785515483,-0.49562238609524506,0,Loyal Established Customers
-0.7758101820784513,0.6302824012681875,1,Newer / Developing Customers
1.0984403073939881,-1.183575130579599,0,Loyal Established Customers
1.2013088214936576,-0.7791482333910777,0,Loyal Established Customers
-0.1316368202839443,0.5580891237601221,1,Newer / Developing Customers
2.701816592680576,0.5353682689278458,2,Senior High-Risk Customers
-0.7658879986948937,-0.9327384772320516,0,Loyal Established Customers
1.0754540406693893,2.1216850805377088,2,Senior High-Risk Customers
0.25085568118001966,-1.5341391122575962,0,Loyal Established Customers
1.5016452584402478,1.376184665583949,2,Senior High-Risk Customers
1.3779493011758484,-1.40378342005746,0,Loyal Established Customers
-1.5281953542867783,0.006249337973874669,1,Newer / Developing Customers
0.5049097674096763,-1.4682897864450928,0,Loyal Established Customers
0.03267792639691455,-0.24263320070009486,1,Newer / Developing Customers
0.8135230064709981,0.7468557657138792,2,Senior High-Risk Customers
0.8784570307148146,2.1964563962008476,2,Senior High-Risk Customers
1.5973968833126038,-1.4256462885859338,0,Loyal Established Customers
1.4539609952077321,1.9253960711578713,2,Senior High-Risk Customers
1.0176749659597095,-1.5225178959315757,0,Loyal Established Customers
-1.5430383732501256,-0.13356060070082484,1,Newer / Developing Customers
-1.3113378780686524,-0.0037582295361184223,1,Newer / Developing Customers
0.11580928327323659,0.20181969932808466,1,Newer / Developing Customers
1.4271463012679866,-1.1289824508904098,0,Loyal Established Customers
1.5302469472989007,-1.5361375898567082,0,Loyal Established Customers
-0.3057454913908474,0.4884952982673459,1,Newer / Developing Customers
1.0639547776704354,-1.1009000676687655,0,Loyal Established Customers
-1.8110080804879227,0.4406171602554679,1,Newer / Developing Customers
-0.38009439688748564,-1.3182781355271553,0,Loyal Established Customers
-0.7473886504925138,0.1658131441533666,1,Newer / Developing Customers
0.8137342480082204,2.3051210820124357,2,Senior High-Risk Customers
2.647559941839398,1.1902164045478225,2,Senior High-Risk Customers
0.5333516987085221,-0.12451054868294792,0,Loyal Established Customers
1.4776146240757386,-1.3258304263386518,0,Loyal Established Customers
-1.6187331288568165,0.20703038981374916,1,Newer / Developing Customers
-0.26654721771498,-0.520024558441446,0,Loyal Established Customers
0.15615824481514673,2.37339908608989,2,Senior High-Risk Customers
-0.0076048699680097386,-0.09982919627024267,1,Newer / Developing Customers
-1.0118186656823362,0.37620877674588654,1,Newer / Developing Customers
-0.05364177217276356,-0.9670776928211081,0,Loyal Established Customers
-0.27248511141110926,-0.3518812782639193,1,Newer / Developing Customers
0.057909771190739145,-0.1313966766165814,1,Newer / Developing Customers
2.9785166455389445,0.4791296683117894,2,Senior High-Risk Customers
1.4391179762443849,1.7855861324831717,2,Senior High-Risk Customers
-0.607069592450296,-1.3866628337579356,0,Loyal Established Customers
-1.7462271402705825,0.3668588556078034,1,Newer / Developing Customers
1.479712285693148,-1.327446725089008,0,Loyal Established Customers
0.9076157785426523,-0.9784351793592142,0,Loyal Established Customers
0.5529002912333529,-0.8068043111399519,0,Loyal Established Customers
-1.7293704246568034,0.3610037007979275,1,Newer / Developing Customers
-1.4346846555065613,0.4866183407509071,1,Newer / Developing Customers
-1.731991435541957,0.1051701464265131,1,Newer / Developing Customers
-0.0342489451764095,0.41852354648273543,1,Newer / Developing Customers
0.04076441900075292,0.15307363832668505,1,Newer / Developing Customers
-0.48045087578768986,-1.206674545984709,0,Loyal Established Customers
-0.19967349712410232,-0.7869668755536392,0,Loyal Established Customers
-0.6479729303330694,0.6119774088902358,1,Newer / Developing Customers
-0.03284106733773384,0.1583293196988206,1,Newer / Developing Customers
-0.6211229262772476,-0.8301009170455202,0,Loyal Established Customers
2.743989398699361,0.7348724493730109,2,Senior High-Risk Customers
0.5248723280499767,-1.4587954913360588,0,Loyal Established Customers
-0.7318956954619139,-1.108648446082463,0,Loyal Established Customers
0.34290671305965514,-1.032121944420858,0,Loyal Established Customers
1.0493278030198416,-1.2509154795767559,0,Loyal Established Customers
-0.0014623046626510115,-0.6906364313153793,0,Loyal Established Customers
0.771270559506287,-0.48235404322048675,0,Loyal Established Customers
0.9262662492144108,-1.3513151305769973,0,Loyal Established Customers
0.050275968639135,-0.9109988400840993,0,Loyal Established Customers
0.7986101111325101,-0.5370753023527524,0,Loyal Established Customers
0.9625708861559733,-1.090912360116242,0,Loyal Established Customers
-0.20435897041661205,-0.47068854889515915,0,Loyal Established Customers
2.377443694026262,0.5283422793575886,2,Senior High-Risk Customers
0.32893555829351645,-0.39141235842580485,0,Loyal Established Customers
0.2983742256156615,-0.3312154822079231,0,Loyal Established Customers
1.1820145897517587,-1.0086020540894265,0,Loyal Established Customers
0.24687626451846528,-0.6298707090518203,0,Loyal Established Customers
-0.0839203708453174,0.09900643169624265,1,Newer / Developing Customers
-0.7243309761514718,0.5790656292941406,1,Newer / Developing Customers
1.033336336942233,-1.4205355938687378,0,Loyal Established Customers
-0.48194167337000904,0.3955161501009073,1,Newer / Developing Customers
1.400041656147922,1.5417056307749335,2,Senior High-Risk Customers
-0.7870501776729661,-0.37145488832833445,1,Newer / Developing Customers
0.5775083478700013,2.5093874420182387,2,Senior High-Risk Customers
1.468044836375228,-1.559151904006734,0,Loyal Established Customers
-0.5294413923850917,0.620326113284089,1,Newer / Developing Customers
-0.02306657586960369,-1.0535962644352512,0,Loyal Established Customers
-0.5915331554014958,-0.11101964452030319,1,Newer / Developing Customers
-0.012908344087975643,-0.8215752547494781,0,Loyal Established Customers
-0.07173127933458463,2.5552350305417204,2,Senior High-Risk Customers
0.32488973258361853,-0.5531626603154808,0,Loyal Established Customers
0.7784790898072402,-0.8980790123658986,0,Loyal Established Customers
0.37325833544159087,-0.07619257007114655,0,Loyal Established Customers
-1.2936674213364046,-0.4735606987347534,1,Newer / Developing Customers
-0.039979079885801724,2.5190426399833132,2,Senior High-Risk Customers
2.511475162399419,1.0690173925970634,2,Senior High-Risk Customers
1.6755056839516898,-1.3905464967511267,0,Loyal Established Customers
0.49924732032017727,-0.6277128501933591,0,Loyal Established Customers
0.9003637365456105,-0.5204643785662839,0,Loyal Established Customers
0.7385697063807185,-0.876355531462236,0,Loyal Established Customers
0.17713363192365728,1.8033957007105437,2,Senior High-Risk Customers
1.2379692077807825,-1.3879065130065782,0,Loyal Established Customers
-0.30636555055067427,0.12267268007185059,1,Newer / Developing Customers
-0.6887015556423257,-1.1019958187132413,0,Loyal Established Customers
-1.8524326645730245,0.48467130544509285,1,Newer / Developing Customers
1.6351154961985181,-1.394525461406654,0,Loyal Established Customers
-1.1933924899582635,0.3086976697296877,1,Newer / Developing Customers
-0.34216426182014537,0.2211820243879883,1,Newer / Developing Customers
-0.7800859290995659,0.10658532210912211,1,Newer / Developing Customers
-0.7454651743575539,0.6302169818462886,1,Newer / Developing Customers
-0.19971914148893238,-1.024915165752136,0,Loyal Established Customers
0.525840485297912,2.3984379049776154,2,Senior High-Risk Customers
1.5824119720961067,1.2669929196411123,2,Senior High-Risk Customers
1.632461249646854,-1.395561708034181,0,Loyal Established Customers
-1.9222042975826712,0.3424137054503105,1,Newer / Developing Customers
-1.1244136821557649,0.6478513034693197,1,Newer / Developing Customers
-0.7184017554487513,0.1271293222872232,1,Newer / Developing Customers
-0.48528141969284977,-0.1424124712001822,1,Newer / Developing Customers
0.6826171466840651,-1.1692528394873047,0,Loyal Established Customers
0.062156998470851293,0.15684390462727066,1,Newer / Developing Customers
-1.235772947940597,0.45311797290989597,1,Newer / Developing Customers
-0.16161779034883544,1.9185445195708077,2,Senior High-Risk Customers
-0.26143772125301645,-0.4859987175416885,0,Loyal Established Customers
-1.1575497695795245,-0.4863002289213579,1,Newer / Developing Customers
1.59252266036854,-1.3852274693983253,0,Loyal Established Customers
-0.5568144104924141,0.55295171959845,1,Newer / Developing Customers
-1.1830016057954156,-0.39207751180371847,1,Newer / Developing Customers
-1.8806431583745078,0.5098142780920625,1,Newer / Developing Customers
-0.6939950468905697,0.46934845512756573,1,Newer / Developing Customers
-0.24213143069680293,-0.06815367085642784,1,Newer / Developing Customers
-0.5905272340775224,-1.4194437296752247,0,Loyal Established Customers
1.8082380344338658,1.5296346979020168,2,Senior High-Risk Customers
1.2362792274755559,-1.1555899072326064,0,Loyal Established Customers
0.08145461603365578,0.29089592448314094,1,Newer / Developing Customers
-1.6327575151567841,-0.020533169035503833,1,Newer / Developing Customers
-0.03538666096489117,0.0003046307526233735,1,Newer / Developing Customers
0.09139349625505955,-0.2500511882569337,0,Loyal Established Customers
1.2051058225204927,-0.9533553667334224,0,Loyal Established Customers
-1.847990810898672,0.514589416286758,1,Newer / Developing Customers
-1.0998945632259742,0.4171798401708601,1,Newer / Developing Customers
-1.0351697221870095,-0.3636866125829477,1,Newer / Developing Customers
2.44616450673911,0.9019881737231992,2,Senior High-Risk Customers
-0.8804011433336631,0.4179693799062877,1,Newer / Developing Customers
-0.5508758306854946,0.16074118377351618,1,Newer / Developing Customers
1.117812077016397,1.7727205629447258,2,Senior High-Risk Customers
-0.13438869365306969,0.29585440714448447,1,Newer / Developing Customers
-0.2924075732990502,-0.715782466174348,0,Loyal Established Customers
-1.5125276045543745,0.08921793997645974,1,Newer / Developing Customers
-0.9188021846544421,-0.34187872011927967,1,Newer / Developing Customers
0.6971268723059929,2.537108959664097,2,Senior High-Risk Customers
-1.1517491171172467,-0.6418309712828547,1,Newer / Developing Customers
-0.2635337747376871,0.04249156374571761,1,Newer / Developing Customers
1.0827682050856846,-0.8971486925296067,0,Loyal Established Customers
2.6229408554335714,0.712874960535601,2,Senior High-Risk Customers
-1.3398935555507343,0.6049901536573239,1,Newer / Developing Customers
1.1037994065963974,-1.517760560697902,0,Loyal Established Customers
-1.8821560423759087,0.6554578932652793,1,Newer / Developing Customers
-0.17443302406991426,0.6329971527538202,1,Newer / Developing Customers
0.13644456234965643,-0.14762011475079523,1,Newer / Developing Customers
-1.7512897392155518,0.19518538221804949,1,Newer / Developing Customers
1.4710848477843408,2.187322779986288,2,Senior High-Risk Customers
-1.437698098483854,-0.07589778143625656,1,Newer / Developing Customers
